/*
 Navicat Premium Data Transfer

 Source Server         : yyjblog
 Source Server Type    : MySQL
 Source Server Version : 80025
 Source Host           : localhost:3306
 Source Schema         : DoggyPets

 Target Server Type    : MySQL
 Target Server Version : 80025
 File Encoding         : 65001

 Date: 22/01/2023 22:34:45
*/

SET NAMES utf8mb4;
SET FOREIGN_KEY_CHECKS = 0;

-- ----------------------------
-- Table structure for category
-- ----------------------------
DROP TABLE IF EXISTS `category`;
CREATE TABLE `category` (
  `id` int NOT NULL AUTO_INCREMENT,
  `title` varchar(255) CHARACTER SET utf8mb4 COLLATE utf8mb4_unicode_ci NOT NULL COMMENT '菜单大类名称',
  `description` varchar(255) CHARACTER SET utf8mb4 COLLATE utf8mb4_unicode_ci DEFAULT NULL,
  `create_time` timestamp NULL DEFAULT CURRENT_TIMESTAMP,
  `img_url` longtext CHARACTER SET utf8 COLLATE utf8_general_ci,
  `order_id` int DEFAULT NULL COMMENT '顺序',
  `flag` int NOT NULL DEFAULT '0' COMMENT '0下架 1 上架',
  `modify_time` timestamp NULL DEFAULT CURRENT_TIMESTAMP ON UPDATE CURRENT_TIMESTAMP,
  PRIMARY KEY (`id`) USING BTREE
) ENGINE=InnoDB AUTO_INCREMENT=21 DEFAULT CHARSET=utf8mb3;

-- ----------------------------
-- Records of category
-- ----------------------------
BEGIN;
INSERT INTO `category` (`id`, `title`, `description`, `create_time`, `img_url`, `order_id`, `flag`, `modify_time`) VALUES (19, '&#x1f384;圣诞系列', '圣诞&#x1f618;', '2022-12-06 13:09:35', 'https://gd1.alicdn.com/imgextra/i2/424479873/O1CN01NGehAd2Mnt5FdU6rI_!!424479873.jpg', 1, 1, '2022-12-06 13:49:25');
INSERT INTO `category` (`id`, `title`, `description`, `create_time`, `img_url`, `order_id`, `flag`, `modify_time`) VALUES (20, '&#x2728;新年系列', '&#x1f4dd;dskl&#x1f9f0;sac', '2022-12-06 13:10:29', 'https://img.alicdn.com/imgextra/i4/736068213/O1CN01NTiSZW2AXbg2rjg9I_!!736068213.jpg', 2, 1, '2022-12-09 19:20:43');
COMMIT;

-- ----------------------------
-- Table structure for comment
-- ----------------------------
DROP TABLE IF EXISTS `comment`;
CREATE TABLE `comment` (
  `comment_id` int NOT NULL AUTO_INCREMENT,
  `good_id` int NOT NULL DEFAULT '-1',
  `content` longtext CHARACTER SET utf8mb4 COLLATE utf8mb4_bin,
  `reply_content` varchar(255) CHARACTER SET utf8mb4 COLLATE utf8mb4_bin DEFAULT NULL,
  `customer_id` int NOT NULL DEFAULT '-1',
  `rate` double NOT NULL DEFAULT '5',
  `order_detail_id` int NOT NULL DEFAULT '-1',
  `modified_time` timestamp NULL DEFAULT CURRENT_TIMESTAMP ON UPDATE CURRENT_TIMESTAMP,
  `create_time` timestamp NOT NULL DEFAULT CURRENT_TIMESTAMP,
  `status` int DEFAULT '0' COMMENT '0 还没有回复 1 已经回复了',
  PRIMARY KEY (`comment_id`) USING BTREE
) ENGINE=InnoDB AUTO_INCREMENT=20 DEFAULT CHARSET=utf8mb4 COLLATE=utf8mb4_bin;

-- ----------------------------
-- Records of comment
-- ----------------------------
BEGIN;
INSERT INTO `comment` (`comment_id`, `good_id`, `content`, `reply_content`, `customer_id`, `rate`, `order_detail_id`, `modified_time`, `create_time`, `status`) VALUES (18, 44, 'niasdhuas😘', NULL, 12, 5, 39, '2022-12-15 16:36:07', '2022-12-15 16:36:07', 0);
INSERT INTO `comment` (`comment_id`, `good_id`, `content`, `reply_content`, `customer_id`, `rate`, `order_detail_id`, `modified_time`, `create_time`, `status`) VALUES (19, 42, '🥺👍', NULL, 12, 5, 38, '2022-12-15 16:39:59', '2022-12-15 16:39:59', 0);
COMMIT;

-- ----------------------------
-- Table structure for coupon
-- ----------------------------
DROP TABLE IF EXISTS `coupon`;
CREATE TABLE `coupon` (
  `coupon_id` int NOT NULL AUTO_INCREMENT COMMENT '主键',
  `customer_id` int NOT NULL COMMENT '用户ID',
  `batch_id` int NOT NULL COMMENT '批次ID',
  `status` int NOT NULL DEFAULT '0' COMMENT '0-未使用,1-已使用,2-已过期,3-冻结',
  `order_id` varchar(255) CHARACTER SET utf8 COLLATE utf8_general_ci DEFAULT NULL COMMENT '对应订单ID,优惠卷未使用之前,对应订单ID为NULL',
  `received_time` timestamp NOT NULL DEFAULT CURRENT_TIMESTAMP COMMENT '领取时间',
  `used_time` timestamp NULL DEFAULT NULL COMMENT '使用时间',
  `modified_time` timestamp NOT NULL DEFAULT CURRENT_TIMESTAMP ON UPDATE CURRENT_TIMESTAMP,
  PRIMARY KEY (`coupon_id`) USING BTREE,
  KEY `coupon_userId_index` (`customer_id`) USING BTREE,
  KEY `coupon_batchId_index` (`batch_id`) USING BTREE
) ENGINE=InnoDB AUTO_INCREMENT=15 DEFAULT CHARSET=utf8mb3;

-- ----------------------------
-- Records of coupon
-- ----------------------------
BEGIN;
INSERT INTO `coupon` (`coupon_id`, `customer_id`, `batch_id`, `status`, `order_id`, `received_time`, `used_time`, `modified_time`) VALUES (9, 12, 7, 1, '1671150034000', '2022-12-12 06:29:47', '2022-12-16 00:20:38', '2022-12-16 00:20:38');
INSERT INTO `coupon` (`coupon_id`, `customer_id`, `batch_id`, `status`, `order_id`, `received_time`, `used_time`, `modified_time`) VALUES (10, 12, 8, 0, NULL, '2022-12-12 06:29:48', NULL, '2022-12-14 14:07:48');
INSERT INTO `coupon` (`coupon_id`, `customer_id`, `batch_id`, `status`, `order_id`, `received_time`, `used_time`, `modified_time`) VALUES (11, 12, 9, 0, NULL, '2022-12-12 06:29:49', NULL, '2022-12-14 14:07:48');
INSERT INTO `coupon` (`coupon_id`, `customer_id`, `batch_id`, `status`, `order_id`, `received_time`, `used_time`, `modified_time`) VALUES (12, 12, 10, 0, NULL, '2022-12-12 06:29:51', NULL, '2022-12-14 14:07:48');
INSERT INTO `coupon` (`coupon_id`, `customer_id`, `batch_id`, `status`, `order_id`, `received_time`, `used_time`, `modified_time`) VALUES (13, 12, 11, 0, NULL, '2022-12-12 06:29:52', NULL, '2022-12-14 14:07:48');
INSERT INTO `coupon` (`coupon_id`, `customer_id`, `batch_id`, `status`, `order_id`, `received_time`, `used_time`, `modified_time`) VALUES (14, 12, 12, 0, NULL, '2022-12-12 06:29:53', NULL, '2022-12-14 14:07:48');
COMMIT;

-- ----------------------------
-- Table structure for coupon_batch
-- ----------------------------
DROP TABLE IF EXISTS `coupon_batch`;
CREATE TABLE `coupon_batch` (
  `batch_id` int NOT NULL AUTO_INCREMENT COMMENT '批次ID',
  `batch_name` varchar(50) CHARACTER SET utf8 COLLATE utf8_general_ci NOT NULL COMMENT '批次名称',
  `coupon_name` varchar(50) CHARACTER SET utf8 COLLATE utf8_general_ci NOT NULL COMMENT '劵名称',
  `rule_id` int NOT NULL COMMENT '规则,外键',
  `total_count` int NOT NULL COMMENT '总数量',
  `assign_count` int NOT NULL DEFAULT '0' COMMENT '已发放劵数量',
  `used_count` int NOT NULL DEFAULT '0' COMMENT '已使用劵数量',
  `create_time` timestamp NOT NULL DEFAULT CURRENT_TIMESTAMP,
  `modified_time` timestamp NOT NULL DEFAULT CURRENT_TIMESTAMP ON UPDATE CURRENT_TIMESTAMP,
  PRIMARY KEY (`batch_id`) USING BTREE,
  KEY `batch_id_index` (`batch_id`) USING BTREE
) ENGINE=InnoDB AUTO_INCREMENT=13 DEFAULT CHARSET=utf8mb3;

-- ----------------------------
-- Records of coupon_batch
-- ----------------------------
BEGIN;
INSERT INTO `coupon_batch` (`batch_id`, `batch_name`, `coupon_name`, `rule_id`, `total_count`, `assign_count`, `used_count`, `create_time`, `modified_time`) VALUES (7, '001', '新人9折全场折扣', 13, 10, 1, 1, '2022-12-12 06:25:41', '2022-12-16 00:20:38');
INSERT INTO `coupon_batch` (`batch_id`, `batch_name`, `coupon_name`, `rule_id`, `total_count`, `assign_count`, `used_count`, `create_time`, `modified_time`) VALUES (8, '002', '无规则立减10元', 14, 10, 1, 0, '2022-12-12 06:26:22', '2022-12-12 06:29:48');
INSERT INTO `coupon_batch` (`batch_id`, `batch_name`, `coupon_name`, `rule_id`, `total_count`, `assign_count`, `used_count`, `create_time`, `modified_time`) VALUES (9, '003', '满50减5', 15, 3, 1, 0, '2022-12-12 06:26:51', '2022-12-12 06:29:49');
INSERT INTO `coupon_batch` (`batch_id`, `batch_name`, `coupon_name`, `rule_id`, `total_count`, `assign_count`, `used_count`, `create_time`, `modified_time`) VALUES (10, '004', '指定商品立减10元', 18, 5, 1, 0, '2022-12-12 06:27:29', '2022-12-12 06:29:51');
INSERT INTO `coupon_batch` (`batch_id`, `batch_name`, `coupon_name`, `rule_id`, `total_count`, `assign_count`, `used_count`, `create_time`, `modified_time`) VALUES (11, '005', '指定商品满减券', 20, 5, 1, 0, '2022-12-12 06:28:00', '2022-12-12 06:29:52');
INSERT INTO `coupon_batch` (`batch_id`, `batch_name`, `coupon_name`, `rule_id`, `total_count`, `assign_count`, `used_count`, `create_time`, `modified_time`) VALUES (12, '006', '指定商品九折', 19, 5, 1, 0, '2022-12-12 06:29:10', '2022-12-12 06:29:53');
COMMIT;

-- ----------------------------
-- Table structure for customer
-- ----------------------------
DROP TABLE IF EXISTS `customer`;
CREATE TABLE `customer` (
  `id` int unsigned NOT NULL AUTO_INCREMENT,
  `uuid` varchar(50) CHARACTER SET utf8 COLLATE utf8_bin DEFAULT NULL,
  `openid` varchar(50) CHARACTER SET utf8 COLLATE utf8_bin NOT NULL,
  `username` varchar(30) CHARACTER SET utf8mb4 COLLATE utf8mb4_bin DEFAULT '微信用户',
  `phone` varchar(30) CHARACTER SET utf8mb4 COLLATE utf8mb4_bin DEFAULT NULL,
  `gender` enum('0','1','2') CHARACTER SET utf8 COLLATE utf8_bin DEFAULT '0' COMMENT '0 女 1 男 2 生理女心里男',
  `login_time` timestamp NULL DEFAULT CURRENT_TIMESTAMP ON UPDATE CURRENT_TIMESTAMP,
  `create_time` timestamp NULL DEFAULT CURRENT_TIMESTAMP,
  `Token` varchar(300) CHARACTER SET utf8 COLLATE utf8_bin DEFAULT NULL,
  `avatarUrl` longtext CHARACTER SET utf8 COLLATE utf8_bin,
  `points` int DEFAULT '0',
  PRIMARY KEY (`id`,`openid`) USING BTREE
) ENGINE=InnoDB AUTO_INCREMENT=14 DEFAULT CHARSET=utf8mb4 COLLATE=utf8mb4_bin;

-- ----------------------------
-- Records of customer
-- ----------------------------
BEGIN;
INSERT INTO `customer` (`id`, `uuid`, `openid`, `username`, `phone`, `gender`, `login_time`, `create_time`, `Token`, `avatarUrl`, `points`) VALUES (13, '22121610763943', 'oJWwK5Iz-V8Spk7N5d9q1RDJyt14', '微信用户', NULL, '0', '2022-12-16 15:22:55', '2022-12-16 15:17:24', 'eyJhbGciOiJIUzUxMiJ9.eyJzdWIiOiLlvq7kv6HnlKjmiLciLCJPUEVOSUQiOiJvSld3SzVJei1WOFNwazdONWQ5cTFSREp5dDE0IiwiY3JlYXRlZCI6MTY3MTIwNDE3NTE3NiwiVVVJRCI6IjIyMTIxNjEwNzYzOTQzIiwiZXhwIjoxNjcxNDYzMzc1LCJqdGkiOjEzfQ.n1XhIEhA8eMgF08UYhek1ql_l7APUD-MtN9FiEsOZNYUIjQBjnBJP45u_jecj3ICBHMmtkB1q3F_IX7toxkRfQ', 'data:image/png;base64,/9j/4AAQSkZJRgABAQAAAQABAAD/4gJASUNDX1BST0ZJTEUAAQEAAAIwAAAAAAIQAABtbnRyUkdCIFhZWiAAAAAAAAAAAAAAAABhY3NwAAAAAAAAAAAAAAAAAAAAAAAAAAAAAAAAAAAAAQAA9tYAAQAAAADTLQAAAAAAAAAAAAAAAAAAAAAAAAAAAAAAAAAAAAAAAAAAAAAAAAAAAAAAAAAAAAAAAAAAAAlkZXNjAAAA8AAAAHRyWFlaAAABZAAAABRnWFlaAAABeAAAABRiWFlaAAABjAAAABRyVFJDAAABoAAAAChnVFJDAAABoAAAAChiVFJDAAABoAAAACh3dHB0AAAByAAAABRjcHJ0AAAB3AAAAFRtbHVjAAAAAAAAAAEAAAAMZW5VUwAAAFgAAAAcAHMAUgBHAEIAAAAAAAAAAAAAAAAAAAAAAAAAAAAAAAAAAAAAAAAAAAAAAAAAAAAAAAAAAAAAAAAAAAAAAAAAAAAAAAAAAAAAAAAAAAAAAAAAAAAAAAAAAFhZWiAAAAAAAABvogAAOPUAAAOQWFlaIAAAAAAAAGKZAAC3hQAAGNpYWVogAAAAAAAAJKAAAA+EAAC2z3BhcmEAAAAAAAQAAAACZmYAAPKnAAANWQAAE9AAAApbAAAAAAAAAABYWVogAAAAAAAA9tYAAQAAAADTLW1sdWMAAAAAAAAAAQAAAAxlblVTAAAAOAAAABwARwBvAG8AZwBsAGUAIABJAG4AYwAuACAAMgAwADEANgAAAAAAAAAAAAAAAAAAAAAAAAAAAAAAAP/bAEMACgcHCAcGCggICAsKCgsOGBAODQ0OHRUWERgjHyUkIh8iISYrNy8mKTQpISIwQTE0OTs+Pj4lLkRJQzxINz0+O//bAEMBCgsLDg0OHBAQHDsoIig7Ozs7Ozs7Ozs7Ozs7Ozs7Ozs7Ozs7Ozs7Ozs7Ozs7Ozs7Ozs7Ozs7Ozs7Ozs7Ozs7O//AABEIAIQAhAMBIgACEQEDEQH/xAAbAAABBQEBAAAAAAAAAAAAAAAGAAIDBAUHAf/EAEEQAAIBAwIDBQYCBgcJAAAAAAECAwAEEQUhEjFBBhNRYXEUIjKBkaEjsRUzQlLR4QcWJHKiwfA0NUSCg5KTsvH/xAAZAQADAQEBAAAAAAAAAAAAAAABAgMABAX/xAAiEQACAgIDAAMAAwAAAAAAAAAAAQIRAxIEITETIkEyUXH/2gAMAwEAAhEDEQA/AJu3q/2qc+MKH/CP4UB5zGw866D28X8Zj+9bA/b+Vc8B90jyqmPwll9KErgN1pneeRp8k0XGQ2Mg4pvtEA8PpTiJDpCMKQp+ECouM9FJ+dSe1xYxkYHTFee1Q+X08KwT1SWibKgegxWf1q613FwkDn5CqXWgMhUq8zSrDHtTwwyNhwh4QeeKgrVtJ7cafwzZbusngG2STtWYB+JFjDAMqkleLpnHKofaB3YAB487kttT21WM2phWBlHFxDD8j9KgW8yASGz5CsmTaLthcwJMzXQYqI3CgdWIIX74PyrZ7Lx29/2jt4rtUeFo5ch+XwMR96HBdnGcNt50vbc7FT9aDGTo6FpltC9hEzQPCxRcqtvGQTwjJyYid/U0qAVvBj4aVLQ2x0/txLHKYzG6uGtTupz1YVzkGi/UjxWduPGFh/iag5RRgqBkduzIuNrmT+8aiqa7H9pk9fCod6eqCqo8pUqVAIqVSBV7oscg1HQswhTlxnc00V7Wsw/hHQU7jfu+6DEITkr4mnqYuEEkU0lMnBoWY8C+dOSNnkEaAszHAA60sLjZq19FtcE3LDc7J/maKFfRYttJgt0/G/EkI3HQUptMtXH6ng81OKuKjKzlmyCdtuVNlDF0KtgA7jxp6J2YVxatbzmJk4cYI35gjIP0pVs3NkLxkkaQDhXhGW6ZNKkHCK/RvYLVyMBg6g+OD/OgtTvija6kLaRaqf2ZpcfRKCsYmYeBNaJpmZeMVvJAPL8qgMjY5VoPYXOoap7PaQPNNIBwxxqWY7Z2A9Ko3NvLbSNFMjI6nDKwwQfSsxkRZLHnvVtVCrsN6pU9ZWUeFCxqJpnHAV6moK8LEnJr3NYFDhTsUzNO46JhhG9OPL514dzUgUcGW60DGxpyr+j0nQAlSQwPj/rFXdNkzHjNYmn3vspeNlLxSbFRzB8RXRdL7Fw/ouOSaSWO5kHERkYXPQijskI4tvowzypqIZZFQdTjPhRFJ2RlA/DvFP8Aejx/nVC67K6uIZFt5bXLqVyWYEA8+njRc1QNJAkdZcySEOirxngHANl6Uq0D2E1ldu6hbzEopVOxtWEd1/uyIeEz/wDqn8KEJhi5lGOTn86MbgA6bt0m/Nf5V7pGgJJBJcvErSzStwF0DALyGAepOftWc1H0dQlLxD+x+nLpbRa+pJuiuEBxhARjkeeR+dAva7VLjWe0d7eXJQyNIV9z4QBsMfWukTaTqNrZyWwnjzKCISOhGR47D5dK5XJAckkHOd8UydkVCcZNt9GeQa8wauGA9RTTB5UdSm5XUc/Sn90SxVQScDapDERVyxj4VluXHwKSPXkKV9DrszWjZMZ60kRmBIB251NOFyik/s5zjfJqSwCd8UPJwVrJ9GrsgeMpKY+o338OVeKTjFXLhO9tUlx78R4H9OlR2VnNfXUdtbpxSStwqKyYGwk7CaF+kdR9unTNvakEAjZ36D5c/pXTi21UdJ06LSNMhsoeUa+82PibqfrVsmkbsZKh/GcU0mmFq8zQGHZFKmZpVgGRp9j+kYGg71I/xUPE3L4Wo6tLQRRCNoVQNsABkY/+UGWltJawt3mPeYZ4GDcuXL1NaVvq1xYEC2n40/ccZH06fKvH5fISzVLxHq8fjylhuHrHdoYPYorqfTiplEeeFhnh8x8q5S8KluVdTjn9sttQuJtnlwvCeQGD/E0E3PZnUIELARS4HJH3++K7ePkv/Dn5WLWl+g+YEHSmGBPCrUiOjlXUqw2IPSoznxrs2ZxaFGaJRyp0w7q2hgGxkPG3oOVTd2ZJlQdTVe5k7y8dx8KjC+goN2gpUig65c5OcbZpRExSK46GnYp8FrcXcoit4ZJpDyVFLH7U/wCCFnIF9JE20c6/n1+tGvYPs+9tG2o3Ef40mViH7q9T8/y9ax9O7K3d1d2wuozFGo/F4tjwjfA8+lG+q3moaQsUdpbqsLIPf4Sd/wB3yxU7cvrH0qo13LwvXBeFSeDJ6AczWFf9obqznETaecncBmwfyoq0yS8l0lbuWz7t22DEbffcCqJ7PC7llnunLSE71xPLkhKpnasGOcfqZtrr1hcQ8bzJA42KSMAR6eFW4by2uc+zzxy8PPgYHFCWt6b7PdyGPaNTgefjWbbTy6VqccuCCje8P3h1+1duJrJG0cGWLxypnQ80qYkiyIrocqwBB8qVEUk0rs3p2nIUaEXV5j3wzHgj8evTHP6VpJo1mxUlmOcDCLgDNUCzqWbjYMxzkHnWto95HIPZZcK7bq/j5VxZIRyfyR60bxR+rJodLtbKFxHxPxncuay9QsY5wdiHwSrL49AfI0QA78DfOqs8IVcAZOdvOqwxqK7OOeSU3bOSdoYTDeBz+0MfMVjs4rofars6J7f2mJCWhYcQXGXH7XzxmhhrDTbe1S4miumST4emfyp3JRo5ZbW6RghzHFJL+1jhX1P8qz8nDeIrb1FreVUW1t2iVSSSxyT/AKxVePRr+e3NzDaTPCDgyLGSv1qkHasVSbRkd2SaPOz+mXttZ2rWilbaaMSXDrs0jHO2eYA22q9pP9HthcadZ31xfTxGVA8kbIBjxGenrRc2mmC3JtpFktwPcVBnb1zU80pVUS+GKu2V9E03jQPP75TfLYyTWnLewRSd0jL3nry+tVuzt6LuzZjhX4iHAHwnlird3py3fxHDj4XXmK4LZ6sNbqXhn6vZT6rp0kMTsnA4kQO+zHcc/oaytDtNV09ZRMki2y9G5c8HHyOflRWSsFuEdxx43xWXNcRRl2Vd2XDAD4qr89Y3jaJ/CnkU0wf123Egk4RsEOPNiNh+X1oT7Rx91fxxjmsaqfUA0drbNJwu7Fst7uR06HH+tqGtV09pdSgJBZXKlWP7Z3JP0ocaesqF5WJuFmxp4aPTrdGzxLGoP0pVMMAY8aVd9nmArNqN3dLw/pKVCOhHD+WKZYy3tjfxXIbvgp94B88Q6jehxb64U4Vyw5cLDi/OtKze/nyBp8gxzZSUH+LaqaUI8jl6jq1r2i0zv7e09pUvOcJkEAHoDnkT0rdZRKvnXGre8u45CoSZSp3Dxkffl96MOz3bLgZbXVGKqw/Dmbp5E+HnU5RopGa8YVtaJcXIUg93GN/M149lbz444I3jiUgKyggdOdTJOjKGibi4hzztU0fCIwnU70o5SGj2DLbYsoOFMlB3Y90+XhVkwxRLwqiqoGAoXAxUrHEYA3IO23SopGPC8nCZCqlgg5tgbCiLQ1yrc1BGMVWihWCRnto+5L7ttsflXPm/pG1g3ZC21sUDfqypz9c86IrHtzZ3CJ38LREj3sHOaZxYqmrN23sYbaaWaMMGmbicDYZ8cVbyeeSKo2+s6fdYaG6iJ/dY4P3q4JVkgLAjiHPyqXxx/ov8kvxkUsYlbJQN614l6sUhiCqGHIYG9Vn1i2gtwhcF2J2z5mqUeo27XHeGQFznAB8ds1PJDSOyRbA1kk4yZfeAzM7lSMjhB9eZoY7TW7pcW0lo7KyvwKvQjB/lRNFNlMq+R4UKdqdW9ku7c9zmKNSgcHk5xkfT/OubEm59Hbnko43ZbxSocHaqADBSQnyNKvS0Z4e6AqbLATcOA/50xTgg45Vu6tbDu9lAA2AHSsIc8da6I9og+ma1vqMjR8JJ2FQvPIZuIEqfHNQQHhYg1JwlpR4E43oNGXhp2naS907h7i6cAncKxHzwRiuk9lNQ1fWLIXVyqJbnZXZCrv6DljzoFsOy0mqX2n2yQ7SSFpnA2SMYz9c4FdhhhS3iSJECRxqFRQNgByFQlSOmKf6RFDnh94+fjTFSVH2YjfBHhVvGRxKcgbA/maaAu5x73n0pCgP6l2Z0TVXeW6tF787s6ZR/U45+podvf6O7UOxs9QmgboJF4x9Rg0d3CgpxtlcdfA0Fdou29vpU0lpGhnulHMH3VJHXxPl96omxJKPrAfUYdT0W/wDY2mSeTb9SS3PkOWc1NB2q1PTn4JTNE3VTkfYVX0/WEXUO/u1aWRj7rk/CTzJHXOKvX7vcAM4DrgADpiqqFnO569skj7TQXD8cq+9kn4iNz16imXer94EKCVODk6kHHzFYF3apE3EVIAO/DzxTTCyAPbXPEPAjBouNdMKn3aDnSdfneDhWTvOnEiFj9ByFVNeCroMkjljLcXPfcLHdMgADHjgE486D/a5UcGaPJHJhsR8xVqW9W/iSNrgqVOQH5Z9ahHCoy2R0z5Epw1ZBxUqd7NMOSFh4ruDSros46N27PfZDgb+FZ4023D957xPPnSpUIhY32OJW4hxZ9akjCRTJIYkk7s5CyDKk+Y60qVE0fQl0/tfqlu7913Cd4cnEQrU/rfrDjeaP/wAYpUqhI6LR43azV1G00Y/6S0z+tmssv+0oM+ES/wAKVKgYhl7S6uy73fl+rT+FDc9hbTzPLLGXeRizMWO5PM86VKnQkvCL9G2YO0AH/Mf41ZVQsYUDYcvKlSqiJDGt4mHvID60z2K1GCIFBNKlQZj02ds3xQIfUUlsLMf8LF/2ClSoBRKtrbqMCCMDyUUqVKsE/9k=', 0);
COMMIT;

-- ----------------------------
-- Table structure for customer_address
-- ----------------------------
DROP TABLE IF EXISTS `customer_address`;
CREATE TABLE `customer_address` (
  `customer_addr_id` int unsigned NOT NULL AUTO_INCREMENT COMMENT '自增主键ID',
  `customer_id` int unsigned NOT NULL COMMENT 'customer_login表的自增ID',
  `zip` int DEFAULT NULL COMMENT '邮编',
  `province` varchar(255) CHARACTER SET utf8mb4 COLLATE utf8mb4_bin NOT NULL COMMENT '地区表中省份的ID',
  `city` varchar(255) CHARACTER SET utf8mb4 COLLATE utf8mb4_bin NOT NULL COMMENT '地区表中城市的ID',
  `district` varchar(255) CHARACTER SET utf8mb4 COLLATE utf8mb4_bin NOT NULL COMMENT '地区表中的区ID',
  `address` varchar(200) CHARACTER SET utf8mb4 COLLATE utf8mb4_bin NOT NULL COMMENT '具体的地址门牌号',
  `is_default` tinyint NOT NULL DEFAULT '1' COMMENT '是否默认',
  `modified_time` timestamp NOT NULL DEFAULT CURRENT_TIMESTAMP ON UPDATE CURRENT_TIMESTAMP COMMENT '最后修改时间',
  `username` varchar(255) CHARACTER SET utf8mb4 COLLATE utf8mb4_bin NOT NULL,
  `phone` varchar(255) CHARACTER SET utf8mb4 COLLATE utf8mb4_bin NOT NULL,
  PRIMARY KEY (`customer_addr_id`) USING BTREE
) ENGINE=InnoDB AUTO_INCREMENT=22 DEFAULT CHARSET=utf8mb4 COLLATE=utf8mb4_bin COMMENT='用户地址表';

-- ----------------------------
-- Records of customer_address
-- ----------------------------
BEGIN;
INSERT INTO `customer_address` (`customer_addr_id`, `customer_id`, `zip`, `province`, `city`, `district`, `address`, `is_default`, `modified_time`, `username`, `phone`) VALUES (21, 12, NULL, '河北省', '石家庄市', '长安区', 'sdsd', 1, '2022-12-15 23:50:07', 'hello', '12313');
COMMIT;

-- ----------------------------
-- Table structure for goods
-- ----------------------------
DROP TABLE IF EXISTS `goods`;
CREATE TABLE `goods` (
  `id` int NOT NULL AUTO_INCREMENT,
  `title` varchar(30) CHARACTER SET utf8 COLLATE utf8_general_ci DEFAULT NULL COMMENT '产品名称',
  `description` longtext CHARACTER SET utf8mb4 COLLATE utf8mb4_bin COMMENT '简介',
  `label_id` int DEFAULT '0' COMMENT '标签【hot/折】这类的标签',
  `price` decimal(20,2) DEFAULT NULL COMMENT '现价格',
  `original_price` decimal(20,2) DEFAULT NULL COMMENT '原价格',
  `total_number` int DEFAULT NULL COMMENT '总库存',
  `sale_number` int DEFAULT NULL,
  `category_id` int DEFAULT NULL COMMENT '类别',
  `create_time` timestamp NULL DEFAULT CURRENT_TIMESTAMP COMMENT '上新时间',
  `flag` int DEFAULT '0' COMMENT '0 下架 1 上新',
  `modify_time` timestamp NULL DEFAULT CURRENT_TIMESTAMP ON UPDATE CURRENT_TIMESTAMP,
  `img_url` varchar(255) CHARACTER SET utf8 COLLATE utf8_general_ci DEFAULT NULL,
  `specification` longtext CHARACTER SET utf8 COLLATE utf8_general_ci COMMENT '产品参数',
  PRIMARY KEY (`id`) USING BTREE,
  KEY `category_id` (`category_id`) USING BTREE
) ENGINE=InnoDB AUTO_INCREMENT=46 DEFAULT CHARSET=utf8mb3 COLLATE=utf8_bin;

-- ----------------------------
-- Records of goods
-- ----------------------------
BEGIN;
INSERT INTO `goods` (`id`, `title`, `description`, `label_id`, `price`, `original_price`, `total_number`, `sale_number`, `category_id`, `create_time`, `flag`, `modify_time`, `img_url`, `specification`) VALUES (42, '圣诞节猫咪秋冬款围巾狗狗围脖', '<p><img src=\"https://img.alicdn.com/imgextra/i2/704407379/O1CN01fs1wWK24NdMdforfS_!!704407379.jpg\" alt=\"\" data-href=\"\" style=\"\"/></p>', 0, 35.80, 35.80, 0, 2, 19, '2022-12-06 14:14:16', 1, '2022-12-16 00:20:38', 'https://gd3.alicdn.com/imgextra/i3/424479873/O1CN019MGqCZ2Mnt5In2aj4_!!424479873.jpg', '<p><span style=\"color: rgb(89, 89, 89);\">颜色分类: 红白间条 绿红间条</span></p><p><span style=\"color: rgb(89, 89, 89);\">宠物用品款式: 长条围巾</span></p><p><span style=\"color: rgb(89, 89, 89);\">适用对象: 通用</span></p><p><span style=\"color: rgb(89, 89, 89);\">尺码: XS-超小型 S-小型 M-中型 L-大型</span></p>');
INSERT INTO `goods` (`id`, `title`, `description`, `label_id`, `price`, `original_price`, `total_number`, `sale_number`, `category_id`, `create_time`, `flag`, `modify_time`, `img_url`, `specification`) VALUES (43, '猫咪狗狗围脖圣诞帽子', '猫咪围脖圣诞宠物圣诞帽子猫咪圣诞树帽子狗狗口水巾圣诞拍照装饰\n', 0, 19.90, 19.90, 0, 1, 19, '2022-12-06 15:52:35', 1, '2022-12-16 00:20:38', 'https://gd2.alicdn.com/imgextra/i3/87852020/O1CN01Cu5HhB1QnCpdk7kP8_!!87852020.jpg', '<p><span style=\"color: rgb(89, 89, 89);\">颜色分类: 红白间条 绿红间条</span></p><p><span style=\"color: rgb(89, 89, 89);\">宠物用品款式: 长条围巾</span></p><p><span style=\"color: rgb(89, 89, 89);\">适用对象: 通用</span></p><p><span style=\"color: rgb(89, 89, 89);\">尺码: XS-超小型 S-小型 M-中型 L-大型</span></p>');
INSERT INTO `goods` (`id`, `title`, `description`, `label_id`, `price`, `original_price`, `total_number`, `sale_number`, `category_id`, `create_time`, `flag`, `modify_time`, `img_url`, `specification`) VALUES (44, '圣诞帽子手工编织围脖', '原创宠物圣诞帽子手工编织围脖可爱猫咪头饰围巾项圈', 0, 53.50, 53.50, 0, 0, 19, '2022-12-06 18:46:33', 1, '2022-12-13 22:27:32', 'https://gd2.alicdn.com/imgextra/i2/2206966401250/O1CN0135YoFE1L6XiJeNqKB_!!2206966401250.jpg', '<p><span style=\"color: rgb(89, 89, 89);\">颜色分类: 红白间条 绿红间条</span></p><p><span style=\"color: rgb(89, 89, 89);\">宠物用品款式: 长条围巾</span></p><p><span style=\"color: rgb(89, 89, 89);\">适用对象: 通用</span></p><p><span style=\"color: rgb(89, 89, 89);\">尺码: XS-超小型 S-小型 M-中型 L-大型</span></p>');
INSERT INTO `goods` (`id`, `title`, `description`, `label_id`, `price`, `original_price`, `total_number`, `sale_number`, `category_id`, `create_time`, `flag`, `modify_time`, `img_url`, `specification`) VALUES (45, '新年冬装', 'https://img.alicdn.com/imgextra/i4/1036215187/O1CN01JS9Vid1oBhBnvPHbq_!!1036215187.jpg', 0, 39.50, 39.50, 10, 0, 20, '2022-12-10 14:13:20', 1, '2022-12-13 22:27:32', 'https://img.alicdn.com/imgextra/i1/1036215187/O1CN01J5X8v21oBhBnBne9b_!!1036215187.jpg', '<p><span style=\"color: rgb(89, 89, 89);\">颜色分类: 红白间条 绿红间条</span></p><p><span style=\"color: rgb(89, 89, 89);\">宠物用品款式: 长条围巾</span></p><p><span style=\"color: rgb(89, 89, 89);\">适用对象: 通用</span></p><p><span style=\"color: rgb(89, 89, 89);\">尺码: XS-超小型 S-小型 M-中型 L-大型</span></p>');
COMMIT;

-- ----------------------------
-- Table structure for ImageRepo
-- ----------------------------
DROP TABLE IF EXISTS `ImageRepo`;
CREATE TABLE `ImageRepo` (
  `id` int NOT NULL AUTO_INCREMENT,
  `fid` int DEFAULT NULL COMMENT 'father id',
  `img_url` longtext CHARACTER SET utf8mb4 COLLATE utf8mb4_bin,
  `type` varchar(10) CHARACTER SET utf8mb4 COLLATE utf8mb4_bin DEFAULT 'goods',
  `customer_id` int DEFAULT NULL,
  PRIMARY KEY (`id`) USING BTREE
) ENGINE=InnoDB AUTO_INCREMENT=73 DEFAULT CHARSET=utf8mb4 COLLATE=utf8mb4_bin;

-- ----------------------------
-- Records of ImageRepo
-- ----------------------------
BEGIN;
INSERT INTO `ImageRepo` (`id`, `fid`, `img_url`, `type`, `customer_id`) VALUES (38, 43, 'https://gd2.alicdn.com/imgextra/i3/87852020/O1CN01Cu5HhB1QnCpdk7kP8_!!87852020.jpg', 'goods', NULL);
INSERT INTO `ImageRepo` (`id`, `fid`, `img_url`, `type`, `customer_id`) VALUES (39, 43, 'https://gd1.alicdn.com/imgextra/i1/87852020/O1CN01GcvmVF1QnCfwehdr5_!!87852020.jpg', 'goods', NULL);
INSERT INTO `ImageRepo` (`id`, `fid`, `img_url`, `type`, `customer_id`) VALUES (40, 44, 'https://gd2.alicdn.com/imgextra/i2/2206966401250/O1CN0135YoFE1L6XiJeNqKB_!!2206966401250.jpg', 'goods', NULL);
INSERT INTO `ImageRepo` (`id`, `fid`, `img_url`, `type`, `customer_id`) VALUES (41, 44, 'https://gd4.alicdn.com/imgextra/i4/2206966401250/O1CN0155HNbF1L6XiLUOA6n_!!2206966401250.jpg', 'goods', NULL);
INSERT INTO `ImageRepo` (`id`, `fid`, `img_url`, `type`, `customer_id`) VALUES (42, 45, 'https://img.alicdn.com/imgextra/i1/1036215187/O1CN01J5X8v21oBhBnBne9b_!!1036215187.jpg', 'goods', NULL);
INSERT INTO `ImageRepo` (`id`, `fid`, `img_url`, `type`, `customer_id`) VALUES (43, 45, 'https://img.alicdn.com/imgextra/i3/1036215187/O1CN017xOa1U1oBhBkfRZ0u_!!1036215187.jpg', 'goods', NULL);
INSERT INTO `ImageRepo` (`id`, `fid`, `img_url`, `type`, `customer_id`) VALUES (44, 45, 'https://img.alicdn.com/imgextra/i3/1036215187/O1CN01yHLjw31oBhBecMzxv_!!1036215187.jpg', 'goods', NULL);
INSERT INTO `ImageRepo` (`id`, `fid`, `img_url`, `type`, `customer_id`) VALUES (69, 42, 'https://gd3.alicdn.com/imgextra/i3/424479873/O1CN019MGqCZ2Mnt5In2aj4_!!424479873.jpg', 'goods', NULL);
INSERT INTO `ImageRepo` (`id`, `fid`, `img_url`, `type`, `customer_id`) VALUES (70, 42, 'https://gd1.alicdn.com/imgextra/i1/424479873/O1CN015wEAaE2MnsvqvUNY3_!!424479873.jpg', 'goods', NULL);
INSERT INTO `ImageRepo` (`id`, `fid`, `img_url`, `type`, `customer_id`) VALUES (71, 42, 'https://img.alicdn.com/imgextra/i1/424479873/O1CN011MhRG52MnsvpvzXdx_!!424479873.jpg', 'goods', NULL);
INSERT INTO `ImageRepo` (`id`, `fid`, `img_url`, `type`, `customer_id`) VALUES (72, 44, 'data:image/png;base64,/9j/4QAYRXhpZgAASUkqAAgAAAAAAAAAAAAAAP/sABFEdWNreQABAAQAAAAeAAD/4QMfaHR0cDovL25zLmFkb2JlLmNvbS94YXAvMS4wLwA8P3hwYWNrZXQgYmVnaW49Iu+7vyIgaWQ9Ilc1TTBNcENlaGlIenJlU3pOVGN6a2M5ZCI/PiA8eDp4bXBtZXRhIHhtbG5zOng9ImFkb2JlOm5zOm1ldGEvIiB4OnhtcHRrPSJBZG9iZSBYTVAgQ29yZSA1LjYtYzA2NyA3OS4xNTc3NDcsIDIwMTUvMDMvMzAtMjM6NDA6NDIgICAgICAgICI+IDxyZGY6UkRGIHhtbG5zOnJkZj0iaHR0cDovL3d3dy53My5vcmcvMTk5OS8wMi8yMi1yZGYtc3ludGF4LW5zIyI+IDxyZGY6RGVzY3JpcHRpb24gcmRmOmFib3V0PSIiIHhtbG5zOnhtcE1NPSJodHRwOi8vbnMuYWRvYmUuY29tL3hhcC8xLjAvbW0vIiB4bWxuczpzdFJlZj0iaHR0cDovL25zLmFkb2JlLmNvbS94YXAvMS4wL3NUeXBlL1Jlc291cmNlUmVmIyIgeG1sbnM6eG1wPSJodHRwOi8vbnMuYWRvYmUuY29tL3hhcC8xLjAvIiB4bXBNTTpEb2N1bWVudElEPSJ4bXAuZGlkOjBGRkRGRkEyNjNFRTExRTVCNDA3Q0QyM0VFRDVBQzdEIiB4bXBNTTpJbnN0YW5jZUlEPSJ4bXAuaWlkOjBGRkRGRkExNjNFRTExRTVCNDA3Q0QyM0VFRDVBQzdEIiB4bXA6Q3JlYXRvclRvb2w9IkFkb2JlIFBob3Rvc2hvcCBDQyAyMDE1IE1hY2ludG9zaCI+IDx4bXBNTTpEZXJpdmVkRnJvbSBzdFJlZjppbnN0YW5jZUlEPSJGRDgzRDkwQjJDQjUzRTU4MjU5Nzg4MUFFNjdFMzJBQyIgc3RSZWY6ZG9jdW1lbnRJRD0iRkQ4M0Q5MEIyQ0I1M0U1ODI1OTc4ODFBRTY3RTMyQUMiLz4gPC9yZGY6RGVzY3JpcHRpb24+IDwvcmRmOlJERj4gPC94OnhtcG1ldGE+IDw/eHBhY2tldCBlbmQ9InIiPz7/7gAOQWRvYmUAZMAAAAAB/9sAhAAQCwsLDAsQDAwQFw8NDxcbFBAQFBsfFxcXFxcfHhcaGhoaFx4eIyUnJSMeLy8zMy8vQEBAQEBAQEBAQEBAQEBAAREPDxETERUSEhUUERQRFBoUFhYUGiYaGhwaGiYwIx4eHh4jMCsuJycnLis1NTAwNTVAQD9AQEBAQEBAQEBAQED/wAARCAU1B9ADASIAAhEBAxEB/8QAowAAAwEBAQEAAAAAAAAAAAAAAAECAwQFBgEBAQEBAQAAAAAAAAAAAAAAAAECAwQQAAICAQMDAwMCBQIFAwICCwECABEDITESQVEEYSITcTIFgUKRobEjFMFS0WKCMxVykkPhUyTw8TQGosJzVCWTRBYRAQEBAAICAQMDAwMDBAMBAQABESECMUFRYZEScYEDoSIy8LFCwWKCUnKSE9Hh8aIE/9oADAMBAAIRAxEAPwD4ckVBdTvFAGppzMnWECYQCKBMfT1gABJobwKkGobGNgK0OsBVDUfSKFmA66xhb21vpLAUBTRPU9oFqb2jje30hNQUINEUfWMqFNHS9iI+Viq+uskmxxraDlN16x2vaIamozUKGI6RawjgKEYo7wqhcBqxG0TNbXX1lLG3AaVrInsLx6yg5XQdItqFWIjXTYwinZWXkFpv3GYzT3EUNuszMqwoRxQ0IQhAIQhAIQhAICEYBJobwLwtxyhu21zo/wAhWJ7DWz1nPwr9NzA7dpGbJUsSde8SqzGlBJ9IE3O/xr4BMQ97DU/7R/ub/SKW440x5GPELqZvj8Un7jr6Ts8hMeJUxoScraX6dZLsBjJ20pR/rJqXsxynHjX403/c0nKebWuwAJ9AJn7eag7E6mMtavx0W4w1XjZTjcsPufQnsDOk5fk8gBByYbHoAO082zU0x5Mv/bQ8S+hPpFnssd3D5sjAMDx1yN0HpMfIVePJW5Amh+kjJkVmTxfG/wC2NGbq7dTLzZMaqMaEHhp9ZJqZ4YeQbYa7ACZrjY1Q32naPGDlHc79Jo4VPJAQVwW9ekum8MAgHjV/8l2x7CZ4xyYL+sasafj7iZmoNsBqa1MuK0APykDXqIsmXgoUas33n0/2iSMrG1Ue4irHaaDxiQh2vZesfqEnyOzZiNToIBKNjfqZ0HGEJTsJLLxC+usam8sMyneY30m7sNTv2mBGgMqxSr2iKdRHzraSchrUSHKT6xqvLaJtYbbStOjxyUyenWa5mTjy46HrI8QfMfj4sx6hdJ3rh8bHgdPJQh12O5+lTHa5Wfx274eQyDdTY7RACaYxebjRVSdAZo6Y7ZQlFexua01AGkplA2H6SbpLmnNUUZDqTFRKqDvp3lcUC0DrM2YObUVchhxaruDCZztUiWx0oa9zJAuVuHixnLkXGv3MaF7T1D4vhYeK+7IeXEtsrHrQGtTzFUg6aGdfi/M+TitniCL6LfWZ7b53Il28R3Lkx4/j4ID8hNLsKHUyfKysBhBXiKJb1l4MYfISg5Dx8fHGf2lu85/yHmfJwwoNMQpm6s3X9Jmec+5Zc23z4aYs3y58S5HHuBH0ErBj+bJjH7Hcggf7R3nlKzjJY0O09b8czBSAfuIUH67y9uF6Z+UlaeX46BwMWP8AsIaB6uZy58ePIrkaFRSr1FT2lVDlqtMYsAzxc+IY+TA3yYgX1mOnblr+brxs+XlEQUkEEbiW4Nk1oDrI3Ok7MujGwbUyTRY3sIgBqB0ElWBUrse8M4CeQ16R4ATkUDvM7NzZX+Pieu8lXw7vG8cv5Doq82A2M5/JYFxyu10J9Z2/juXzNmLcflBAnH5+F8eQgmzvp2mJebCzw7vBcDAxP7T7a7mdTeXQ+HQ2Pf136Tm/GoT4bHjbUWS+46zkw5CH5MddbvrEktv0Ttsk/Rz+Qqp5DcftuxNmzHF45F6vp9BObPRzEjYmLM4NKNhOiZuAPrr1muDIqtwyHQ7ek5joBAmx9IW9dPMFGVuJtb0MiKMw0AYH0hCARR6GEABqAOsUoKSaAuAddJb2DUAvAgka9pLsxOsIAZYRWHYzLrGCYLDbGVNGbYAhVgwsj7T2mdliBuZ0DFwUfzkS3hg7MPQHpIAJ1sTTKLYRohANGDeG3iHI6ZMKKDyF110m2DC7qfYQRrORGOPKrhiKO4nqeL5yPnzYFAVMq18jdDW8l+iyS5tc3l6IoHXecS6Fm6idGZnag37dLHpMfj9pa+u0sSIRQNTv0E6vHHyMoLANc5aHXaX7FXlj0YfxildHnYEUjIm50Yes4ms6dpv87ti4ZBd68usx3b0icEQuhqUR33ifRtJYXGAORsmVaePGWBJ2kPoSO0sFgbsADpAqzAsNIT2x3jBI0BoRlekYUHeGiANWYidZZN6dO0WlwmlyYagxcj1lEXr0kGFg9Y4RrQOusA92lzUDmNASZPIdpPJkPtNQz5HEhqImgFDWL5cjD3GwOvWI0Qp/jBy1UHrB/FdxzxDkOpG0WZwQOBq9xH4+fImgJAP8JU5zYx+DLzCcSGMseJlLcVonr2mreV5C7Nd7Gowxu2PuPWQ/Lt9HLlw5MLlHFEfwmc9D5F41y93+0iwZlnx42Q5FXi/ULtCzt8uWbJw4a3ymKztwp4ZHvYg9q0li1yONYhXWa5xj5n4/sG0zUXJT0Y01gxH6xhaMlx7iICLEiuksMVQX12md6VC4XGwW8JfkLB26yuSqyuRyU7ic8YNwmKy8Odp9p7xAxGEKOty1JqRKX7YKYoiAsGA3qBOpEIH4kabzOzHFpCwXHtFAwCEIQohCEIICFQqARovI1FNUBC3owEFrZhgdQpWiBuOszOPgw5gop2Jk2bvadN88XF1LDoR0kZ8Of4kL0z0v+6rn0f4P8X8niM2PKFY3uNDPAx8FB6+hntfj/wAp5GLHwxKH0rgdK/Wc/wCWdr1yO3//AD/y9en8kvbxjxsvh+QfMy4EHy5FJvjOz8Zg8nCzPkxD4xoyvvPSw5W8HDky5MIObKbB/wCJnBlzeVmNu3FW2AlluSXPDP8AJev5W9Zf8rZ+nptl8vz1sJxXCDpW4HaGDyjkDIoAynTlOPJ43l4SGflwbYnaV4qEZeamj6S8Y5877lb5RnxY/i+9zrc6seUeDg+TKls3Qbgzn8hGVRkYnmTOXyvKzZsYxZv2/aZJy1/jf24dWH8g2cZEbIF5DS54eTmrspPWbYwQxs7zPJjIJI1nTJ6SX5Z8j1hesKihV3cRo9Kkx1AaNx+soKDrM9paPWhhLGuPCznigs9pDKykgiiNwZv4zBcqkGtd53eWQ98lDEjQ1rM6krzMOJs2QJV3Pc8fx/H8F1KFuZ0a9p52LEcPHIAb6VuJvn8sspIB5ncydueCV6Hz4/J8wJkIdVogHoR1E2Zl8jO+MryTHuelz55cuTG/MA8u/wBZ2/jc/kKMi1yGQ/cehnPt09z4dJ2vuXzrpx4Ez5stHRKXGT0nm5PBzBmLAY01pn0BnuL4hRQOWu9zg/NLkVVWyQdm9e0dLdyHbrk328hOSHTazr0lraMeWxj4kYwCOJ9JSKWyBTuZ2cXpqcSeApxvancdQTMPG8VM2QhlIFWmQaa+stwMagldt66idH450zpkxKaP7R2nLtLJbHaWXt1631HieWHw53xg6A9Nv0nMd77zXywy53R25shILDrUxG/9Z16+J+jPuiEDue0B6ygnZ4bqpCkWx+1hOKdHi538fJYAIOhBHeS+Eru+Bnchj6zo8bEoyNhbbINpXyJw+UGnAupPjMoP+RkNAbTnba1MmWO5cC4UVeQUes6iqrg5NRqeLm8p/LyKgPsB0nR5Hmth8QYl1c+2ztMXrePq6TvLtnEkR+XzY2woQdb2nhZCzEtXtGlzozjJxDODRsDWxOYEix0O4nXpMjju3arFo1HbrKzFKHAVUzs19IiDX1mz3oJLamKoowYVeMlQSJJJu+srHRbiW4qdzDKvB6Bv1hPZO1m+p3kyitA8gQ3QSIU50+H5Z8Yk1YI2nNrHuJLN8lb5cgyA5D9zGz6Tn3h6RykgYUalKBWp3kwI0uBqicusHTUKNjHhUnXpOhUVRyaq3rvJaz7c55BSGx3pv2kAUP8Al7zu8byca8xl+0ghQek5HAY8V0Q7SS82WLxky/q38Dx28rycWHloTr9BPa/xceHyfdjALaKF2qeT4I/xvL8dw33z6U4shc5Gpr2O2k838/a/lOeLHo/gkztxzsrFsOJQrj2cvax7npM8TFHKE2BYMj8rT4seMOcZYk/+3Wpy+Lky+UjJYDjfvUx16b12+Gv5O/8AfJPP0cXlLiL5MiKAisRfUkzgP3ctxPV8/wAOgMeCyo1Yb69ZyHxUGFnL1XQz1dLMjz9t/KuZuIYkD6Ca4RhykKQeRPSc4bW+vSUrFCMmM8WUzdnDL0/O/GYcKYzhclm1Ib+k8xhWlTbN5GXMebsWc0eUjkpBDbnrM9JZObrXftL22dfxn0ZUTFKIrUSZtCowjJigKVY41WveKEKpdPcNxO7xs4v5X/8ATPPE6cGQcOB32me04Zrs8ryF+D401BNzzuQCkHeaueh6TJkNXHWSTE3fLPrAbwgJqtzyIQjuEKEDcIBCoWYQHUK9bihqYDvSXjQXbDT0guOtW69JT5HoY7FLsRCW+oTMwHEtYuJ2WhRs+u8ltD3i66wYLh9YoQo0hCMAwFAkneOuvSKAR30iIs3t6QgO9KiJihAoMf0mtpQ0+3Unv6TNVvXoJaoGN/t6Qlw+XsoDUySgA1lWA1CJrPuI0G0JGZG52EmagctNgJLIb0hqVEoKSLEXE9pSAbsaXtBamop0KBk0VaQbmSqg5DxF9u0J+TGE3ISxeutsYceWgXcwfkjHj5mz9o3mgx8SOIrl161GwYUuw7SMjk5PQaCRNtVkdVtV1mN3GyyZVkE7MXmDBjKIluep7zlTQ3GwHMdO5kK68b8n+TM1nr2AmfkZvmZFTSpnzXjpte0WFgMoJjEkGQFWF/pEWJBA2l+S4yZvboq+0fpJ4UpbpBPERsPWIkwHUxStKxPwJPXYfrOvF46qbyMBpybrU419N+k6cjcMXHcnrJWezRfLUZmyAe1RSL3MLYK+bJqz6ATkRWsVv0nQchcKn+0V+sYlknhk2RwOI9oO8S8mHBOu5ksjc+O7HadXx/GBiSi1e9vXtF+jWcaxRCDxXQ9SZ24V8lbzcONaJyFV61Dx0rNjTGoZ0PJi3236zp8ryMmTKqDVDsx2Zz1HoJntec4+pxZvtx/FmyOAT9+5PWVkxXldb0xjj9TOvxs+Jc7vlAdgQmFb2A6ycqFVLqvG2O/UmZnbnEs4eeMRri0wKX9L0nqphCLq4LZBuegksnj41quT9D0mvyJZ8sfD/HnKodhoT7QeoEx8rDjxZmUkN6jb9J0N5bAMCKteIrtOFm5Wm5HWJO1u1bZfDLvKVbQ+msFS420FTZarxWzHIuPESCxs1ptPVz+JlfAMxYszGjWs83wsbvm4poSDZ7DrPY/Fu2XI+NvcqAHl0B2AnPvc5npZluZ5cnmYjjwqhFZm6/7UH+pnmEMhPEn1nsflM2I5WxCicYrkO88pntb0B2Il6bn6s283PHhlyJHGBN0O0vH4+XLZxqSF1Y9B9TNx4yDE2VDzKfcTtNWyNXhljxuy2oJHeQ46zofzXygA0oUUANNJnkKcNDrEt9s+2YaLc2JIlXppKrt/GeEPM8jg7cMajk5G59BPcbHixEYMCBOP7dz/ANU4/wAOuPxsDZX1d9T6DoJsnn4GzZQKWlJ7lmnLttt+I3O3XrJNm3yTZOGJaGjFgSPTtPGwq5DUtkk6zsPkL5JTDj1+JGZmHUnoJylzixhAadu3Sa6zP1Y7dtT8JDkN93adWLyuWZPHxn40SgW9eswTEyp8yNddPWdPh+E5x8smM0TyYncy2zDrL6bZvKyHNWIHiPbd6t6zm8hMzBWYEKg0nehxYX1oAixOfyHysvJqC9usxLno7frrzcOThk5OvJW0YekPK8R8Lc1H9ttR6A95fH3mtanSmfJiIRR8jZARwIvSdF69p4rzFJB9TKP01mhwBmtT+naWfD8kixjZ1H7gLEuJOfHLlOhlIOTi9o8mMrq2h7SL0hXptkAfAymlXUV2E58LHO2YubsEi5kjH4j14ihDxTxzKG0Un3fSYzJUev4mUYfHQki39qL1rqxnm5QB5LBTYB3idwPJa9V1CjaYI1OQ3WXrPfynN/ZeVAHLKbUzPQnXadKY1dSTOd1K795slBANVsIvcOlQ5d5Yf2gdJFQyCgRoeokGbMEPp9IhjRt2o9oJWMJoMJ7iuk6MWHC18UJYftY7wXtI445eauZpeNdJEKpQCd6HUzT2r9p/WYx3CWNOR6GJWbmOv1khz1gTBgZgzEsB+mkUUAYVaMFPI/pNG8hnAvQDoJhvtGu+sJZGwBygqAOS636SCxoQxj3X0G80yYeOgNq2oI2hGXMk3NfG0eya9Zmgu4ro6byLfh0ZsjuwRBS3+pk5cZR6J+srxyTlD9pflg6MdzJvOJ6YsLX6TP472NGa/t1kGgwraVJSA4/cbEtQo16RgA7xshqlg1zu3JiRGo77HrKdSo9TKxopHE7ytbwS4e507xspVbU2I2UrodukXxch91V0kZ35ZE6xk6R8SIFGVA5Fg6StEpAFwsbmJQDYJqTelQNFav1kuNYgLF3+ktgtj3Qe010jXG1306wG+1yxkpCCN9oLoYctFGgiKEj0EkPQIIu+sssoQMB7trhOU8gAFI07y2yrf9pasUb1kjJ8gCt+hgAyta9IP1RxbtKtqmmPM2J+R1vvNcKjyeegU76QW/MYI5G/6Rtn5b7jrBsD3xUhj9ZnkRkpXFGDitMx5FWAo1vAM3G+dekxB/hNKHHlViDPRMUY3XE9a2MqyBMwLNgV6TQEAgkX6Sqhri2EpjyO1SCbkIZbSpMLhvCiEdVFAcQjhUAh1hCARhiNOkmOBQa2jI93pDEnN6sD6ys6BDW5hPeM2WpM0CclBH0qQwKmiNYWUoRxGARRwgEKjEv5aXjQgQJWNCzDSx1qXxJFgAnsJrhz5sFFQPqRCWu9/F/HHErfAyGtWDdfoZ5+TxMuIfIVPxn7W6Tpy5lyJb5LbfjNfGOHLjCZvI44jup3EjP5W+WHj+AfIxFzlXEBty6zVcKYFN5QzD7aGhmXkYG8fLeF/lwHZp1/j/xx8onOXIVDt0Ml8as5ucOFw2XIFVQGPaej4niL43vytZPQbTcnxTk5jGFZTRYDtLCLltS4C7gzFt8eGpPjlv7PMX4tOA+4zzfK8jxfHyfFiX5a0Ib/AEjOQ+McmFsnDndETzHV0YZH1JOhPWJ1L2rsf8h5L4OPK0B0XtL/ABvkY/n55zQHpOEH386pW3HSaqil+SG0O/pN5wxzLr2vK8zwcxKp9yDkp9ZxZv8AG8pfkVQpUe4X17zz85bBmFnf+kh8i3yRqveJ1i3t2t5WUBa1FCHwEG7sSFzEGmNrK+dcZJ+5TtfSVORk+AL7lpx+4SVxqQGoMJWXPizILHFx/AzHk2NwRqIMD+MfuW+MybE6C2Gh2M7k8phe3E9DM3RnXTVTsIiyuIzbxfHPkZAgIUdzLw+Dmz5fjxjXqTsJ6vj/AIjF4tnO/JyNgaEz37zrxvLc62+Geb8KuPCc2DNyyJq2M/6SV88jGo4jlWspRwyc1BAvQ30j87H8YDcQUybMOhmOtvi38t8L267LZPxvXznx8shl+RG4H3jXj0mTW7Kg+9tJAzDCdN+8yHlNjzjKupu5vGI9vxvDw+PjL5jb8dtxH4eRV8d87jQE1U4B+U5Y2DqDy3PaaZ/LQeGiYdUP3DqJzvW+55bl+L43h7CZiyDJspGk8/z2ObiB07zr8PKj+GraaDScmbHkyZQALUzPXi36HbbJ715eW7IrS9DKwODlxjQcTuZ6PkeBy4Y8Y93W5xeR4LYH0bXedZ3ljF/j7T9m35LyFvgvQaETz08hkQ8Bqd/pL8jyMb4lHEDINCZgGVVAYEXudxL1mTC88swSCb15d5WNqBUgEGtTKGPIVOUbKa9ZkTpU0KzAcrXb02kRkVv+kUqzwbEMbAr6QAsXeoiO+kIHolGGHFkDBww1I6ehizZLxpiHSZ+Jm4Y2xnZtZpgBzZRpYmcZ+jp8FSiM52GxnL5OR2bjRr1/0nblYJkGNdNNe0wzkuvELqDpf+kzvOrfGfDiyA0By66r0mmDJhRWXMgycftBNTs/GeOmTOVzAOpB09ZyecuNc+QsApvRRLLtwk436uYFWZiRV7CQ1g0ekVmM0QO/WbUgIS048Gsa9JABq60gAlhuWp3HWSAWYAdYiKJG9QNcz8qJ6DrM6saTpfxq8TFm3LkivpMqC0RqD0klTxGYEewjJ5ekFHu495RNwGu8ZUK1biNRem3aFSdIya2j3bi300knQ/SBpiLbjYbzr5I6gVttObC12J0YeGMktqD9vo0z2ZvlsPExviLMaYbH/jMWQceCdOsDmyZG4rO98GPx/F+TKaNDWc7bLz78R06dfy4nrzXk8j8vuNFB7T2M+n/E+cfKwhX1ZB7jPn18fG2MZC1NnJCA9x/xnf4ozfjlxeSEL4c1JkQbq10Kk/lztM9+l/jlnb8p4k5/R6n5F8WmEKCz/wCk5MPgccgZW4PrRHX0M9HH4C+RkHkPYYaUd19CJbYSrkHpqDPN+Vkyfu9P4Ttva/s4PHRld0yrTqdb6g9RPG83FkzZyiCkvfYNXadnnP53kZmQkY8abNdX+s5cYzZMLFjy8fxzqt6i56P45Z/dbOY8/wDLZv4yXy87NjGJ+Kty62JNEzZ+PyFtgdQu9CHHlqBO+uWoHIiuneQ4o1dy+JBiZbPrBPJKpq+kGNaVrL+JwoboZBXe9xGiIAXHDaVSqUw0vpJjuxUBTZBxonbpJTEXUsDtvOtPjyYih+5djM3tiXlzM12ZLZNKEMgKGpnLCQGVjW2qIDSAJB0itTymEI5QRRxQHCEIAJaJqGbbt3kR2Og1hK0YrWi16zOzVbDvGWLG2NmOtLJ26QnhJCgdz0MRNwO+kACdusKUcZStzr2hAVQuOKoDu99BFHdRXpAYYdRFFKIIhUxwqBXjAsba7dB3moU1+kwVgDbakbCaNltQg6/cZGLKtUFfWSRyPp0hybfptKAC6ntoJUZkUajDKDQ2G56kySb1ixg3fSGsWcnI8apRAYwRyJ4r0h7RqR9BJJLkD+Uifpw3B+T2YxxxjeIgIQi7jUyGYovFdLOpkqGc0P1MJn2MGySdhOnEFXF8zdPtE5gAW4jrp9Jp5GUFVxJ9q6QWemZcsbMniS1+soAVprW8kNT2ekqz6LONjuQAJnx69JTEtp1MT+0Bb/SFgJUPpsNoqJahuYlQmbICi/bqdLMF4ZMOIA69YtTtNAjO1LvE+JkJFg1uQYNJFJatzNMiuKDbHYTXxsLfewpR19Zfkoirobj2lrhOmkUDqYUSaGp7Q0vCCXHYan6S3Jc2foBNMWE8fjui33N29JWPxMuTIUxEGtydgO5ktjO7VKiIoo25/kJmwAbTrvJOPKuQpdnbTrO5fC+BWfO3FcYHIjcsf2iLZD8b5YKEVfkbf+dREKyDMzUxOieneLy82Nk449B1maZVCFiLoAD6wk+f2NMjBiLPI6t9J0HylAHkZffkPtxJ2UafwnFnP90leokKaYMdQOkYuPQx5BjVCFBys18jsPpO18hysS+iYx+gnlYcxfP7hbNoo6CduQ8fGKXbO2szZyIzscrfIBWNRQmHyagjbpcrJmABvcDiqzEEMyrf2j3GWM40J1szMKrP7f1nR9y8nWsf7b05eszXGAGKHkDueksqxtgTGqtYBZtAxF6+kb+Bi+NmBfnftWr0i8bG5CZGI4saQdTPQYMGC811+6jrM2r115+DCMFsAzEL7zstHoO89TxPiweE2ZBwWi5JNnl0k58DfGbdVQjU1ZCzzfJ8r/8ACL4eMELysk7t2mf8vvy1t679Y5yHyhnFkk2x+s28b8bkzP7V5EC2B6R+M6YFLuLK1xUa2Z2L8uRx8Z+EEDmwN0T/AFMvbtZ4SSNF8bLhwgOBixMaK3VzxMrquTIMf2kkVPW/LMR4/BXbJX7m3PrPDXQG4/jlzaWc36DaBMIxjyFeYUlf91aToqZS/cAdB1MmMDS4K7n80ABMWiLt6+sy4sbYnjfQdZzo/E3V9p1M40/3VZk8M4Xjt8DF1OpBAv1koHy5N9f6zfx/AzeRjbO3swg0GP7j2E6/F8L42pCXJ6sKFyXtOV/C+3R43j4MWHl5JCA6qu5Jkt+TALLiHJyaGOpzucmFMx8j3n7UfsfScnh5c6+TxwOEfKOJyHdVO+p2mZ12W3lq9uJ1nH6eWiZfJyZXdgRl1AJFBblvjKYW93MjQsepM7c3mp/jllIOAMMeJP3Px+7IxnB5LZToOKYyRQGsc3NmM2SeOWOJgrBGGtxednX/ACw2G14ACx/OoPiQe85Cx66TDKMd2pvvc3MSeXZ44RszItBMy2L/AGkR+H+Q8/CSgf8AtbNew+ky8LE2fKuJTXWzOrJ4vwlvkICA+1ev6x27Y1lzc/dx5gXZmHuvYzmZSpo7ztda02G8wGLJnyFcSl2PaSVIzw2XC9G0M68fiHLzIajj1EyXxHVDkc8SDSga331nd+OxM4yOzBcYociNLMna+4vm44Bxfly0bofpMACW07z1MvheKzZsgdgqbga6+pk4PG8L4eTWzjXQ9O8u/qkz5Z40dT9Okz8tGIsiiJ0ZmxfGDgHG+u5/jNMPmeMV+PMuux9ZdrHivIlAaTTLjAyMcf2A6fSQRSXK3qhqdJafaRUkLVE6XLBCGjsYZqjoAxFgdIstZB8uFvcNxsZqoBUkajvOQgK5IhIhmLGzqe8VSlIrXeMqvEWSD1htEU0OOgDekaqOkGoqIiatisWNPrI+JyaGsGs49pRx1uRAAHQawuplKjNbVou5myYhwLv7VEeNmyYzjGmNDyg1GTKhATGnEDcncmCFiKJ22kaltpaqRvCUFqHqZLAD6xsDWsRo67yI6PGPFgWGh7SfJycmNaL2maltgalfHepF/wCse9RIYsKiZDpGcblhwU32Gs0bH5AFtjahvpGxcvmIDFZZPEDW7mJDE6CvrAnWiZTFkkn26nvNFW0Gvu6zBTwb0MsuyNyXYwli2LaAi+0yf5PuI/hL+YMNRUzOQjaCS/CCTNCrlAeVjosF8fM6/IF9p6y8OH3e/psJNarFULGtvrKOQqpxlR9amrurKRsR0kfAas6k9ITflj6w3MbKVNGW2DMiB2QhW2JG8rSuYKgVVdZDkEesNSKEFq/dtCJ6R1pDS4wOQg1Kgk0upm3F1FH7jIRjibkNxH8nNuTmEutBjULZNntJ937TV9omyJpWveWjISSbC+kJySoNiCb6iZZFZTRN9puFfJfxg1+07TncOrkOKYb3KvXyQjEUdSNLBKih1iY0It+sPSETdj1ky3qhQkwsEIQuAXCFxhq2gKEZJMUA1jF6mFmNWoEVvAmOGnaMVUAOkRPeMgVpFpAQJlE3qdYCqkwAmAhUIBCa4PGzeQeOJbP1qdeb8QcWMN86Nk/diG4/WNg4B6xRsrKaYUR0mmMWfYhb6awFix5WNpp6zsfxGTGpZ7vdRJyjycGMZGxlVOxO0WPzboZdQNgJnazd+C+IEgMoCDr1k8V5WK06TT/MQ2HWx0rSZYldya0BPWXk5dOBxRRlotoCNgZuvzeLiKq5ORzQUbS/D8cILz0qN9rHe5J//XmRmBAFhh07TG7cXMmupPAz48V5sg+TJrxmeDBlOUo1B0O/Sc/5Dzm+BU3bblfacOLzvIxo6cuQcUb3l/HTfGR25sPkPmycQHbqu/8ACcnkZHycMRXi6aETFPKz4mDIxBHWeh4eDN5WU+ZlGm5O1mXMJKp8IGFEI1rU9ZyryTkAaInZkf8AvjJVq3tP1kZvEyhWyIpoasDoRJpefHp5/kNkdrc2RpIxqW0nRxV8RcEFl+5TuRM8fHdek2m8JZGXSF8hxO82yOjC+o6TkZiTctJyvHw58XBI9N5b4VBAxty9O0zHuHK6cfzlY8xQnS2PUyLyk/Iu91NsOc6J/CQcmWuPeUqA0K93cSJfq60/LZ8PJSoJOnLqJ6Pj+Zh8vLiwqORK2563PIxeHmyOOpM9j8T+OPieR82T7qofrOf8k6zb7b6bbM3Pbc+KrcuQoLtc4/Jwo2HgW4h/tvblPWzEnGwP7rAI6Tzcyf21xOpLIf5Tl07bXazPGfu8HyFyYnOLKKZZmtdZ6vleD5GamfQV/bJ/oZ5hVsbFXFEbgz0dbsce0zxOBpftlqrVoa9JIUHUbR0Q2h06TTD1/wATmVcbYW1s2BPV4IvuABI7T5hGzL7gDQ6id/ht5GTOjlyU6/8ACcP5P49tut9O968ZuunymypnGZCeG36zPzsuPJ4zk5AuQ0aI3nT5+bHhUDIpZHuiOhnz2V/kZiSTWwP9I6ddy/B27c3PflmKIJPT+M1XA2TG2QClT93Qnt9YY8ByNxVSxqwBvNFZkB8dU/ugm+J1+jDYzsxrL5iU4UAP5zEiariFHXUamRxs6QsL3EegiA7zu8TBmYPjx4xkNcq3I9ROTLjfHkKvow3qN9ETxOtdIiCtXLsha/nOjIiZfH+ZSLWgy9Y01HiqWJHSev4GFVRjdDpOL8aUBtlFDS+9+k7PNyHDi+NBXyCwZjvbv4xesnPb4R5R/tHINwd5yJmHIBtRO1F+bwmx6cwNP0nP+O8U+Rm4uCAuusm5Lvozfxz25MuQCylhgdCNJhmZmPvNt3nR+SwN43lPjNUdRW2s495vrzJYXrlsvoQjRSTtY6xHQ6azQJqFU4S3OmBA4d/WZTRrCDsYGYNG5q+PGQGUn3HrrMoawO/Cpx4C4IfGTxZb1B7iZ5TgeviUqaog95zg0tb307TTCv7huNrmc9lvGJz4HxZODasADprvJx6G5opXmWyWPpLx48fDU7nSXflKwd7OgA6GNCmx2nQuHC2Q6Hgos/WcuSi54ih0AjQGuR47dImBvWA7yyyMV0riIVAJXadC8mT0nPvNsWTJiWq0PeKlex+P8QcVdhqftj/KNi8h08JWphbM3YjYGc+Hzc2Rsfj4B7z9rDvOvzfDf4U8jFxfIgIcEasT92s892d5e37O/S70vXrP1/6uV/B8bL4mPyMeX4yii8bX9w6X6zoweY3i4s34/wArx2rIA+K/cV6/qPWV4fmeD5Xhr43l1jy4xQsaOBI/K41yLiz4H4/EgxswvaNtv495c3/+cpJPxnbrc7Sfv9ns+L5KZcQyY7JyqOSE9dpwedg8xMiuMjNiY6oDqP1nN+M8vHhxnE5BZNVI6gzrz+aMvkY8aNuNTMXp269rk2fVrr36dumdqx8pc2Xx3QIOQGrbaCeNmcoExoCrMKev3T6f/BzPiYNk0o19e0+dTxuPksPJNcCQfQzf8Xecz45Z/n6WfjfXjlyZcT41DsNDoD6xY8pI4jczXysm+ENyUHQzmUe7eu09E5jjnHLbJjzKo5DQ6iZ8+pGs9IeN5B8NWZeXUV2nl5AQ5vQzPXtLv0avSzLmbNdGPKTjKKLJm7eLiXwX8hm99hUA79bE4MeRkaxLy5AwSib1LDpfpF63eOOUnnnkZFCga7ixINgWesFByNZMYUNys/aLHrNIzjij0qVpaPwNjruJS5SpNTISuJkyM4TsWbkesVSipU0d4Gq9ZVTfSNN5MdkbSXwsEUcUocUY9YQgqEZP/wCmKAXcIQgANRg62dZMcCqJ6RVW0BrER2gXVi7k+hiEYvpAUJXGjroDEQAdDYlCqEYbvt1hpfpIJmjgUKN6ayaHf9IyRWo1g1MCTGK3/lGa2gSoLGhuZsMagD/cTQ/1kD26jeNmJ1Xc/wD50hLrU8SKGw0kE8mIGwEkEqAOty1IxE3qzCE8IZaQdzETwAA3lJZ9zdInGzN12EK1LDiiDV2+4/6SyFD1WoE5mchrErExCs3USJZ7WaPTaS+Ui0UVpGpHEEnUzNmpzYlJGijiB3MwY6maHId/4CZ1cLItchUabneS29yZYx5GApTXeFNTya9gok0WOnWbLgyjGdKLGA8d1WyavaE2LwhEUsTdfzMxfIzGzKZKXeZEbQk+T5ECgaB3jLjkAgoDqdzI6zfx8mLD/cZObja9hC16PjIwwls2hb7F61MPLbGqgLqx0qZZPLJxnkScr6kyfGQuxzZD/bQ/xboJmfNZz36h5vG4hDte/wBZKr8D31Yf1lZ8xzZVC6Af1hkcHyKOoUaSm0O3LITjUrjFDXcmatmGFGQCix9/0EMeRWyUuta32mT+5crMbIO8UQMjg/MNCT7Z0PkZ/HxYSbLMcmQ9T2kZUUthRft4gn6wC05Nwt4YeRXMqsj/AOIjsbjLffe5mYJ2lWLyHkFPpUABxs9dpN6VKHLI6qBXQAQrTx1YOHGnYnYes6vkQKV5anZ483+PjwjxgLyndwfaJxqrZMoRbZjoAOsnnlKgn3Ek3Wxhh5HIK1PUTqP490/7pCk7Aayzjx4RxQfUxs9GwEZPIy7cq0A/0jz5QuNfGxnf/vH17D6TMZnx4GCGi59x6xePjDE5Doii2Mzn9GXdYXBjUKAzbHsJatjw+Xw68d95lhzIXOdv+0gsE+mwEy8cZ/LztlVWpiQG6D6mT51Zvry7szrlxYEBN5GPKt6EWbxl8pmHjqB8ejsd7hh+HxsvxqTlcKQGrTke068SrjxMgGhBLMO8xdnj9nSSXz/R5vkeOfE8V2GRTl0oDdbnPgzcMTOzUFFD/czGa5vIDBkAoHQ99JgoTHlxYcY52QXJ1Fmbnjlz2drxMaNmyeTj+S9cYoiec2p067Ce0/i5f8t8WFKx17m6H1nR4X4/D4ys4ps5BIc68R6R+ckb69Lt1458DPhUPmT3kchi6he7dpB8oheOMlAfuXpOrz8pTKp5czkTW55pOtzXXnms3m+MImzCEB6zSvS8P8UM2JM2bKMYcnilWSF3Y9hPRwYvFRlTEgbnbF3GpA6/SeAuXINmOor9J2YvyTYAx48nKcFJ/bOfbr2vvV/LPHH6PZ/yceV8OPH0sueg+gnLh804saFdT8hCjc0TPP8AF8pUYN/sxsT9ZZynH4mI6BshZx30j8Z4O/a3tvv6Ozymx5Mr4MP9zyMn3sdVxj/ao7zPHg8ZVdQV5IvvyHoT0+pnL+NNDyXYnkMZN3WpmWPy3Pjf4igW7by5fCeOfl3Z8GBeKu3Gx/bAGgE5mLIDjJ5sdq2A7z1fDwYRgY5P7lCuR9O30nJk4nkMaj2mtNyO0z1vpO0zL8vMfJRPVTuIJw43VSWWiS3faJwSBW06Yj0vHyYcPjIUr5srgcutXK/KMP8ALOHHYxrVk9T1nJ4eMHICbvGeQ+vQCb+Tl+dqOP3g6sOsznLX5f25fn/Zk2PIguvv0/STiPk+PzC2vyDia6gxDINVI203ltkDYVsAMumkuM6vy/IyZ2x40QY8GNQqIB0G5jdiviKh0DEkV/WSr41QMWskfb1ktwYBQb1F/STx+yeQ4fF4AQH3ZW5Eegh4WbGgY5vs+0j6zbNnw43VU9wArXb9JyZzRbHsztZEbp7PPWIFFNrysTMKD7zHnyIyYsSjVL5N3MA4rj3moeiyFguh0ksQMf12nR8eNsZBO3SY5FBGgoDaUlgQrwBY69Jr/bI9/Tt1nMKA111mwYBOQGnaFsSzgfadO0yJswaybMkwshiVd6dZEpDx16wtMci1E1KUBWGt95nZu+86fGOEgq+Mu7aLrQhKlsqlaEyHJ/ts1vNMniZlf7CEOx6SmxcOKZGCKfuI1Mmkk9JXDhKEnJWTogBP85eLC+NC5bh3vtKx5MeMtj8YWW3yt91enaDBcxIfJt1PSEty5oRTmF8rJNBBOrDjbEj40KjI60dL0Mxf48bofGscF9zN1l/K48dzdlunWKmuV0fExG1dtZJJOp6zZMJq9+tTQHI+BlPGhrtqI01zrj5CqLGT8WvapYyMug6zpxZMeMcnXT/WDa5jiIHPpGhJJN7dJ05VxZivxqVLb9pgcL4uXLbvJKmtFzcCDsRrc2zeRldihsYsle7a5xYmx5ctZbVQNK7y/JDYCcbHkHFqT0jOVzhj5PxBiE5chvymJ7xszPq2pHWA1E1GoLsSkNipK9oypG0FMkKSCJLMp2EHDE3GmFmHKwB3g48urxMzY1s/aP2mVlZDjObEADdECY0UxVdk7ekeBGLBDs2hmfqzhY8RynQWTOh/FUpZbiBuZ1nxU8TESWtj9p21mHleTnyeN8LEUv20KJmfy3x4W8eUNg8NFDBrDacuxnO3k5lcr8pZV0F66SRjyMvAsAu8zy4vjP3BvpNST9T9aA2pJ69ovuNj+EWNlDe4aRXqa2mlwwdY9jY2k3DkdoVbUdesgQJMQYiAz6TTHkXGLI5H/aZlcIMaM9nkvt/5RNlxrmxlmyBSvQ7mcsYAvXaEsaf4+SuQFr3EQKqwo/xjGZ0HHGxC9oBS4LcbqE59kw4t6GGjbRM1/wDCINXSFNloVIIqWwNX0kRVguEIQohCEA3jBqTGIQdYA1GRFACSYxtFGDAckyoVpAnWBhCAS8OJs2VcS7samc7/ABGyKobGFB79YS3G58LF4rfHkch+taAR5sGLCodXDFv27ymzhFJZfkZhrc4eRO3SZ5Z+vy3UYHIOfGeI6idN+GMRfC3xONh3nDh85sDnkgdDoVMyyeRyJ4iluwvaMJK6PJzZM6cXsgbTnTxsxXmotTpcRzPx4tqDtN/C+VzxBPCXxFmuzF+G4Y/l8k6EWAJWTJj5rgGIIyj2/wDNKbJnTGfEJ9z7AzmTwM7NzfTh/uOv6THnm1q74nF9ozv5GmHgRWvEzJcb3atqdJ15vdxBJI25dp0p4vjph+PmCXNjJ+4RskJLf/28XJjyr7cgII2BmU9jyPAxMdc5DjSyNJ5LoyZSm5Bqbl0ViUBxzFr1npZPyWP4ThwqUH7ZxpjbGhZ9CdrmTfbceUehh/IePh8VkdOeYm7Mny/Lbyca5dkriwU6icLJxxKW3J/lIJXcE0dxGTyZwm6lY2AOvWKh02iI7SjdmUGYHeat8Zx3fvHSRiw5cz8MSlmPaCD43IuoUTuKM3z+P5HhkLmoctaBuZnJpcHJo2T7CL9ZoeQAr7ulSULaMJ6H47Fi8jPychUTUg9ZLZJbfTObcjPwc2VC2RiLTUg7z08HnLkxMWOuyzHy28FsqgY9DpzWS349EF/JY6AThe07c9tl9Os62f4WX5dh8nJ/bxED3C7nMuds3lZVYWqCgYsPJ8iBWt8d6enab+J4xQ5XOttM8TWpvbHPyzZGVCDwG9f1mebwWbEWzkcb9jjcTv8AJDLgb4hTJ9swdD5Hg054ONSPpNTt7+qzrlzzx/qPJH4/ywwGMclb7W6GGLwfIfOMLjhZpmPSet+N8hMiBf8AZ1ne+DA95bpxrXSXt/J2lsxJ069pvhkn4rFhxAKxbvcyy4R4yg4Us9p14smb4yuQAKdVMx8l1w4i9+46L3v6TnLd55aufjmY8PygWf5WbjkJNpqZniw4gHLG24+0+s2OF0y/K5LXr9L7zQ+OrY2yAVeuk7y5HnzXBxONbshxrex/jICkBWUnmbLd50eQrDGr8aQjQzp8TxlfAS1FDp6j9Zrcmo4j4/xghxyYixXS+sx4tuBVaEz13GE5VA92gUqfSY+SMqeYcRK/3FHsFVXQfWTVntr+I8nhy5DXYNPP8pR8+RtwSanrHwm8bGr4xy19wPr1nl+QGGZjshMz1svbY1269usy/q5DZm+DE2QErrQsjrUlgp/XrNfHyMp47VoDOlrNvB8DjI4m71Bnb5JGXx8Z15r09Jy+Thy+OFaw6NqPSdHjeTjzYvjJpuxmLzlnK+N33Cwucak3Nk/JHxEPtsNqD6zBtFdRMxiGbCwZuPHUMdpe0l8nS+vDi8nM+fM2V92N1H4uHHmyjHkcY1IPuPpDKq3asDW9bfpIVCWXoCdDNesnC60dlxO6YWLIdAe8xBo3OryMADK2M2GUWaoBuoEwbCykqRrE8F8/qS8C/u0U9o3+4qL/AOUekSIORDaVO3wPGGRzkyDkoFWYtkmr1n5dp1ntxnCy1Y1PSaLixjG/yEplWiinYz02fxlzhvIakAoAbzzvJyJkzM66qNBe5A6zPXte3rF79fxvnfowXU2Z2YPH5LzOi9RORe1bzux4fIyYCgJQD+Ymu3hj3HM7qFdQtgmgxmQcrV9No3HE8SdB0lsMQQGr/wBw/wCESDXE1hgP3jUzkKnkR27TUOqNaA8R0M2UF/7gHt7RxEjkIaxpU6CnPxgwWyponbT1k5cZscdb2qdfk8V8dKcMGUBgBxNj/d6iS3wrlwIhRmJ9ynUTcHE+Io+nat5zZFZaYaAj+M18X3ZQSNtaizYn1ep4Xi4vC8Q+Y4LZlPJSNaH0leF+SV/IfBlHFMpJS9tehk4vKfJjdLpulzyFyOnkhsJ5up00uz9Jy/D8vy/LzXX8rJ1vXjK9Hwfx+Py8p5MeOLIfb6XPS/IYFPjtixD3uOJPYCeL4mXPgYeYFag5+QbDWejl/MYhkc5MbLY9oO+sz369vymf3Sf7tdO3WS7Px339Hh5SUI4nVTU28TyPIfyE+Mj5AdL2M9fzMXh+V+PXMq8eA9h2tjvPn0xZDl4Y9XB0nTp3naXjLOOWO/STLLsvh9Vh/LucqeNnxBXI3B0+s5/y/wCLbLl+fC3EuPeOhjx/j8eTBhIJXIPcT619pnsePi+RFDjiVABnmvadb+XXizivR163ts7/AN3WyWb5jwMX4dV8dmzJycKdPWeEQVfaqOxn3Xle3Ga3B0nzn5jHjGNHCANZ1HX6zr/F/Jb2u8/l/Rz/AJekk44x2/jvKXP41acsYojqP0nzucMc2Qn/AHHXpLwZhiyWLphrR1mbtdgGxdzp06fj37Wf8nO/yW9Z1v8AxTxsab9oirLdiiJSMAwO1TXM6Z3YrvQCj1nTWXPdS0B4E7jrIIqa4n4K2l2KilZQjIvaKUAlq1a9pEIGj5ATdanrMybMUdQYIKaNxSkXk1SXws8lCEJUAEIdI9ar+cAB6GFRQ1gPYRQOkIB9YR9IoDqhcX1hCAVHrFGIBcJQA3gQK21MaaiECKigMQMAagYBGJMYgUWFCt4rAOm0UIMFm7lqGyNrIm2LIqCu+5gquIAkZjoINk699ZGRuTabCGZOUwihDaidBUVxQgMm4RQgUBe+gmgztYs2B09B0mVGFQmOk5CzLZ1OpEZYsFs73OflrYlfNSgduv1hn8fg3Oki9IuZOhhCyFC4VGKH1hQNTrN8uflxTEOOJPtXue5nPKVuINCz0PaCxpiIViznaGINkcnvM8anI4QbkzbLkXFyx4jYqi3r1hL/AFp+JxDnl9g1Y/SPPjK4Q+wc8gPTpF4WE5XHLTCpvIe/pH5uYu5TZQdu0ntM5Zs7AJ6CS7sSO0ksWr0iO8q4ZBAvuZMokkV2kwoM7PD8cMyvkYIgFknf9Jlg8PyM1FVpD+46CdgZcPDJwFKaUeg6mZt9QvGa48xpjW10v0kYMjYsoZZXknlkZu5uZius1Enh3ZPJD8VZrb/86wzYyMIe9GM4LN3OjLnLqQhPEUP+MmfDP4t/ExeM5b/IycUGyjdpXk+Phx1iwEtzNkE6ADqZw4dco+s6EYvnKi2JO56ATNnPlbK71wYFxqXPJn2B207CdXNs+REwrWFB/c46IPrPLzeZjfJ7dkFLNcWdQmPDkYjCn9x0Xd26AyZc32flfHiO3JizaIoA5aijsolZFyDjiRtTqQOnYQ/Gq2V8vkPudl6Ks1bKMe4A5bTFt39HTrn47eNeZ4+DB/lNhyc8mQmjxoCV8rePnfEqqgB0rXb/AJo38gP57FNOVL+gnR4yI7vmYCnJVDudOomrc5vuJObJ14+v0Hg8nObPlJ5Mal58q4/Hez7uP2ddZzZM7YMmLEhpXJJG5Avc+sz8sNlzsduY29BtJJzvpe14z44ed5WRsrhzsAAPoJhvO1MRduN/br9ZWTClP/uP2gTruOcuOES/gzcQ3A0dQZ0YcxxlcoAYJ9ynb+EMnlciXUni26do2rb8MFVkBZl0rQzM6yzlNMo+07A9JF0KlCj5Mas6DaLeEKsOwDUaveSp4sGOw6CVj+1/pIokgDeD5fR+CmTL4vLIK51wTYBZxeWTg8hlsBGOiiel/k48AwI+uVlAobCuk8f8iudsj5cifGQdR112nHp554b7SXrk5y81hlTkWra7mahwNtBvLxagFtjNaVUKnUEzs5fQk8h8bggAmqHpc2w5ExH5MmrDUL0P1nEVCsOP85pkbkgP+3eSz0nwZW8hYCg2tDpGuI5GKghQu5MFdsWD5CLDGkuYjyGqqrrYjKuV0BMSLzZra6ArSbZ3TE4XGACRZnLpkXCiatfuHrc6vPVf80gCwiC60F1Jh68uIZCMi5GHLi119JsoV8T+S597MdJnxKqA31r6x2PjCk+29vWXBCItHI59FXuYiCpN7yXBRx6aylflyJ1JlGl8hp0Ej5RqsSUDUT4jdjUQcEaPpGz0gA3O8kDWVxuFSGoVJMp0463crF42fKOSqePVjoIWM4TtxeH4aBn8zyKrbHiHJmP12mn+fgwLx8LxlxsN8uT3ufpeghrj3ftywxeB5DL8jr8ePoz+2/oJtgfxPFY8lObJstbSU8jJnvL5LlyO5/pOcZKykrsTIxbzxMx6aq/kYmzOQiD7QxoTzfJxfG9h/kB6zoxeUocHKoZE2U7D9JoPM8bIGUYgtirOp1kms+HDgxly3Gy1UoHUwX2GmHuuq7Tr8fIfDfF5GA+9Gu2Fic+d3fynzP7i7FiaqydZprZY2dgwr9xE0wIxRBjpidMl9JyFrylgK9J3eGfjQnctrF9seC8msR4LVAe4j+k5Rm4g/HoG0YS3Ys5Y7GSq42JvS9h6yYfqyBLMB0HSdZ8bNkA5exBqWP8Awl48OPCvIf8AcHU7Rc2c7k94W0P8aY+JJ49GlY8ny4vjJ5Lt6iSS5cYghfloAOs6/Hw/4uQ4uIxufv5a16GZtSTebx9Xn5cPwDniu/8AdKDDKycyGLCje8vzs+BSceLXXU1ofpObhYBur1Bl9crypR4+PNwz47x67GjMMnxh2GP7TsO0vJgyNqG5/WRl8bNg4/ItBhatuD+sTPlqT6sxd6S/k09YKrE+0X3lDHRPMTRSBZqFRleLgLdS09jCt4jl5OSP4SIkex6OtzqwD+6BORyS/IzcZgqEp950Elg18nyny5PiY2q7TbDmwnA+PIluB7TPPqvceu86L4qGGh9YyZiVzPlOy6ETEkk6zrdPHJHPQt1E5cihXIBsdDLGuuJjihK0cIQhDLEgDtFCEAhCEAjqKaILB7iCkBcFyPjJCmoxDIunIQiD7tesICztCFBkyzqtxcYChHQhdGwIC3hUZYmKAQuEUKcIo4ChCECwQBrBiK0kzVGWvfoO0M3hC42fQD9Zp/jlb5fyh8gugdJ0plL+zDj5nqe0Jbfhz4/Gd/aq8j3HSduDxRhS7s9fSdHiLix5VGVgisLNf0lnz/E+Vl+M/FsT1mbb6WWe3Gqtkfmo5L1HWS+IYm+T9t0R1m+FkRXyrk4UbUd/ScbZcmXMcy0HJvj0jE1GfGAOai0OxnPU9bM5CY8mZVCPoyL0/Scnl+NhxZB8D88TiwToR6Sxdcgsmp6OI/CqUCK1JmfgYcD5wcx4omp9am3mfkcWUcQmqmlI009ZLvg2OjL5OJnTy3Ntj0GPvLyfkDmrKFAUfcs8w+QOJVkBDbHqJ3eL4L/4ozBhr0MlmQlv3X8uTK39rAPjyaa6UZo+HJ4XHNlPJNgg1ow87ysnwLhVRbaWOlTgyZM7YLdiSho3JJbPhu5Pm8fZ25fyPjGi2A5lI1OxWcuZ/CyAMiFPUmyJyeP5j+OXtQ65BRBmeTyC6KlABdpqdcYtt4dnlrlRAr4/YRaP3nM1PhHEajea+P8AlHx4zhzKM2IigrdPpMMAdi3xDVfdx9JZBGR1bGijcbzKU5UtYFXuJMqxSgtoIwCN4gxB0moL52qrb0gqURnYBR9TPb8XN+N/G4W5N8mdhsBqIfi/EyYlZseRFdh7lftJyL4niI2PzsK5S98cqH+UzbvBPnx/V43kZfmys+tE6XEtHfaSwXkeP23pfaIWJoex+M8Xxcitmzv7ce+PvPQXB4CBsi4vjVhpdzy/E8PyBjHkZh8eE7E7n9J0eRhz/DZyclcj4x6fSce/Pb/Jrp+Un+M+ef8Ad3Yfx2PhyG7a6bTm8zHkRkbHZZTRHpOnwBmxYCjuPkQaJfeZfOP8r48pAYix9Zy5/Lz+WN2f28z8d8s/x2HJjZ8+TcnYzr+Xi/xgcRk1ucnk+Q2LKcZagRYkv5fLyMGFdQou/wDSa/G9uWJ2/Hh0YM4RsyZWLMp/ScmHyzm8tgTxV1I49LqZZQz+Rm4nWzp10nJ4oyNnD3XAzc6zLfmJ+V2T1Oz0fxrJhRuftJJFzfN5a4hwU2SdxLTFiz+PbrwbWx3nP4X40ZVyfISAp9nqJnettt9N2WSTrl16QcumIqdKszDyGwZ3Ab/4/trv6zpxKvw8VH26azjbGiY3yFd+kz18nb/GVeNsYwFMpGul+kw8sfH4wZPtutO0E4thJcbC5jmDPixEfYTt3m85/dn8v7fHpln8bmuPS+x7+kpA+DA4JtfSdWXE6+QE040CD2mfnBceBk3L7VLviJ+PnZmPOxv8mQnpO78fiC+UmTKofmShvWp5/jKPct6zrXMyEEGyP6jrNX4c/F34e3lycGAGt6TwvyWPg3Ebbn6mej4vkLmIs69LnD+aPx51K7Muo9Zz6dc7SO/fvO3TYww+PjbAWY0Qd4s2H/btuD1mfjZm+N16NpOzx8eis32zreNcuLkzn25c2dnxribXjsYIicLGjjrOt/C+TM3EaCZZvGOEqwOh3HYyde3XxGu/TtP08Rp4ys1s23rOTyMrZHONPavWp1FguFjtQ0nnhyQ1bmany5zwhV5Hiv6zTNjZDZAAoaDY+omakqwZTRGonU+RsmK2A9T6SraxTI2RgCSCv2EdJbDlluZrkGNrG81xK+VywkQLxGctlUMmmg0r6T1vGwjJ4uZ8ZBAJJnmsqMt9QfdOvxn4Y3RTQq79JjvNjt/B2k7zf8fbzszWbOtaTA76zfO6lyqG1HWZnEwHI6ka/pOk4jnfNC+1g1aDfrPTPmocDEUHA0raeU97qKHWJTakXUWak+RqxLHfvKBUqFA1kKQPpNsBxq/u1WWrWRtf+E7cJXigTZtxOZynMhdR0nV+PyYcbk5ToNhM9vBr0vD8JiCwTTWidLueZ5/iZ8TtkyKtHSgevpPQzfnFQ8MHusVRHWcb+TjNvn5Pns3iP2r6icus77tjdvXMjzebNQbYdJv4XkDBm5MvJao95nmKFv7YoEaj1masQ1zt5jH6Pb+JPJHNLCvoJx+R4+PwM+ItbA+41oa9J1fi/Lxt7crUBt2H1i/Nv4mbgMZ5Zl0J6cZzls7fjzjrvXt1t2fl/wBXX+Ly+N53h5vCsh2yFgD9xU9ZzeT+L/x2vI/NKpAdxPN8bx/LBTP45IYNSsp1BE9J/wAhn83AcGbH/wDiENO2wIkvWztvW8e4m71ztP8A29v+jz18tlrFf9pDdTBnByEpYBNg9Y8mJ8WRlyKVYdDMmFHSdJJ5ntj6PoEH5NfBXyVYZErVdmqev+G8/J5vjEuoBXTQ6/rPP/EZef4wIzAtZAF61PO8PJnwZ8reOxV0Y8k7gdJ571l/KZJl4rrO96zp267z/b2669/8h8vx88WvHcek8DzPN5pwoaitfXtPd8bzB5eH5AKbqvafM/kk4+ZkAFLdgR/DP7vxvrk/lv5Sd+tvxXMyry/t9tZIRiaAv0moAAmYchgQarrPRy4xB3PSbeEyp5Cu3TUXtM8rcnLHc7mRL5i2fDbylKeS4IAs3Q1AuNPHztfxqWFFqHYbzAanUz1vxXmqF+BuKONceQj+R9Jnve3Xrsn5Ysy3niV5bKyi9gdjJm3lNyz5K0UsTxGwPpMZqeAQgBAjWVBKUCpMICnR4pVWB6zCAJG0l8KZMUYQ1cX0lQR1pptFGPWAfWLfaUStesiA4R1AQDSooQgAjNXFCAGOjv2gNN4+VQEG1uVWljaBIK317Sb7QitxrrIYEHWMNp9JoeLLrqO43EHhlFGdDFDQhCOARRxQCEIQHFCEAhCEAhCEAhCEB3C4o4B6xRxQHCEUBwhCEAjqIQ1uAwSp00kxmEDsw+TjTD8aigi8r/3ZD1nLkcuxY7mTAC4wznTBoRXHBfuEDoTxD7DmYIHHLiNW49z2mpXxsKI4Wy1nXU10nI7NyOu+8nkSReoEliZb7eimZziQE1zvTbSYczkw8boK1yMeTLmzKEXk9cVHQes6cni/FWMHkQfcfWTZOE/G5rlfGOJYEaTICb+Rg4JzAIMwG01FgbeNl44lN6uTp10kQJuvTSFdXjcRjNfeTq3YSMvyY7YWob2g7aTb8bm/x2Oer4WFH/MZ3+X4+Z8C5PIUszi1RBsDMW52/Uvz8PEHQ9psuYKOR9zsdYm8XKAWA0G/pHiwEJ82Uf2xsD+49hNcUzXqeF+ROYjxgOCldTsNNWdjJVw4OXL/APq6E0T+70nnZtER1NOR7gNgO038PH5HlulgnFi2B+0TF6yc+InNzPSsSP5HkHiOK5G+7svWd2ZGdeWFuOPHogA6DrNwiKi4UNX9+QDSz0k5QRjLIwTEi8SP3MZN2z+jf48XOXkPlbGVycrdD7SZ24vJxZwxU8XGM76ljODNiZzS61rF4zHHyYaNRE3ZwxK08fGWyK10T3np5MGAZMKbZCPt2sdzPHxeQ+NuS7jUXK8jys2bOc4+4gCSy2o6vI/xUfIuICnBr6zyttJqSa63IRA7hQ1E9T0mpMXr7TFNXSjSix/u7xnAQAeQs9IXWUJ2p43ioE+VjkyMfsXYdhfrLfxsKZ0wUGc65a2X/kEn5Q2OTDhyZUf4xyIoUJ1YPAZF+byCMYB9indv0nV4fjsubycKkJxoAjWjE7g4vlb3ZMRCgmS9reIbJ6ZZHZi7agoQfUTHzcjuQ5P3AWJvmyo3lGr4MttfephiK5V4EEtdoALNxOOU53EeN42TIjutlUGoA6zbFT+0mr0uegXXxvGy4GNZiutf7j3nk48+PHiZTrkqlrp9Ylt3+i95Jmc8c/q2zeIiryVuRHScuFCzFGBB7VOrBm5KQx48Ry9T9Z0YPMA8gPSlaI5dZds+rOz3w5cgLeP8TWrJqAe04TpPVz5P8nyAtqpbQep6TzMyPjytjfRlNETS9VeO/HMp9Zo7ZFLgMQrakTLF94/rN2YdNRGlZBiTbGUykqe0ClLqK7RqpA1iIjjzF3ZEMY91dJXEqeR0lUa06xTWbaZDWs3xLr9d5Px2un3XNfGocideOpjUJvDdhyx/+07zMouMcnOvaerjpl5mtrqc3n+PibGcwrmK5Ef8JmduV4cJyKxBA+gMWbyfIye12oDQKNBITiXAOgjcqCAn8ZrV8cJwgfIC2w1jILlidIIw5W2kFdORJJFwL9q4h3MMaA2T02kHhejRrlC2twhspa16x4cbF6A+plp/v3HeajIcCn46LN1Mib6aFeGMFhvtc58qn5N9DNOeTIA2SzrUXkKA9Kb0sGGZ5Q7HiaXQdepmiZP7Wm5GswLlRxbURnOEx0v3StYRy37a0jUrzDdtxMVDO2gsmdWHw2Ks2W0C7ntJatjQZVZwhoDuY1xPz344wfc5009J2+Fh8DGXcXkdcZbkwsA9KE4W8jJlwl8zFnO1yav4SSXd16i5cGNFTxhda8iPcT6Tmzo6Y3yZGstuDvMcJegSxXSL8jlJyIoviANJiTKW7P8AaObyAHxqyjUaGZY8mlHYCdGDEz5eGysL/SZ+R4xxk8CCPSblnhPRpmQBQQD0IMbeVlOP4NDhBtUIuj6TlsgwDG7vWaMbfMAAta+mkp2DDn/GbFsGbwwqtedTqCNT+skeOi4jeUHKNWx1t+smpw5OXvsGA0aB++tpSsFcXKpH7qlousWQg5Aw/hHjYFjIem6YA6kbTLLh8hcZBU8Bry6TdG4AHYTfD5rglFo4zoQdjM7fSbPbxySd4p1ZgvyMVGl7Tnav/pNty6UUcIUQihAcIRQHCEUAlCq31ihCOhW8dUp7Zq3Erx8uAKwyqW7VOWMMV2hPxW/HmTi+3pJAJMSnWMWDpACCIqjaECYR1FCiusIRQCEI4UQihAdS0xlgSdO0kE7CXqBVwzdT8ZECDK+sY12g1IA26ykzZMYIRit71I/dGykQKxZciZFce4jWjqI8ru7ljoWNkCLG1X2i5Qe1s4QVvpFgzDHkDOLXqJkSTFBnDq8rLiyBWx2O4M1x418nxHPyKj4RYU7t9JwXCQz+jo8bzcmAMtKysNmFzDV303YyYxKuNcnsYDqs9L8f5x8jyVXKmgFAKaGnWeTyJ9SZ6vg+Pn8TBk8l0Ksw9kz28EnjfR+bnU5GbEfT6SUVTyF8lYbesjFgfPjd1ocdWUnWLxseT5Cw1x9+0eJ+iXtt35cWUUxHYyRR0PWdvm4DplQEqR7iBOE6Sy7AiKNGAYrqDR7zXJjJVXGvLSevgx+P4PhOvkY+b5xrYBr6Rasz28IzsxfifPyYhmGIjERYc7VO/wDHeF+McE5Qz5OiNoK/SdOV8xVcAPx+GNAqmyPSS9vhf6uPF+BOfxkypk45G+4N9v8AKafj/Ebx83Cgcl0W/bOjD5jeLi+MJeMG1b/jOTL5r5MuQIvBW6iTm++Dck+Y6Pyniq/vTIqsg1QHWeWTiZCmViT+03GRkDXZN73OfKCrlWGssmM3m74SeI0Gs28Tws3lPWMe0aljsJhQvWe14vnYv8XF4+McHJ4uRuY72ycTVmby6PgzZ+GPysgXD4/RdAxG0fhhfK8tsxP9rFoq9I/zHk48WJPA8cAvkAs9Z1eNg/x/CGKvcV39Z5rbOu/Pj/q7SS9s85zf+keZm8vGPyBzjZdPQ1Odj/keQ/lC+K6/wmzeFkzAY8g+NtTc6vH8P4/AfCaGRrHpNflJOPPj9knS288S8/u8p8o8zyA7e0D2kfSZZXfFlsX7dA068Pj8HTQEg+4TZMOTyc+TG6EYW+0nuJv8pP0kY/DfPnXF4zZ/IzL8Y94Os9THgXx+ZCg5W/adp0+H4eLxU4rozbn/AITMH5Gy9cmM1cze35Xjw1Os6c3m3wMGPK6scvsddeMjL5fwY2xpYII19DvOnjbrf7l/ScPm88PhhSNSeN+lycW/9Gr/AI/fl6OZgBjC7UCfWcvn5ycYxrr1M18Ff/w3NxelAdqnHlYZMuR1HsUUfrJ1mXPg75f498Xs6vHwA+NybUMNRB/Hx/ClmihsTLD5iugRTV6VOjLjtcYBrXUS3d545ZyfjMy8Mlb5cjO2gGgnLn8nCRx48mU6TXz2+IrhxaO+/pOPL474eJc6tN9Z1vP2Y7XtOPuFwIjnIRQOpExoNkbiaHSesAhxqrgHkJw+Rgx+K94/tfQg9Jet5Tt1mbP3c6ZnwgcTRBuL8hky+QUYi9Kiw4izENt0lsKIUHVZvJv1YlxHjeM5TUUbnoYF4koeg0E52yOqkpWg2mKeb/uFHvF5WXLuPTHmLjVrXVZxZ/Jx5sdiw4Oo6GS/kmg24IozlDCzMzpJdb7fyXt1zW3k5SPHUL13nKvICgK7mbZClDUEdpm2UX7ZtznggPfxMvIOGPTrMle25NOrEnz0nIC+pi3JyuXZHDc35tiT2n7hM8uL42K3ZU0Z0riR/CL8h8ibL3ElsyVrNuf64RgyuoPIWDvOrHkC4yp6gzHwMIysVY7Cx6xZ+QfTpJebiTZNn6Iy4GRQxPtOtzE5W6GbvnGTD8T/AHL9s5itHQTU+pwCzMupjRRwJP6SaO0okhaEoCpBGmkuhUn5WNKBr0jyYsiJbaHqvWQwrHTWJFbI/Eb7n9JVouOivuP2tchFJBe9AaPfWB0eN4beRkfHjI5AWvrOjzvGGEYzXHIF97Xdt6Tr8DDi8fG2c6kj2MP9vWed5eds+XkdhtMbb2+kXx12+b/sz8fxWzMCLHeJcKjMceVuH/N2lO7Y2DhSqtpY2NQ+MZ8go8Sep2mtv7I2yeLhGI5MeQNx3A0uctPkcYhtek2XI2P+1l0UmuXoJp5WNMJGXEbUi9In3P8Ao28PzE8BcmFxzo6Ed6nNm8sO6ZF0Yfd6/WYHSnJPu+4Q8cqM6l/tBsx+M8+1tuZ6d3n5U8nBjzgix7WA/lPNJ1nV5GJEynnapk92OuxnPk3FdqvvJ04mRb55en+CVXyOrcttOP8ArN2RfH/JsxNA0f4zy/A8lvGzDKt6b12nqZh/noM2P7wCJjvP7tv+NmEvF6z/AC/L8o38TFnTNkfkFQn7e8y/L4Q6HKB7hOEef5GC8bHbTWTl8xswOu/SJ/H2/KUnfiyzz5c1aXM3rlpNVXla3UydCp+s6sxJEUDCVopSsVNjcSY4FMeVsTqd48aBr9JFykYqb6SINj6iKaZiGbkoq5IClT3gRAAGBBBqVjW24yh1eMntEg936S82P4vbd3Mg1a/pJ6J5V1oGBAHrHyAMTPfSpUHXSIwLacRtF0hRDSAqGl+kCuWlCAqL+kAa9YAYoQgAhcNIXALhUPpGGNgnWoBUU0LLXe95IFmh1lNTAEjaUUYa7wruKEhqd4pZT+ENO0GojCk7CUFLXXQXUnk21wGQ3URQsxQohHFAcUIQCEIQCEIQCEIQCOEUAjhFAcUI4BCEIQRjUyYxADCB3hAKhdbRgHrCrgKoxpGaqooAxsxRtvJgel4Xm4MIxomK3o8zuXc/b9AJthzriQnO393K5LEjYCcv4/JmGUL42INl2LEXXr6Ssnh5suTI3yBih/uHoD6TnZNvprO1kzff+o5/I8vJmY/7TsJeLwsuTRRZAtvS5gUKMCw0BnpYfOV1+NP7aqOTt1M12tk/tTrOu/3bn0J/F8fxfHDZVD5TqRc8xiCSQKB6TfzPI+fIXuwdB9BOeWSyc3bV7dvyvEyTiR1eNrir/mv9J0D8h5fk5fixA8TpxGtgdZ5wZgKvedv4x/I8fI3k4aXiCvyMNATJ2nFvG+mZJt3c+j0s/iZeHwkjACAWvVv0gfF8UKmPMSOItQNlUdT6mRh5JiPmZ8hyPlOnLdz0odpzYB5Hm+TlZjSpp6eiic5vO3iL9JOa9FGwk8hgRUUe01dL3aaoyEoL5KQSQKVa6aTlzZnwqnh409zn3dSxiyY3xY/7o4uTX8I/Hfppe1n7ef1UjPlfHjGhV2LH9qrK8p8hLY8K0q7AjVx1M58OQriGNiBj5WwG5+pls7ZHXNjYg3R7ce0uXdxPy/tzffKcRbxsLv8ACPlY6M+yg9hODywy5fkNe8XQ0ntJ42TK2Rs6kIBePrc8byFyvkKsvGtumkvW7d4+p2mZ5z1rkN3NQrKgYHbWZgGz6TdCClE6mbZtYs77jeZEkm+pnW2PQNObIKapV60lYiaKC4NmqmUtW6CFq15Kpo6qbE38NwpyeVlN8NfUnoBOYtV31mi6qF6b/rJYjr8fOnjeM+Z25+TnJKYuwP7mmiJXgZHbTkav17Tk8cYVz8s/2AWe+nabJ5H/AJHycfiGsHjFtFUWf/qZiz3+9p5/2R5GQPkxJiBL/GFYDUkmev4nijw8SpwB8oiz/wAv1Mlf8fD5JXxlBCpZYa69rkeb5TY8K8W/7i2QNxM7e2TxGtnXb5v+vDzvKyFsrs5t2JucL1uJ0Hk9t2nOaNidWOq0Lj2gakV+k0VSRx2k4OQIJ1HaaM5DMQLU0ahbCwhseez9w+2Z+TjdX5HZp3eIQ/kglAzhTwvYHufpOTymZGONx7gbJkl259F5yX51hjFtXedni4kbKAxpRuOs5MbMX9tA9+01xE87GoG57y1Pcp5heRiCSL0Evwsxw+Yj0HKnRTqCZBJJLdZOJ+PkJk/2kGvpHol50Z3L525aamwNpsnx/GCzVW4k5gDnfIxFOSxHa5IUOGUddhCXFPlCe7H13ixeQo5WNGmYxUfeaPbrJZVGgNGPoZDyZ3Y0CQO0BmbiUveZ13ilXIpAS30jffTpBMgVSK1PWSTf1g9m9EAjfrNcXirkxnIcyJXRrsn0mJIr1mvhnAuYP5BPxoCaG5PQSVfTNlKMRvXXvBcWRtQLE7c+TJ5mMfHgVManQjczmZ8mMcGFEigfSNTb6aLhX4/j52xNkL0lkKq1V11MnC3xoBsWiJGuu25lYu66sGfGmE43NcuvWZZFQqGx7DvMGNsANaE0xLvzNCQZ5BvMCCN5q5smpBJ410lah434Anr3l/K7YytmibPrMLljQQtj1fxeTEmHIX1c6KvcTJMY97cbq7EnxwGC8R7hOxnx4vEyqRTuPb3nO3ld2SXj8dcuHMmPG+StKoD1nKMpyOPkO/WZFrTh0EkWde03jOPQf2ZVo2oraacbxLlQ2SSCvaR4udPjZnXk2MEj1k4vNRQP21bV0uYy/Y3+p4PGx5s4ORbTXmC3Afq3SPL4nh5yzeK3xKultZQn0YxOMrJqjLhzUW0695rjyDKSSpXBgUJiWvuY9ajb8kvovxfgMPIZs4rGFJBGxnD5GQLldcZPGzV7zv5Zsed0Kv8AEV4lRvZl/wCH4yKjZFBDGrMbl2861eZPo8ghsjDiCT6TZfBzNsyE9V5C56j5E8fGy+KeDY9RoL1nlZ8i5M3yqKLfd9ZqW36Js9JdXxtxcUYKK1gvujoDSVNU5OSuldIgxxjfbYxjGSdNjNsSrqji/rCbHIWHIm7O8HzcxRUfWdHkeJjVS+NttxOMxGplEIXCVRCEBXWAo4yICuouAqhC62hAIaQsdIQCKOEBrGBrEN5rkStQbgZneKEIFC6iq4uR6RjU3CJilkdRtJhShGATLGPSDUQqVwNx8CNYNGP2tZjei1jaTr2jWl13PaE+obSBJHpESSbg7E0TAUIXFuYVdHQd5XEneSBRHeaDXfSEYkaRTRhQMzq4WCEBCAaVFHFCntrPR8n875WfBjwgBOAosP3VPNhCY1/yctHXU7maLmTHwyKxJP8A3FnNCD8Y7h+W8pE+PGQFBtbFmYYvH8nyXPxYy5Oug0nb+FzLjOUHEmUke3kJ3DN+RyupxKuAbEjQV9JLx4wlk45cHh4Ux4cp8vA7qug46FTOnwvx6eYTky5Mi469l+k6wuLxctPlL8hbEai5h5P5XJkPFAAFOyjeZ23wcS8/by6gcGFKxqTkTSJ/G8d2x5uZV3PTb9RObw1yZC+ZgQ50A6GbcDgYs+l/t6THiun/AB8YnIpyeU/jIR7Rynm818fITkUtiexp0InZkP8AeHk4WrJWoPWec2R8hyY8mgvlx9fSb6xy7Xltm8tcmJMhWuJ42NyPWRmx4M+P5MWW3UWUYV+kwbEPj0P6Tn2msX6i5pgzHDlXIBy49DMppgxnLmTGN2NRfA9L8XkHk/lBkyrzB2HafS5fIxZPYhBA0P17Th8f8Vg8THSf98j/ALn1iwtg8Rhjcjm/U9TPL3s7XZ68O3Xrevvz5a+U7Y2QcbJO85PJzqudsT6AroR3mw8oZn92hF0PpPJYtn8xmHc6ek1/HPn1GP5O3xfbu/HfHlemqzo1ztXNiZnx469m57z5p8jYs7hSVIPSbY8z/wCM7BjzVgSfSa7fx7zrPXv2nD2vL8kIcWMH3k3Q3qc3hm28nMDY11nmL5eTL5i+QwLcaBE9HMcmPxs3xqQcmtVWkl6/jM+Wpb27bnh242OXxl1rIdh1m3l+Mj+KEIvIKNd5895HkO2HBkxEo+LRq0M7vxn5DzM+Tj5Dc1A0Mzf47n5S+K11/k5ks8zHoYQMWE4WsMBYnleUWw5Pjxm1zfcs6vL/AC6IxUD+4unpPLbPlz5RkYiwdBNdOvbdp/J26/j+Mu13ZfBQLjbAT8i1yX/WPJnynPjxrYIO/ed/jPjbGSBTsPcDOXLlwL5KKdWO5HSJbbzzjPedZ12X4SMbnyjnygkjv6Tn8/Kch5AEKDpfaehmyKbHTvPL83JzZcKnSa6+We14vt1hTm8MMTsLB+k5s+RHwgv9w6zZsqYvEXx2OvcTkdGy4KTUqek1J/uxb4/RyHMyvodjNhmDoSfv7zkIPIg7jeXiNNrtNpY0byGVCn+7rM1UuNI8mol4144r6wu8KPFQFPWZlXLe0WREQ7sCN5tgGUOQv3VtJUcmQkmqo9pfxgKOrGdPmeGwRMw/f931k4sIx8cl2exidtmxq8J/xinEvoG2npvh8Y+MuPEv9wjU+v1nFnd8z2+lbCdXiO64wQNL3mO/Ml1rp/lnzHOv4rMMn9zRepmGfxlx5zjRiU7z0uXlE8W1RvtPaZ4vGdmb2E0NTJO1nmtZvEl5vmuDxwyZ+KtNiSzGxqu81/GePiyfkD8h4hSaXvMvPdcHl5kQ8lsgEbTX5b2z3ms3pfx3f+X444chByEjvGCza9pmd7lgkUZ0RRFgMN+spcLtROixYn4HUWD0hkdhoDoekiO/A/g+KLYfIzdJwZ/IyZmtumg+kjW7lol/+roO8Z7ava5npnRMFGuu06KR8iIul7+hm+bBjxEB01P8xGsa38HOP8RvHY+7UKTtr0nDjQczjP3MaBMt+eMLw2bceveaeH47Z84v2kU1kafrM5lt+V23rJ8eP3dH/iifBL5XON1JIVjpQ/4zz1DIpZPcNp6X57MGOPAhNpuvSZ/i/FwZgQ7ENRtfXvJ1ty9r9mu0mzrHPgxv5WQHJqqDUDeh1nPmf3EA2imgD2nR5Tv4uZ8ae0kA2Jj4iYsubhnNBwfd2Peanz6Zz5+Wz5sTYSuNaxkUobWj6GcVlGB6jedfm4lw5TjS/jWtL3NbzjO8sXnxXa/lDyFUMoHHTSc2UmyvQbGX4iB3on9D1j8pAjkKpC3qTJMlxEYgwAcbdZ6n4/zkwoceTbWj9Z5mFwFKkbzZAOBuTtJZZU3Lp/kcmPJkGROuhnKDU2y4AeJB3mbYyuhl68TF3TU6yCuR22uaBDxsSw5QWJdTXIQQaO8Ut35EnvJlaEIQMAgIQqA70i1jEY10gJTRBlF+o37xrjBB7yGBBrrIeWhZWwkuSXvQ/wCkrxfFbNkqtKuYAWQJ7HhkYgqnUhSRM97k49rPMjx4Qimw4QhCDSEIQCEIQCEI4ChUIQC4+ViiB9esK012igEKEcUB6iaB2YVYA7mZQgxZJU7gyTFpCBRa0rrciEIURxQgEI4oBCEIBCEcBQhCAQhCAQhCA4RQgEcUIDijhUAjEUBCAwuH0gKvWA7/AIxjSWqYmoKTew7kwfFxr+B+smprLrKGpiIINGVjUk6C+8qpbQ1FNcwF8gNBpDDhLtZ0G49fpJvsl4eh+PbLgyY0W7J1RRqSZeDFkw+RnXIV+TIbOMa1resMWdPAwkgh/LcUR/8AbB/1nB5OVEzN8BJBFMx3J6znJbb6l9/LX55JnmNvyRIw4gUAssQw6zhBIFbBt50nzS+TG+ZBkx4gFXGdqEthi8jKMgFYqoYx09JucTLE7WXlxGG503m2UYiTwBWtKh4z4cbHJlslR7ANyZrU3htg8OqbMLfdcX+rTd2R8RxmqUEqo0W+85284nEyqKZv6TFMpIKnUkUKmc+Wb+Vb5PId3Qs2ioApOygT08PlYx4WbJhTjgwAAN+58hnB4/43yPJIfIPhxLoSd563jYPFwJ8CEOmNxkZjrbAaTHey8TnPh06dc83N4+rT8f4+TAi+Rm08lxYU7qD39TOfN5HhuMj+QC3kciq4waUdv/rM/J/I52ygBhbtt/SaeV+NGAY3Yc8uVhzbsDuAJjMu9vPbxheZ/Zx16/P1cLBvbpoNgOsaZiHXGRxRj7p6WJfHx5865mCsQFwodAqdTMfJfxsrKie4YNARt9Zv894z92Px488/A8j8ocQCY3sDQjacvnhnTHnOhcaiZfkcARgwHsI5AjqfWQ3ktmKXsABQ7Ca6yTMZtvvlmVVV/wDVsInxHGD/ALe80cW6k6AQy5CyFBpfeaGIz8VKn9Ji7cjL+AkWGBPaS2NkPuErUkLkAhAHuO59IlNG4jAQqibM6MJTW9gNPrOaVjycbvrIlnwvMQTY36zJHfG3JDxO1j1jZ+Tf0kykjc+WyqExWijr1PrOrL5SeRgREXiUFE9yZ50pCwNr0kyFnDqQaOt/aNZyCi1DrDk1mjq287cPinCnPKKZunaLcJ1zWZPFQNu8WQgANtcefVufQjSZuyGgLoDW+8I9TwwqZsLYx72wsxvvPK8ks2Qs25nofispy+WGbQLj4Aek5PLwMvlug+29CdqmZx2v6N3/ABl/VjjKKvI6sek1VrFjRQJd4PhbCqg5GIJyHoB0WJULjgB1/SXWLid5krBXJP6TpOIo1GtOsxbAxagN+sqSxfL5kACV8e7d7jDjEQeshV+MkMbHYTPIDZBlXy0z5BkcZep+76yMtaESVWjrt1EGHH6HaF9pMmbIqn69IZcRX3DbrBvplAwhCiEYVnoKLM3GFEUWeWQ9thBa9JPIy5Fx+N4KDnxHJgNpOXxGyq4zH3Yt61N9py+Nnbx1yAaMwoEby8WTLixsh1OTe/6mYzL8M2/eONseRWveusnIrDU7NrPRXEGxkMLUznz4QqCthNxJ2YYbJJE1JWq5RBVK0vtvTSI4ANC30kLiOXbWohybQCICiQI0BD/WVpFVOrCA+P4yOt+tzmI1PpOzw1GhP6SUrrwcVtQOJqY+bnR/7Yu06zo83OMShMKAFhTMen0nkNys8jZ7zPWbyXzml3PSDaAHoZLb0DYmmLibVtARoexmw8GYY+V68hUzABJJgaGkUDvxfkHATGup/eT2HaVhbPnrgNFaxPPDcdV37zs/H5GLBb+02BM2ZzEsVkPk42OTLy1OpM38rOuXwMbqaZH1E7289SjJkCkVXKtTc8by8K4snFSSp1o9LknPmZhx6vlnl8p3zHJsSKPrIP2zQLjdSNmG0gK1aj6TScKwJdmGZCLPUbx4nUWD0kZnYtY+31j2c6QyNQA3EZyvZ7zPn20ks969ZVz6KbK50JkQhDWCEUcBRwAhAfLSKEUBmKO4QCEIQCBhcUClmt6TJd5Z2liUm0MmUaqRFWHGrUdooHWQUuSgVqwYyqEclP1BkBSYxpCfosOuxFVD3M3YdJnKTkTvoIMajGSfb01gotS17biZm+hhyVVoDU7wmU3OgIh8qstFQIY8wUFWFrMjvpCyGGIa43bkbqhJAsxQuHGgs1JloeIuCtVS3voIO+PgQB7r3iJYLY67SGHFQDudZGT1K3/GSwrXvNUAKBRuZkVokQsT1hDaHWVRFGRNvH8TJ5NjGVDKLpjV/SBhCU+N8bFXBVhuDO38f4GDywRkzfE50UEafrJbiuCaePjXLmTG7cVY0TOry/xWXxn4rkTMvdD/AFE6vHOLFgCf4yZMi6/KTrJe3GnvP9uWvg4fDw+YcStyWqt9NZp5vHFjfHjJIY2STMfFwr5Gc5PJSg2wGlTT8tiOLGrYweHVukxbzmn43Lc+v1cuLyFXE6ZF5kjQjcQ8NTjByOLQ95WHxHGTE4bkMo2H9J1+VmHi4FHAUTUtvOT2dZM2+mmWh4QbASxu77TgX8njZVTyeQKnUjW5u3kf4uEug5YnHuXtPJBRn/uClbYx1idrr0vJ/J4MqIi4goQ2GG9Tl8jL4eVkfApRiKcHv6TjDBGYbja5WNGY6D9ZuROflo5JFA2BOc7zd+V7URMG3lIUrE5x5FcbqbkxQ09VPzGY5MjuxIK0JeHn5+bFkAPFB7zPO8bx8mbMiBSQx1rtPfx+D/4283iZvlxP7cmFtGHrOPe9evE4vpevS35s/wBeGH5SsOLFw0ezTDqJxuXw4cfkVqW1PrNc+UZ/MGFmtVFD6zo8zFjfHi8bGQWU++un1metydZffN/Q7Zb2vxx+7zPKRsmT5Tpz1leMuEuy+QxRCKsT0PyfiDFixMuvHSeNnctkJ2nTpfy68M9pZ2y/q9P8ZjVvMCp/211J9J6+PC2fOzBv7C6ca/rPF/H/AC4sLZF0LCp6eHzk8P8AEjL9z2VIPUzl/JLvHPp06cSb73tf2a5vx2HIjroOXUTnCDwh8eNOTdfrOrwMoPjLky7GzPOy+Q+byzkxj+2TQ7TMl5m+G+3aZLnN/wBnH5WEPk+UWOetdjMmVsePkBqpnpeT4ugcG+OsnymR/BLFaJO47zr173j7MXp53jjWZ/J88Ssw4uBoRtF+Ow5fJzP5OQWo7TDH4bZfHL3SLOv8U2XEjIp9pNzVyS/j5c5zZvt25Ed1KqPW55yYw/mjkPt/0npZ/Jfgyro1aTzMLMGfM96DU9Znrq95PE5Z/kcyvnBx/t0M6PADYkLMp92oM5MAXJmDHW2nrZs+JAuOqPaaviRj3vw8z8pwYplQUTo04yBxsT0PyKHIFZRtoZ5xVkajtN9fGHlrjyKFo7nvKr3afb2mIZTNFcFhKlVyGM/INxNMPnLjyHMAC3UHqJllIagv6yfHxH5L48lH3Adpntmck+d5at5obC2I6gm1vpDxmxZDWRuJG3rOwfjsC+K7sPu1Q9RPNbws4AbiaO0z17dbucN3rePft6CP47eWosFdiek9lPGxYsYII4T5NUdcnFvaRvPVzeHkTxRmTySyHWr2mP5Ok4/uzXT+Pv2lvEuc/D0vIVMLl9kI/SPxiubH8gri883L4PkN4K+QmcuvGyp6ek4PG8vyMRKKxo9Jmfxzt1/tu2cN/wD2WWXtMlm8V0eV4zBnzI3U7TzWZmYltT1nf5BzoKb7Tr/GcXGiTO38e5y5d83iZfbNhW0tEJF9JJE63wInjLkVwWPSavDPlkosXJ+NnahDHYU3tNMeSqAGveOWUpgblTdJ1p4WdXVkAZTrRl48R1Y71c7/ABs6nD8ZHvH85m9r6akl8uMeMPkbI1AiiFAmSp8/lf2ySRtc6s2QpmGM6+pmiYayB8VIesi/jLx8efqeP8b82QM7UBuJj5Kt4vkZMuIgqAND/pO5UcOCTQ6icP5ZbBA6byS7Y3269Z1uT3HBgY+b5Y+V6Ztif6TXyA/jeR8mIlE2mGHxMjqropOupHSd3kHH8AxNq/r/AEm754cfO64fLf583yVoRr+kwDtjfkv7dpvmtcPt3B1M51Ng2dTLJi+ZtPJnfK4dt5DUW0FAydRLVWfaVV4XOM8p3IU8jHbC9dJ5tkWJ1+AmduXEf2xqZntJ5Zu+leRg4G1G0QIGOzoZ2s+LJjYsPcu4+k81iX22kl1GmQ144PUGJsiviHeZZGYJwmIJEsiyOnFkABU9Znle9pBbtIuXFkEIQlaEIAXpGYQowYo6gKMGLaMQGSQLmvi48ebIflbiBvMmGgiBqSzZ8AauRra9Jtiz5SQL+3r6TCa4mHKz2Ii+FnmMY4oShxRwgEIo4BCEIQRxGEBxCAj6wA7ekUekCKEBCMa7RVGpogyhbxSnrlY2kyAjuKEKIQhAIQhAIQhAIQhAIQhAIQhAIQhAIQhAIQhAcUI4BcIRQHCUrAD7bPeaFMYVVW2ytWg6E9IRjGFLbTszfjmwoC7XkNDgOkxCnDkCcA2Xuekm/Cb8IR3xWqinbTkdwPSWrqh44x8mQ/vP+gk5DkdyX1I00mvin4uTEUzCl+nUiL8no/hIX365GOvpB04ZBjA0q6moYLkLk2oF8fWZ48g5ZMz6kaAeskZ5JELsz5Nk3Xp9J6SvwxKvBS6KWfKdAnZR9Jy+FhfLyyt9q6gHYt/9Jh5+di3whrUfdXUyWflcXnc+WOZDfINzJ1NTLc6zsx+Bn+BM51GW+GMbkD930mbeI3RgW6qOkss8au5xWDMNgJ2p4mbDj+Rn4mgVA7tK/G+LiyvkbJug0vb1MnyM5Lb+1PsEW7cn7pbxnyxyYXoFdDOZgVNNoZ0Jly5XCbljQEvy/CzYR8mQjU0FBsk+kblyrN9uOd34ryPC8bM2bylLlR/aA6N3nF9Zq+HgPeOD0KQ7/rLZLMvtrc5et5H5VPJPxoCiAV9SZjl8lQpXHpxADH1nJ44JxFRjtrsnYHtfpNUwVjbm4JLfaszknEYu23awZyH5XqCDPU8Hy/K8vKRkPNmtiT0rYCeYysSxGpveev8Ah0Xx8LeQ9ciwxoP9xO9R3yz6+mv45vafE5rm8vx8zPk8nLYUHit7tU0/FHF/j53ykAEhASe8v8gWdfMfn8nxuuNK2F7gTh/GeE3l+YvjZG4Yx78nqF6TH/HttzGs/umTz8u/8nixomNVfkSKPr9J53BUNnfYT2POHjrlKg8nriiD9oE87InMFa+0fzmv4+39vLn3n91zP2cy/dV6jaPIedFvuG9aSeNe4biWKCczqDN1GYFAnr0mTsxHv6dZqw4vam1O0yy+9xx/WCeWUdaTb46+7p/MzJ41rSJuKoCEqiUVvaTLUkCBEtdATJrWVYHt/jBXd+N8ZeDeZk48ENLe9/SXlztn8YmxYb7etd5w/wCQ64xjB9l3UgZWXkFNcpj8du/ZLtdDZUbxgat0NfpMMxUuCh0IFjsZnZ19d4TUhJjq8LMvj5fkLUOvr6TXyvN/yFdOIRPuQgWSe1zgUi7bWuk3uwF0OR+g2USZN0ujEQVIOijeoJlcmgaWB4BSRr0EnIKIW+lyo3Wi3uPSTmyqfYPtmQ5ECM4WoG4TPkjob3m2chk5n7gADIGIkqDpcbhLFWV2qVWfMNUCtp6DaLMio1KZviYNjCAW3XT2iTS8cxzlTVjeTyaqudr4UvgmrAWzdBc5mwMq8mNWdL3iVYyhU0+NQavWWioylRuNSZTTx5QihOJA794JkLtpDmir7hfS4WuNSybnaRn9iLkOt956GLzvHXG3NBkcnbp6TzSxyL63rJQU9dosl8rHoHNkyDjVE66dJk1kFbv0nWfIxKF+BSaSmPSz6zD46XUUTrcnWs1xNyS1OkXMkamz0mnkrqCDekwE03MsdGJ8fMBx7TvNHxjFj5HR0JAHoZyVsDN3yM6gMb0ofpBxGGx11ud6IuJFyA9pwEm5eXMXroAKAkLNdPm+UcuT2/ao0mKlW1OwmFx67dDGYY2PG7UbbzM8CexMV8SQDpDHjfI3FAWPYSkiilrY1khGO4M2xeO+Rq+1R9x7T0z+PYKCSCDoMgOkze0hJb45eZh8c5G1FqP0nb4/gs2b2KVRd7M6MaeF4ynkW8jMv2j7UB9Za5my/KFW8jAABNgJi21rr1ls62831HJ+RxhGTHjPtA5E+sx89+WPHk30on1E71wlWYup+2iW6TzvIRlU4mFa2ty9L6+Ge05n+zlGWjY/WbYvKULTryAjweKuYleXHTczT/xeVlb46dl/aDr/ADm9kPxlcbkBicZ0MbPyUWJq/wCO83HfPC4rW6sSU8XyMhIx4ySN/SNnzFvWzNlYUe0fHvpNMuLNgY48yFXHQzI3espyKhGqk/SMgXprBqYR0YoBcIQgEIQgFQgahAIRRwFCOEKBvNBVTO4wZUpkSagSYSChpC4tYwL06wFEZYQsT0qRUBjWWTxFCJRQ5GAFm4SmI2C9NYuVGiJSgMTUIyZakzdzxStLPSYQ1LohCEKe8ocQQG1HUSIxvCV0PRK1og6TPJqQenSMuvxGvukBiV47wkPajenSWRs3eZWdB2miHmtfuECHUDWTNnX23M1xu5pASewhZSsR+5W9t6dp6eH8YqYVyv783XF2HeU2Q8iceNR8erAyb8JXMnyuUz+TqNlZhoZrk8gNjOPgqG91FaTXJnby14uKxjZQNImw4qVSNtpnflZ13xcc64+QsLXrOn8fiZfIHNCQb+hmjr/+EbKmnHQnvL8XNkPiBiOPG6bqRM7crUk2ffW/j+VgxNl+QUoOk4vyP5BsuU48JvCwA4dDL8/4h4yFNn1bvOEY0dGcE2ui1L1k8p2t3Jd/R6P4/wADyiRkc8QuwvUTbzPHxPjyHNkACjStdROTxObCzkIYDUEzn8lwMhxqSf8AdGb2Jx1dePPm8PxBnBTLhy+042GonljIvIkgFT07SX5qv3Wl/bMrptJuRm88OhceJlPGpAdsVpenWSSlaaGSqhjqZUz5WctiZE2bmq4Qbtq7TFhRqFmegBe097x/F/G4fHwNmxfLlfVheongTu/G+QV8vG2VvYg69pj+Sb182Z8NS2XeP3ex5eVBkxshGBEPtsbjtPP8/wAk5MoVVKkG+YO87lKfkkJLAJiJPE9fWV4PjjJhfyAApWwo6Gpw6515s56uv+V4vHb4+jwc4y4vI5NYb7gZv4PkBfOXPlJC9Z7H5DwsfmeD86KEzYRbAdp82Sy6Tt1s7zPpjH8nXLLLs7cyvd/MflPF8jAuPx/uB/hU8tPGdwMhF8jMMaM5pRbdAJ7v43xHx4Sc4pm2HaTJ/H1yJN79ufuxU/Hg4OPau/eeU+V2PxliUu66T3n4jngYhnYVy73PBfC65fjq2BjpZt39V7zifTh7eLMH8A4B7WC+wmX+KwXhLZNeJogzky48qeGrkEN+4TLwvyXD5Fc0SNPrM3rs7fj8r+WXps8R65OLPhyjGbKWK+k8TGnlufhZWGK71EPxmXyH8s48bV8pPKfR58wTEEAFjQ+szbel/Gf3avH8k/u/t/H3HAEQeORsi6Gb4uGJFrUHaYhRkRlv23dROXyIPj2U0frNZwzJl4LyLsm/QTlzo+PC5AvkNRNvOZlbDjH7jZm+fIFU2LFU0s9M2ed4eZ+PQLlXkPWT5uW8zAa8ToYJkCcid9eJmGINlYg795uTnWPTv+UZPG5/ofrOFjz5cdp0vj40inpqJyodTNRliykHUShdX2nRwDa9pOZV46D3DeVdR44vIA2zT1cWAYcoZMgDdD3E8fkFojebYvIfmLMz262+Gpcu47vK8vIF+NlHC95k3lZ/HOOiHTdRvLy5MWfEUK029+s4GxZFII1WY69ZmWNdu93Z2aZPN+XIWfGAT2hl8wunELQqjXWc2YG+XQxENwDdJvIbb+70vA8vyXxHw8aB+ewJqczq3jeVWXGQRupi8DM2DMMo6bTq8zzB5OQZHA5AVJlnbiTO3k/Kfjlt2X+2enPn8o5aGwAoCYg8hRmzriOoFEzMooFk1NTIxbrFxRm1L8IJOvaZ5KHrDlyAXtKqTY2nZ4CFmPMUvczHHwQ+4WJ6eHKMvjtQA4j+Mnbwsx0+GcBV+TAsNBc5P8hEylttanJgylWIMXlVoQfrM/jz+qXtsk8Y6Hy/NlGRemlTtxZb02I1nB4SkjlDPldMh4GukWeon5Xy9Dx8z5MxHWyK6TH8kRRU7tMfx+b3szbjeT5+YZGBG8n4/wBy/l/a7Px4rCwP8J5bl28o8j+6duLzseJQDpyEYw4GOHKDfM0ZNst2eWp13pxnHNXnwjFjYijyW6M8lMaOW6HcCet+UxuAqrqADc4MGL38hL0uzV/ltmdfGM/Iwk416ETT8fhWyX7bTpzYw2MXH4qIFv0l7Xhz+Hl5FLO1Cus7vAz8MbIdmm+PDjyF1rXpOfHh+PKQT7b0+sXmYlv9GIc2yk7k6zOimm4nofBicnloTOfNhGIam+xiWDkyXvMjNnPLQQXFS8z+k01Kw1im+dCvEnTkNpiN5V0bQlEXqJIgEIR0YCowjvSoqgEY0lItmjB0K7waXI1UmOooBGh90UabyXws8xMIQlBCEIBHCKA4QhCCoUIQgOhCK4QKHfaBI6yYXBhwMUcoUIRSKIQjEBQhCAQhCAQhCAQhCAQhCAQhCAQjigEIQgEIQgEIQgOABJoRTp8bxxkIsks32ou/1J6SW4lZHGQARqe03/HME8xHbQJbMT0oTY4Tg9t2x0of6RN4fPNjxIvFCPe39SZLln6pO3LqKDyD/lZDWM/Ynf1MzdWxkvxonvuAZvlOJSvFf7OH7E/3N0uZeblp0xKeVe/Ke7GZlupZ1zhytjVyCpojQLJyBlAb9yD9SZBLE2OusvDgy5y2Q+3Eh9znb6TRJa0xePpydrbT2/WJsAYlcYtu01TC7sRjDcB1MfEYnD2CBeo2vvJnPkt+ifMythwL46GgBbMNyZ5yqzmgCTNs+RX2Nm9zOzxfj8fxCyLy8rLsx2RB/rL4nEWeNrEJ5eVlU8rVa3pUXtL+AhgFBPaaDO74/wDGx65HI19O09HxvGRMSfLq1FmPeukxe2JOtvMcGQPhU48RFgWa6meeqO5JJqt7nZlLOzEaAXOU6mumxm4zBiTOzq+NTvo2w/jO9MqjMuDAvyZALzeQ+w78ewEnxfNTDibEwtNlHf6+kvDjVxky5TWO9egqZ7b7n6NajLhXyHU4k93Q9PSZ+N4gU5PI8g3xNY03Lsep9BOxcmDg3G0XiTfUjt6TJjgCYyhJLfde36RNzD8iUJ4+A825MxsfWTjxBcTO9KX0xlj/ABaphmZmtSdFN1M+OXLkCglpZ1+UlUWokA2BoDGM7sgAbTEP7Y6WdzLHigMMZeyRqR37TnyOFahsBX6zUxY6/EdsHlAGshzKKXpzbbl9Jp+Sbh5hyeOeAx0oI6sNzOLx+avjzE8QW4qx/mZ1eXntnx4wGUfu7nvM/jN35ava/jn11yrncZ2PI8m3Yz1vD8ZsoGT9r6KD19fpPFOI1Z69Z6WH8nmxYAiPV6DuANgJO8uf2pL1l28s8+ILkdV2U0ZyEsAVv2ztAtW5WWY6kd5xuhDMD0mpfTLEsdQDoJWEqGt9jM2sNFR3msabO9vfT9o9Jk+8aGz7jsNJJ3MkhIXSUiFrJ0A3Mn6TQ5RwCqKqVUtQ2jSySO40klW3ImyrpY3qErFQeVRHfWasljmNPSZQoijihVAEakb7SyUra3OwGgElXYad9L7CWtM3HGPqx3kZoGJeQW9hbNGie1inXTke0Cu+JTpufWVyAUIP1hNT8dkDoNhFkUj3XGchB22iLFzVV6SnJqSAL00uUmbVR/GYu5Zu1aRVQuFz5dOQqy+0+4GS2TX3CpiDqJr5LciCNqEJiX+M0Qd5eNspAw4jQO1bzEAV6zRMvx6jeSldtLjAS/f1G5/WQSzNrqBrcwXNhCiwTkOrGapzZSx0B1rsJJwliXxWR6zFl+PLx2m4Y5H4g6ATHL78mmsukZt2O0GHtEbLUvApcMCaAG3eXWmaD2tUknYzV14WKImJhXSnmHHi4KLN7np9JvifLnXm327Tix4cj8W4n4ywXnWl/Wez5GfxPFC4EI5D2lRqF/WZv09pesjz/IxcSa1E5iBYE3z51d/br3mZQiidzLEmp4njyqwNDLxEZDw2A2HrKxZ0RXxlOQyCvoe8hEZX0NceplauZP6qy4GCDKNQTVdpi3KhYqp3L5Ne0jkb0PaYZWLE8tb6CRNnpzDaaFrUADUShx4e3Fbf7if9JIDMa27yilwvkPtA9b0no+HhTAjAveTINOPb9Z5oDA10uenlKM3yL7TxAJ/TpM9szCXGL5fhDHGAORq96E6szf4+YM1tiKAoT3M4fGByeSEYWvK6+k3/AC7Nk8oi7pRYG0zebOpLkvzrPP5AYMdi3QTo8Y5PHxePqV/yCebdaBnL4ycgC4FLqW/0nR5ROTJjVBS41oAa79Yv/pa68S9vfp3/AJDzceDEcDCy2in/AFnm+Swy41avQNOPyc2XPlAc/aOI/SdXjeRgPiHx8ntdTyQ9/SWT8ZPfyx255ZeO9HeuM708haZWO40A6n1nnoo5HjK+VkDC5byz+jrx+e4xsMjHjqtdanNkzuAuQajHo3/MvrMVYFH5ak7fWVgUHCWY+5T9p6gxk84vOIzs7quTUoNBZuvSYFgTtGQ+qA6A7RMhABJ3lamA3Wugh7lFqdDJJJ0PSFyrhg2dYjodIoQCEI4URRxQHCKOAQihCCEIQoldJM0HIrQGkRKgxR6wgUGBrTaK6blECRGtX7toFnLdE6V2kNRNjaN+P7dYfIwUppRhJ9FLwK1evWJXK7URM5R0A7wuKdg5sRAgCxoYlrW/0gBrUGBtTe8mOKFEIQgEd1FCBVe25WIEuKF95thAUIzryUbrO7xsa+WXGDEcWNdWMms76cDYCWtdb6Tq+PHhRSVAYjUDedSDEQ64xZQbyDhGN0zeS9fJ3kRn46+P5LhnUImPc95rlxYFf5fEygPf21oJHkL4aD/8Kxblqy9BJx5vE5qrAha9x9ZM9m+uKa5cuEuxJbK+7Gc3HM2TiLLMaP6zTyW8bIw+B3sbo2o/QzfLmfhj2SutS1WmbEMDrhQe6vcO0xzD4wEB+7r2M6sHkeKMeXJnavIrQnrOPCcmTGcmUD4Va76zMi3xwrFnXHhHzW2MmmUHrN8/kLS48YC42GnoJj8CZspzJa+MupJHaTlzYhlTkbxN23AizbwS45srjib1o1U28NDXsNq3ScOf4/lcYza3p9J6X4cb8jS9ZbODr/lP1UyMvkcX+01VTn8lOAbLtZoXOgZsWPyLyE/Fz1bepyeZkZ8rIG5YbtD6SSNdrNv6sMrI4tdD1HrMqjI4mPSptg240CN+sditJB9JeMWaEpVAivQzr8D8cPOzcG0UCywnGwKmjsdpt4nl5vGfniNAiiDtM9tsueUnFleqPA8Hxj8eLE3k5W9pB1WH/hvCLjDlvDmfVOBv9NZ0Y2y4fCwjFRz5msXvrOw+FWRfIy+7MB7T1E8t7dp57X9Xp68+JPVyziaw8b8Ti8JcioeYYak7zbGEx4xjVeKgfbDM+b5VbjakEOf6Tlys5ycAdeo9Osm2+eWvHiYWbyTh8tBjXTIOBToQd54v5Lw3xec2JF+/3IB2M9Tx0yZfydsD8WPa+hkeehf8wiI4x5CBwY7XOvS52k/7XPtt69v/AHTGn4v8UcGMZsgvKdQO07cuTiFI3fScqeX+RGY4cwCsppu8y8vO4zYsYU8geTATF29ueT/GXJZnnfOubzicRXIN+s5S3yZRkGjMQQZ6PnqmXxmoUQbF9pj4vg4/7OQEtiY6/wDKexm+vafjt9F69rcl8zXp+XjXJ4Z5bhL/AFqfKn7rn1Pm0vj5eRpQtXPkzZM3/D7P5fX6PT/BhD5ZYj3AaT2fKDcLboZ5/wCMwrgQZiaLbk9J3ZvI+TxsoFe3aZ73+/f2Y6Xiwg64Spb7HFXOXHzxh1Q6FrEjJnX4MWA6upsmdmPxiuIOBZYj9I8eV3cz1Nc2X+4ys33IdJeVxnXUcbFGpWbEEzgnSxtLyBUXsTtNSzhjte3Lkx+FjckOaA2ix48SsyqByTrN/JZlCjaebnyPjdyNLmptjFvqOlygLE7rqDPOZguRq2Osa5i1k7zN9SSJqEny0+QVKRwdGnNKLaCt5V/Fo+MActxMiaOhmoaseswO8EdWFy31mpchSp+s5cT8TcvI55WNpEs5aDF8ikd5jjwvqO3SdmFVyYSRuNpXjlAr42+7cGXCXIjBixEUdCNxMPKUIw4nQzuTJiYCx7usx8nCmROSnUa8ZlJeWeEoQC+05c33kKbUHQ+k6VxAoCD6VGcaKKI1j2suOfFjsW3TpNMjKrghaXaJgLsaDtNOIyCtxKu/1SPiY32nf43BPHyMuvSeePHPM8emsvEzY+adD0kvwn9Tx475H1iz1ovWIZiqkDeRiILjnB9XZiPxIQsxA5NvvN8mbH8RKfd1nAMxU3JNMbYsoxPkBNbznOQs/LvId+Tlh1iU1NSNYrK5YgdtoJmyKQATQNyTqYgpvSU9Pfw+WubCt1zAruTIx4gvprPK8Z2x5Ax2E9LFmXK/t6azl+P422e2u3feuX/j4dGXD/bB/jMMF8T27zpy6+OTfuGo/ScGHPxJB2aWbWO3qkubjmYdDpJyF+Zo9YmQfLpOpMQIs79Zbwz7c2U5QLOgmDs7CjqJ6jojYwG3H9JxeUiBSUiLxvDjFCwf4wTLWhPtHSSATsIKvT/8iaaPNmGTj7aqKgVHeD8dBVQYFN4CqhJBomVy0kSqPWXytakSlOsFTGN42Au4A0YFURRlfKWtW2iBB30kMNZEDHSv4RAxGEqiNN5MpN5Ks8xMI4ASoIQqEAhCrhAIQMUBwMIQpQjhAUYhCA4dICKVAYQMUlUQjigEI4QFCOEBQjigEIQgEI4oBCEcBQhCARxQgEcJpix37ia7DcmEvDKE682FTjBRf7l6zmdHSuQq9RBLqZ24PMXx8ariF5P3GcU6fCKhz7bevaTso6mSl8O7CMaY28rydcrEKidLM2CZcgDLpy0LdAB0Heefmy83RUPNr0A2nV/lZABhO6iyR/QTOX7ufxsPNlCLx3ANn1IkoQ55OLdjbTJlZ2vY1oJvhwsrAEakaCXwIzhPmPtr27DpMVycfHKD7GYEj6S3yXnyOdeKkH+k5eR41LCa6x5jlSn2l/6THmPjOI7E/wAhOe/cDesbueWm0sawsgAoibDJWI4wdasn6zBnsV1iugDvrC47PDJZ3yVqBQnruGx4sQfQuvEAdSegnmfjceRsbMo0dgt/1nrZ0D58bo1jGKrotdZy7+Y1PGPM8lBiVh+8necQUkWNhqZ6Pkcc6Fq4qGJa9zW0587YUxAY6JOpM11rm4i1MDvXSdeHOXQ48hpCeTV1rYTiJvWHIgUJqxbHq5s6L4wKgBsp4BewE52v4xffQTmLghADbDczuGJsoTJjFqAFr16mZ8fumVhjVnznGP3bnsJ2p4+LChAJs6c+pHWph4+XFgOVnHN9AoGx7yMvmPkYMw4gbCLtP0aZMgXHjZRQR219J56g5G9TKfKzIF6du5M38bxWYb8WGp+k1FQTfECzw2B6SELcvaSSx1uNlZsjFdATcvGFW2Y6DQDuYo2pXo5B/wAqjoB3mOYKjtj2CneaZ8gVMaoup1LTDOytx1s9TJIj0Uw5MpUpoAL+swoXk5aX3meD8hnTyQ6mrpVXoOk3y4yC7+uva5JsvJZw4XQXr1kAash/jOrJjJQsNhrOQkWG77zaxO2g6xH+cpvTbpIho40Xk6r3Ma4y2t0O81wBcbHI+oUe0dzJabFZhxBO4ma5NCes0fIGWz9x6TNgALqSMtEpjxP7hoexmLijXUSeR6Sz7yCdzNLmMzFKZCsmFEtcnBSBuesiODGmNlVSxOvQQU3+sgKx2EsKQoJ01hLDa7EoChe2spgGQG5BojUwiGBbKeIvWa8lVb4gx414oWrU9YzwKAEa95C1gSCdNIwjOQBrBkp+O/rNVyqoqq6CVbfhLY+K0P1MyI6ToLhgRMTvZ2EJLUcSJuvkM3tOiVoB/rMmZT9u8i4ax0Ysu4A/WUuJlUuwsyF8n40CIovqxgfLyNox9g6SM4lzZ4gTo8ZDjZSw3nOuUk6D3EzpyMAABfI/c3aTt4xfCsWNGOX5WKodCQLIgW/H+MVfAjZyN/m2v6CRlyq2BUw+0fuJ3M58llATHWfK/lfE/wD23+XyPJDcn4IDaYxogPoJj5SkZeJFEAX1s95KMSApOgNwfk55HczRrbxcalWdvtTVjH5GRGop9P0mS5Mi4mwrorG29aktoFrrvJnOoHAGq9JZc8Q/fT9ZnRIqbJjdsTAV7fdKisbKTzHuYDUdJSKuRT+2pzqGxm706zbARwcgWe/pJ4MaBeB4jczHPkJYA1Y0sTtxL4r+NecMuUED5AbFHpUw8v8AH5vHrIReEnR/+MzO01fws58/oBibgKF1rF/d+P5CKUafSGTIy4TTb6VLz5q+HCp0KjkPUxdZjPFy9pU1Z1MGcDPmV23FKY1ccmU6AA1MMKPl8hdOWtn6CVZHXh8PNwFH2t7vT9ZoUGPE7X71q/pPQ8fHj+C8g9xBNXrxE8Xy/JbyMjMNAdAB2mOtva/o32kkme2X7tepu5LD3nibA2MR5aKenWJL5V3nRn038fLwYdus0VFyMdaB3nOAVeo/eo5bV1hmxTYWW+qnYzEO4uvpOkZASnKzJZy3Mb+lQb9GPLZ1NGS7lulTUJgZdOQb+VzFrBqVqYmEe8KuGihCOAoRxQCOEUAhCOEEIQhShHFAJotnTlQkRiIlMgDY3JjiikEIQhQIGEZFVCJjAJNDUxkDpvKxZGxtyGh7waDgzAcihA7mNcGVta0HWbp5DZCA5LINWE0yeTjNrjHEHtDP5X4ZjFY1Tl6iZMCrAoKrpO4Z8aYOOLJTHUg7zny5sLoCikZhuehhJRjxI4vItsekw8jA+FvcKDarUd5T7gdY7d6DmyNrhZsrFVZjQjQU23KdQwPx5ChfYxYca47Z2oHtB+QJyVY09J1Y8/lpg9vsU9B1nJ8pzPwQUB1nZjdzjYPsopZmkjidmU+01e9RZs2TIoVzYXaWic+QJkOoGnUSkSuZ1XgBXr1mRu5s5Qjkb59O0ki1GUUa3ERfDXwcTvlDDYTv8hTmPx4h7+xnPh84vxVUXGE6qNT9Zj5GbKXL2V5HUiTOVTk+TLkHPRl9pE1z2jJj/adxMEYq3M+49z1lLnvl8g5MNjLjPLu8zylH49fHxvRB1Udp5aqzEdpb5hkxheFOP3DqJtiWlSumok8RpyOvFiO09X8bkX4XvQAfznAMTeRn4KPeTsJ6DHB4XHxEIJyV8jnpcXmYbnPw58uuNlGoY8lmWPlmx/F+5NQJr5WdFVcONKy4iQXBsMJzvkDOGUfG9e6tpZESQDp1G8k7ylJIPWIoTrACKXaNMnAaDfQyQfbxO3SVjXlYqx3lD+XinDcHUekFZDjIP3XpJyYWQ73M9oMj2/wbHN5CvmYlPHFrrtPXX8pj8rzThxG0X93efJ4PKzYAwxtQcU3rN/C8r4GJQ8XbY9px7/xbbfs1O16zJ88vqXyZSzYlFDoxnP5LLgy4gwFnQnrOvFlAxIcnuykAg95weVhfyvMViaRRqPWcOty5Xftt6713bmFkz48b5QLHAcjXrObx8+DyzkbILypqrddJz+a+T58wJ1rifUCc/wCNLfKwUXyFTtOs/Hfo4/nfzy+NzHso4z+SmR2/uMtKD1qT5Hk418nj8d5QND1BmXi+ETnCZGPIDkCOk7kwI/kn5TZArl1/Wc7mx1ktl3jmOdsbMh5btrr0kU/jYW+I+1tTPQOIe4H6Azlxqr4/i7EhhM66ZmMc3jZM/hshyEBhYY6zwcnh+RhyBGXU7Eagz6Q5U8PCQxLqTxQdocMOHBfl0OeoB3nTp3vXfeuXbrLkvGTmvCPnuB8TLVCv1l+C7MGRj9w0nb5PheKPFtDZyHkhb7h6TlTwszOAlgib/Prl4xzv8Vnj+79GpC/5WPTQiifWe35GbHg8QFt06ieRixtjye8f3F3uaflcqvhRA1OdSnpOfb+7t1jp1/tna+8GXyEy5w42C6R+M6+Zl4NocN36zm/x/wD8IcmO7A2i/FkY8eTKTTMKBm+MueuGLuzf+Xlv5eRGtQftM4Mi8iTuK0mxxEkudQ2hk4sTAUTfYzpsk8uVl3ccHxsTpO0+F/8AhVzjQ3TLN/EwoMjJkolhoJX5IrjwY+Dak+4R+W2SNSbLb6eW60sjEvJqO0psnIG48Qo+s2z6JsdaXpM+Jm7ihZjRl43UGufrNkW9jqIcFvTeaJiog94S1WFzj5XtWkeU/IodNGG8nKCh4mLExBqE+qA7DUbyxlY67GGbGQeSjQ7zIWIVsft03kDMTo2sa5ARR3nOdGMEjZSDfWUG+Nwf2zLF1mi++wYG+TKq5Qy6giZvkVnvvF8HUHaYMeJI7SYGXJykjaSbYkiTesFJDQ1jbEG6bx5cDWCAdY0cKb6zfNnJCumhO4k26k8uDgQSGFEQZSJ0CnJZ95D1VD9JdXU4UDnWUU4X1qRjJXaUxg9qQFyBW89XxfF+EBv3EbTzfEs5VFdZ7eVwvt2Mz2vpnnWGYgIST9Z5ZPvIG16TtztyLUdNpzDGBkBOxlnCa1f2LzPXaajKQoI1ucvnZRpjH1mvgLzX3agRfCetW2cnGwG85MjFkJO89Ipg5AbTkz4QMrNVIOkkqxwkEJylY3s2d9jJyZL9vQQRgBRmmvQzb2BpMySR9JqziqmUqwgY6iA1lqaHrC1IFmpRQrvBWpw0vK3IyIzJgFLQIjBoSqk6VGdrgBcRFaQFFGYoDl4wC0zlJvJVnkoQhvKghCAgEIQgFGKOF3ClHCH03hBFHFCiOKOAQhCVChHFIohHFAI4oQHCKOARQjgKOEIBFCEIIRxQpxRxQCEcUBzr8bEUN5fah1I/cR29JyA0Z14Hfh7VFdcjbyVntuN8jcqCLxA2Hr6zJ8YbL/dJdgtX0vpKVmI0/jKHDEhJ6b+pMkY1yY/G5txLAEbj07ysmJVJXGdD1J1MrAr58xc6K385r/jgZ2VO2pPSWtW1n4mMK9ke8mlJ2HrOnx0UeVlyZci0qngN+R2AAmHxvo3TpNEvFkx5WS66HrJ5N52uzxkYsz5QNNl7xP5S4cmQrqzaX0E4snkZCzakVftExyM3AA7nWT8d8m3JJw2bjjRr3Yaes5VJZtOgidnZqJ20EiakJDGraS2BDSQQF0lJjyZbYbDTX/SVUOBpNj4/DCj5NC+qr1I7zow+F8gU5vag149WHpNs3jgqfIc8DoMWHsok2Hr+q/BPxeGzkUApOu+vab4/yOBeGNRaj3O3c9pzeUjZfDV0YLhxC2Zj97HoBODAcuT+2vTW+wmMl2059OzzPNHlJSJwI0odvWcjFQAnQD+c6fjTDiIB5G6LDqx6CPyPEZcKtw4mra95ZZOImeXnSZvkw/HjDkff9sxrWbWFPZ8dMmLxVRQSWUty+vaePX8J2eN5+VCQxLK1A32GwElmlCrSFAPep90tsGJwqhx8jEWeiL6zHnkLMRpyJJlhQFtTuLY/6SVlk+MYcrC+aqaD94vnysxZCV+kT2QTeh1i5BVI6mVryRJ7ybPeBNiWMDEAnr06yjR2fJjDN9gND6zFtJ6C4gMTAgAV1nDkUDbboZNQIVBUsLog/Wp6i5x5pze3gCQ5A61pU8xSDjIrWa+DnyYMvJdiKa+0nabz7iz6+G+R1GRkI6VxnGcepAFkdJ3K+IvkyZVLZCKQepmObDlxDmy0p6xLziZfLlbG3HXc7SsWJaLONf2xOjFjrodpqzKqjuNAZabwlyE0A17SCe+53ksSWlAq9A/rBgPKrUE31iu7vftKyZGDDXQbCIa+4bneAhjv6CaHFSA99pKOCOPSPMzKwH+0VKcsjanWI8bjZi28mjDUFiFwihVB2XaNsrsACdBJgYFpdHXSJVLMNN4ICSB0m+AAPe4GsM3hsUAABFAbznysL02ifO7Mb2PSZ8gTIkl9tvbw13kuijGDryMbALxB1J3g72P6RBkbhy0owu9DEd5WgFBIFxMKNRiI/wA4Frxr1kdddpS7SSbga86ICDiP5ysmTkQD+syDa8j0jNOxIhMWDqB/CLM1tQ2XQSsA+Rip/aCb+kwJ/hBJy1xUCSexhTcLB2MWJgA1jeChmVn/AGpqf1gNwqgDlZ3NTZlRcY+QbraH1nKtFxfU6zt87M2VuKIFxpotdAJN5hjBaI9Zr44GRwmxOl/WcoZlJO1zfw+bZ0ZRfEi6i8ck67YWdXVyKsA1p6TXxsLOAAPum2YXkd7+37gZ0/jV4jJmqymo7THbt/brU6y9sPwcY4ZPk2Q6A9xOvxfJXOjrQbWmRhYP1meHD8mIZV/cSxHczD8Z/wBxhseRs9LnPi7fbe3r+OeK6PM8Hx/IKB0+HoDj2/8AbPO8n8bhTG2TH5HJ03VhU6/yPkccRONqfE4sdSJ5GXO2d2Y/vN16zf8AHLnljv254kQMh0LanrPT/wD2dTG/nu2Qe1EJqeUQRoZ0eF5mTwzkfH97rxE32m9bIdLOvaX4beZ5ZZ3VGP3mj/yjYTmYN8IyAaE0W6TLkWJJ3Os7PHz418LPgcEu5BTsJZMiebbb8uYNZo7RBCDcaqAdZ14wj8VAuzvJbjO+mfw+5b6yc5AzHD0A6d52eYExBVSje887KmRW+Rtb6ydbvJnOKOiBl14xNk1DAUToZkMhAI6GIsToZpfxPkVYgbQHusya7wlUzQ06wK0Ae8UBAKEZXSwbgATtGBvpAmErjpf8oVW0GohKosfWLiSaAg0oTT4HG+ks4FVQS1k9IT8oxinSooDmoKwyYMR1xmvSD8o54pb42T1EiGtOUv0kSoiVRHLUDbtIlBiNtLkneWkKOKOyJFAjFdZNmECgRF6whCNcRCqWY12EjlTWNZNSlWtYTAD7rIlqWv2iQb6xqxU2IGnuAs6R4syWfkH0mRcnfrBcbEj1hM+VFibIv0jVcmQ1dDqZpjxXkGPqN50umIsRj0RdLg1HjeIxYkaYwLLHS50YhjyhveFI6GYs5NYeR0+0d5k2LiCzAjpMpp58fxZKRgwYXYkGiAxFMJq/gvgRcrMKbUa3VwZEYghtV102MqsHxF8fNRtvOfUaT0VyKilSvtfb6zhdTyOlaxFdAXHjOMIDbD3KZqpCIeacg50vpOXEzPnW2o7XO3yWBHBRfA7yXyT9XOwCKUK+omRQBCRrc6cnvQNsaqpzW4Q1sJUTix8gbNTqNpiUdKNGLwl+Wzx5V0ErynokLVAajtJbzi+tc2P5sYOZCVI2aS1N78jEu3WWXI8fiepsTMqSgMooYwRfLWQwKijuZOtxkEygDUNI/cesjprtKLdBtCmpVd9ZYYUeJqYS03gsacrGu8yO80YntUlMWTK4TGpZjsBFSJqMgjeezi/BcEVvJa2aqRf9Yh4uA+d8KLeNTRBmP/s6+ucb/C8bxrl8XP8AkHcfEWfiK+gn0PjLlGMs7XkAuXjwJhQJiQLeug1jRFxqzVq28838nf8ALxMd+n8c6+7f9nleX4+PKWfnxyE+4TTD4nh46VPubQ67yfOZcWRV42W2Pf0nmZPJZPKDgn2n+E1169u0za5/yWS2ySvp1GIOoUe9RVycIt3I6mpyY/JZPG/yW9z1bEdpt+Ly/L4/yuwBLE2Zzss36cOn5Tev15bBiPM+I/Yy3+s5B4wX8g2TGSlGsuNtj6rHn8zGPIKD7wOV9KnQCuRB5F2CKBlls/eFy7POXXN+QwPlCNiHuxsGo/uqed+R8oeRnUsSOIHt6A9Z6md8gC8CK3o9543mYw+Vy/8AbyDcdDOv8fOfRz/k8X6ts3lp5ObFjxD+3iH8514iQwYGh6zh8Lw8pwvnUWuwYG9ZfleRkx4xpYIoydpz+MXpbOv5WeWvn5kGdGxsLcU1bTkyJlcl31KDQibfjcOLJhc5dSPtJmWXMA5xofaTRM30knH/AKfbn3u/3X/l/wBGr58+PwrVdH9p+kywYcmPw3Lfadaj83OVxpjBtdNpDedwb401DCjcvWccTzU72bJzxF5fOxY8CIotiPdc508pmHAC9d50J42FsZfJVgaCcvjhQHLfpLJ15S2yTn6NVTLkYZC3uTUfSLyPcl72ZtgHH+4uoIqQcJONj13mpjHLkxqps9ppjRRbTNVILRrkpgB13mirzEFSo6bTnBIm+ZaOvUaTDiWhZ4aKpNGaq4D08nHSpe57THI5Lk1XpCZr0cirkw31H2mcq0osyMXklVIMA3IWJEyx2o+LJju6NTgyMORAjRil1tOpfx+PPi+RX4uehktnXy1067ccTIw16SQLM38rxPI8NxjzaqRasNQRMQNdJZZZsutWWXL5MaXUaZeJuUFuQ2MnbeVnhtk8nX9Jzu3I3EQQdYDWFkkTNkXqRM66x/IaqCrrmxo1NmxgY1blfpOQX0jt/WDHQvxcgCZ1jGhUKiBz3nl6k+s938QmQY+RWx0me3gzmMF8CveRQ/2zQ+EMmgWtND6zuYPkeiPaN5Hk5RipVGvb0mdpZnLg8LxnTOS4riaM6M/3MSfUGAzksAf3aRhOZ16bia+tJZ6cDsUQ95zjMeWs284gNxUaDSclXKmHkNvfeel4trhBUazy+tGeviyDH46j00kqdvTlyZSMoB3nQ39wcrvSebmflmJ9Z2YuXHSLEszHHlQLkOukyY66S83L5CG6SDtNNwRgWD6RS8Q3havCuIg85kQNaiYkEiA1kzkNdWlMDeklfa02WmMJay306xoNaMeReLWJJJu5RVU2kTAEXBWNxOdT3kREIwL0hXSVpM0x1y17SDGhoyXws8lCEJUEIRiAoo9IaQFCVpFAUcUcKUIRwFGIo4BHFC5UBijikU4oQgOKEcBQhCA4o4QCoVFCA4oQgEIQgEIQgEIQgEv5W4hCfb29JMUD0fDyY8zgZW4gtoi7mhoPpK4YMi5Mz38AbjjH+4jczzQSNQamyZmPDHXILoi+pmcYvX4d+Aa49KVQTxHU9Ix7kzMwrW6/0k4PITHv7spsV0ExzeWpQ48V+7Qk7nvDPLY5uWIMw60omfkuRnRb2Gs5ve7Io6a0Jb6+UAem8q4AxYsANWmefIzsOW4FfwnQACPkUWBc5lx5cre1Cb0GkLBiRWsl+JPSrM6viGLGUbFxvZm+6Rh8HOHH7Dvr2HWdvxpQbMeaj7U6k+szb8La5MfiYviZ2JJAv0nT42bxceLjix2/7mOv6CZvxf8AtgcRqQOg9JnhVlxsqD+6xr6CPM5Ta7C/+VkZn/t8dKXoB0nNkXI4ZgD7fsB6LLXGuPKuHI1Ae51vUfX1MpvNsHio3oD/AJZJs8J+rHJkyjAuLgqootmO5JmuEjx1Q41Hw5P+6es1bEXHyZSpLiwJiMuMEYToo1vuZPM/3WXPoWRgSfgtMYN2dTfpN/mRcfxcvlzV7uoX/ie84HyKPYDsbl+PkYlcOFf7mQ+9j/pNXqiMuEnJxUkhRZjxeKxyBnX270es38h0xBlQhi2hbepyjLm5s/I1tr2lmk038Z1xBjpyJ4j07yUxhWFzt8jCyohLWQNT0HpMcPBsOR2qwP5RKvK1xgqCBQINtMBbYrA0Gn1JnbkyKnhhqolaA6i5ngwsuIh9ET3kf0jTHAyuWIUaDeT8THKqHdq/nOrmqByu7H3TAqxzD4yWOhFSrGnx/HakWR163OjxceRcjZc3tCoWCnepOdl8VwSA+Yi6Oy3/AKzmbyWfKzt+4VJzU5PP5JZmAsK0wZiQL6RuLN94tKmlgBNVLxkg6SNqjxEDKp9YHfhF5E+s6MmT/Ivx6sOdD1vpBHxrjOfQsgNfU7Tm8cg5UJbjyPuPac78/BeMnyxbA+IMjfcjVfeYuRy4t0nteZjU4snCiQoax/KeCwN6zXXt+USeaDNCFCLYoj+clMTMAToJWQd5pazok3NsahRZ1kAiDuK4DbqZC88NUdGYDjpuf0mOWy7HubEAxUHTU6XIJMpILjuKFQp7xERgjrrC4DDUtSTZ1gTAQNFHFCT10m+HGRjtj92w9JzMToOk1TJSHuNpKzU5EF6TMqRLUGgTJdrMqzTx6mVk0EWNTVxOekHtN6wOpkx1CijCEd+2vXeA1NCq36xaXUVwgEYJGokxjsTUDTGL5sTQA/rI46X0nR4nh+R5S5FwrdUWYmgP1Mzy+Nkx9Q2tHibjZ4EoBxbvpUZYBeA/X6wXG4UkgjtGuDI+i/rGntXiYjl8hQE5gasB2E783hZGByYWUmiWx3Rr9Zj4mTJ4ozfEVJIAYnf9Jm2ZsoLOeJGpI6zF23hq3rOuZtrmcOG4sCD0E9bxPjwpixkqtNyykbnsDPP+RQwc5ASn2gi7nteH4YXxMvnj3OFtFrQH/jJ3vjV/j69reM4m1jnTxacZAUYnTrc58WZ0GVEv4nxkUO/edLeI7Yf8jLkp61Vv3GeRlysA2NPaGOsz1kvi6z2vbfh7DeQnj/jcbB6bjSMvUzi8PzVx43LH3iyvqTOF8mRsaYSbVCSo9TL8RT8wHHlodDt9Zr8JJd/VPNnOelZsubIWyZCbbQ+swU1c1zoUsk+69RMhuCdjNzM4TGpoqDMidajLEWBsZPXWUkNTRl9bEzlhwIKsOpBB3kJlddB9IMysu1NIMhI3fyHffsB/CUfIZ8PDT2nbvMRTDTeMhl1qxGRMiW46mv4SIzx3H8IpWooEdZOkYuKAaR2KiqEBglTppcQJ/jKDEjidZJ9YFAm7lHJroNBJAND1hXeEBYHUaHrGjlTpvI2lKQNTBnDY5zRFayAGbbeCryPI7TRMnxglRKz48EzOAQRMg7A6zsx5B5ICMByHUdpg+CmKg3WxglnipOQfWYnfTSaFGsASWLDRhrI1M9IlrV67SI4WrcJ+0yIGKKQ4QihThCEANdIbQmqoqqGJFnpCW4hELsB3nauLAFpnozmNXod5pmChQo1J3MrF5xoPHxOre7bapxdajJYXqRFZ0PWRqSz3qqUa3feMuaofx6xKLIHWdPxZD9yUasd4SscRdXDDUjvOw5r8QhRT3rM8iOoTknFTpykjC5sqCR0kTynHkzHKruQeGghm8zK4+Jq4g3IXmzEj7h0kGyTy0cdIXJrowYsuaydEGlnab40RSQDYWQl4/HAdiFYgkCdZGHIpyfKqDQAHcyVeHLmVnX+37gP4iY+WqKUo2So5ehnar4c2f4uQQge0roGM5/IKZc5XPWNk9tjY13iJww8XGC/NzSrrOktfyt6aTkdm5HGu3Sp1ZPl8fENAwI93pKM8GZCvFxYEjK4CsF2O30mS5EGQPxpf3KJqcvjZEZDaNfsY/wBDGGKwMcXjFgaLmgRHnxrj8ZWLhsjnUDoPWYZX441xj6wBXIQCaJ0NwujMy+0J9tS8IGVGRfuqwJzkEMV7RqzKQQaI2MphXR13EAesGJJJOpO8UKDFHCApeL7xJlY/vEFdeQBl7VL/AB3nJ4Wcsy80YUe49Yf4+ZsfIKSvecLqVYhhR7GO0lmX2k17nl/ll+YPhOgT2/Uy/wAJhy5AfKzCwx9p/rPAn0eHzcHg/iMYJtmBpfUzh/J1/HrJ1nPa431u9t7Xxy7c3kpiyKjHVzSj6zP8jlOLADdGx+s+cb8hlfycefIb+MjSeh+R8xPKz4Ap/tVyJHrM/wD1WWb+7V/k2dv04aeZkXL5GAro6j3CeV57o/lMyDj3A2uev4XxZ/JfM2uJF4qTMM/gc1ZqVcepBmuvadbz/rUu2b52/wCx4M6DxURT8mTJ7SvSp05MPwYf8UEaryFHUGcf4jxnTN8ym8Yu50Kqnyny5iSWPEn+hme05ufr+7X8dubfH+M/T5cnPMikutkjjfpPYwZEIx4Fooq6/WZPiRMfDJRBPWZ+Plx+PkyYjQYC1Mz2/unh0nX8bu+eORkzjH53xP8Aa1UPWZ/lsYXHyUWWNE9pw/K3nfkFJNAafwnr+SofAyZPaCRxaav9t6/1Y6z8r3+PTy/AbLgDMmQgPpw6GegvnnL4rfPgUhNOWxnFg8YKzg68WHE9KmfmtkbzRhx7GrUes3c7dv2Ynbv0mS5z93peF/g+QhxrlGFmJ9jbX6GeJ5WLJgd0OpDH3DUGbNjOBiuQaEaTlOTIQSBajczXWTdidrcnWzmVfjYny77XU7MPiJizFswsAaSPx/5Di3xZMQyK3WtRO4HDktsh0U7Sd72l+lOvXr53n4rja2YnYHYTHIAnTSennxpxLp+g6VOHAnzZOLfpLLxrNl3D8PlwYNoDqIBmOYq5oEaSsrn/ACVw3xRdLleRjYZbUe2txJ+Xj6l6/wBt+ZXLkxEOSo0MwXGQ57r0no6fB8jbjf6Tlf3NyRbBFaTesTXKXLnWVj1NTR/HdGFir1mvjYbygS7wt+Hd4niYnx/3BvFn/H4cvtRgK2P/ABlZPJGP2ruNJj42YZMhDHc6TPPlPyyY5x4PHkjDWZp4uQWO07PI8o4srLv6zLH5XLICe81N8poTwTxv0uptiCYvHaxyv7frNjkR6QGmH85iyUTx+wbzF58rLl2OHPnyZFCuSwGgvpOfpU9lv8VhqoPpPKZV+RgNgdB6TXXj0u6hchHSbYf7jaaGCKh0E0fCUXnj0YazSbGGfG62WH6zAGanOzKVfUTLSGp9VK3SIrrQgQQLrQ9Y1bUQO/wPCDgtk07TpPjYR0uT4y5OIc7dI2y8COuusz7Y1kcCIede0HadmL8gWcY8a1/pM/MZB49r1nB4ecY8wLR5i7ZzK+gYkD1nleZ5FeTQ6bzsGfkt/rPG8zJzzlvWTrOeVt2PSRebBv2ys+UYlJTc7Q8Qj4Va9ImxBgx7QkeRnyl2JMyB6ys33mplNtSNLs3OvLmHxKq71OIbGa4V5sBJUs/ozKm77zv8ZuI4nrMMmOmAm+OqHeS+Ge11zeYtZLG0wqaeRfyGTj+4XLPDfpABJ0m2IV92k0ZQWsfymeRzfERU3WT1yNbxDTUQCsToLgVo0f1laWpQg8tTK5VqJnjFvLZSCZEJiSbks1yv20YhvAa2NYUSbMvQCpqV5KBWneNTXKy1rFR3mmUcTQ26Sa9sLqJWOuUmaYVtte0Xw1GcIGKUOFwhAUcUcAhFHCFHCEKIRQgEoHeTHEDihHKhRRwkBFCEKcUIQHvFCEBxQhAIQhAIRxQCEIQCEIQCEJa43YgAb7QIhNVxC63bt0qJiKCL+phNSEY0a32lrS2P/k6EdJp7Wxs9m8YARf6mZIpKPkvbT6kyBEMF5d5S/wBvQ7nc9hN/Kxovw4l7DkfUzHILyuBqBoP0hHYvx4VOYbNtObxTz8kF9ibY+k0zsD42NV6CY4X+MEgDkepkzhJ7r2S3j41JACYV2B3b/wDTOfJnI8cEfc/2gdB1qedly5OVFuVfwFwXMxVix1UBV+nYR+KZby9HDmbI5s37eMzxHKzLl6KxAuaeJjw4vEUu39/LbgdlO00Z0x8e1WPT1md8yQsy/LHy1ZcdDRibJmaeRwK5FHuQdepiLP5mdcSaBm0Y9u5nT/h4cLsr5AVG1bsTLsnHsz25cTj4svkZT73NLe5Y7zDErubA3I/WN0L5BiGignfpPT8fx0V/mLrxVeKL29ZbcWck9MzO5vJoD2GmizzMuRWykjStJ3NqvHGbFmz6nrPOz4XxOQ4o3HX4JL7Wx50etTMclOhokVp2jRrFHeNeIbXUynhoiHiL2G0eRCj25tquu0Q8itAPpM8uVmIvUkawnOulc7ZMR8dfsG57mZrkRfY2gB936TEWig9bupDuWcsdzGLI6sz5PIIC6DevptHk8h3x8F/6+xqV+P8AFz5Q+QDjiQEvlP2gTpx+J4uDG+XIxyFSK6D3baSWzx5xcscnj+JnzNXHim7OdgP9ZtmcYGH+OKRPaclVqZ25PLRGQgahgCD1FTzc2csMuMil5FqibfKWzxPuy8jyDlPvALdTMKlONj3kTSxTHYRKNRExsxqaFwvo8gqpIGsRJO8LMGN82ctiTEugXU+pmPNiON6bxbmUig3cHpvgz5LK2aYaiZC2JJ1qVgNZgB6iC6EgbCGVAhAP6TJ3s6S2OlzImzcLINQYowY6hTFnUyuIb6yVlbANcM0cEo1uIgUq69CJPOnvpJO+kLhmukUUcKIRQhVKvJgP4zUAe4AadIsYpCw+kZYqt95GaRIUHvMwLNQJs6wVuLA1dSjZhxXtMm1lvkDChM7ggFDf9IrjIsxhD1hU7w6QqMgwFpCoAGOjAVQjF3AmB1YfMyY/CyeMmnyMPd2Hb9Z0eNlRF+DEoZ6vK5F0Oyzz+LfEWr22B+sEZgDwJBIpq7SXrKj1mXHlTO+NPYgFEmz9ROS2xm1aj1j8fMXTH4iCzkNsRvpsJOX7iDpx0P1kk8ypWLoReupOsyJINjSbNuf5TNxqOWgmiL8PGmTyEDqXW7ZV3M+gZ1x43xcSmEAPxG3L1E8z8Zgy4s+PMFZVcEL/AM07PJfLhZhkcNzFOB0Hace/93eSeJHfr3nXpeOdcebyMGbKzszFj9o6CcfkIqsCrXy6SMnsf27dLiYlzrvOsmeHH3qRobnZ+N5fK1amtbnHR/hO7wcbo4K3ybShvJ3/AMasuWMfKIOVhOejO38lg/x8w/5xdbzk5R0u9ZYXZazhKIs6STNClA2O8ZQ7xIResrnrxhOUmFWLjI1gpA0O0CQSp0lfK1esX127xgKdNoOEQlcVP23+saqCvqIXUg0Y2fkKqDIy7jTvJqDgQqEIDBHU7bRk8rJ3EmKDDsyuQ6iC8KPLfpAISfTvAR122jVSda0EfGjUZ5qK2XtCaPmYAAbCS7cjYk9YQuQ1Zl1Bo95r82QrW99ZjLQ6Qlk+AcjEVekgxsbNgVCoWJjECPWMQFRhHEYBCEIBCBgN4DUWalgD7YgtEDqZ1/4/x4g+SlHTvDNrPGgFHr0E6X8PLjAfJQ5bayceTEi83HJD2nNnztmbfTYCKk2tc/iMmrbEWCNZyMoGxsd5qc+fHSE/b0MyIZrYfrCzfZoQCD1nT8z5CcmTUAUADOZTrN8Kk+/9iwVZsFfm5FTsL6Ssbc+aYn4MPts1YkNkLqSx+k5soINyGT0tsTIxJamHaX4WH/K8kIx1PWYY8hRrPuU6EGAasnJLXXSVcr0fNVfGyDFkp+4B6SfK+B+D4LVaFqZyi8mYl9ZedlVhWgoVIJIxe7X6H1mTZCy0dT3lMByutDrMjvKSGGI1Es5chUgsaO4mcIXBKxoXyKo6mRHqNRAvOAMpUft0kQs7xwEIQhAZih0hAIo4oU5WLVxImmFuOQGIl8PaT8iMXjjC6WBsRpPJ8rKuXKWUUJ3scWTEFK2w2M83KvFyJqpvhE0yeRkyoiObVNF9JlcJlRLx5CoIO3T0kQgephyEfjOGMXkZ7NQXL5vkAeOQQrUCa6TX8SmPL4xw4mryHbX/ANPpPbGDHhwnFj3rU+s8/btJbM277dOvW9p5ySZwzw4ceDEMCacRr6+s5/JIOXGMYsfvHpOvKy4xi5GiRRuYIaQ5CO9n0mN9119ZOC8o4QyrkOm6Tnx4Mb5Hy5DdnjU08tVfx1zEe3GdfpOb5FHi5Cv7tpZ4/one23n9WL4PETyxm8Y0gJGVOx9J04fLHlfMBRXELRT1qedhyAY8pYUSP5zkw5Xx5LU1ehnX8N2X14cZ3s5+fL0vI8krgx5F0XICD+kPxCnLmfNk2xj7jOZ/jOJcerHloO1z1/CwHD4/wuK5/wBDM3J1v14b6f3d5bfGV5v5DKHrZqbRvSa+BiXJ42RNvk05THy/E4ZThutfaZ2Lmw4PGXAuuQCyw7x/xkht/wDst7enF4Xivh8tDk+2yLnX4mA+RmflpjBP6zkyeW+TF8YFEm7E9Xxcnx+OmmvWW75v6MceJvz/APosyBFYKwqq49RMfETGQqqKcWSYMXPlZgTdj2/WdfhYsf8Ajry0ck30ImbeGs5x5fkccuZuIogH+Ii8XyWNIw5XpR3nZ8Rw5WygAhj16znx4OXks6CtyB6zUzM+jN45l5/L+ifIwcsXPGaC/tk+N5mbBj4jGGHfrHh+Q5GDGxZDLOYM6+S2PptU1Jxl5Ytu2zh2HylzreQBX2k4hT+s52xZMmbio/SehiwjHjJfetPrHETtt8uTyDxc3vMPHam9ZrkPyMW7aGZPibEq5LsNtNM5xWnlo1hj1EywgWCNSJ0fIc6DHsBOfXE7LEvo5xoUdn5j9J0YmyPie99jNfEChA2QX1Ms/HRyYzpeoktHknKyO17zNn5HlNfOQDIXXYzlE21JPLUEjUTr8fOCKO/WcaaiKyj2IqWaeVVDt2vSZ30lObkQ1GhZinDoNZABudnj4VZBkJFXRExzKA5CbTM7c2Llk2+2x8x/jXGu1RK7nQzDChZwO07bRLB36SsWScM/kZhwOwnKSRk/WaIxZjGyWwg8PVBXH4YY6ki7nkE83N9Z6TAt4ldhU5E8ZjTyQl4el4WP/wDCjlsDtJz+TjxKV/T+Mh/KOPx1QCmOk42ByH3SZt5PTlyam/WZzpyYwAfSc7DWbalFivWXiy8HBmUcLY6subk1rLxMSvqJyLoZ0cwE9szYxYwzuWc+kWPeD6m50+H45c3KtuRLNxQ316zFceTISVF1qfpOv8hiTHjStyf0mHi5/hskXYj0cybE4m+PICdR1HpDMRkyEqtL0uQW5Ny9bmmVyaC6XvB7LGq3pLbG92NRMASp0nVhyitdQd4pdZcd7mfWbZGBYzA6G4I0dSVBEDkcKJWNWYR8QTR0kGLNyIgd5q2MfrEFs7bSmsT2m/igcwTMWFGa+OtvF8NfDnhCEqiEI4BCKEBxQhAcIoQHFCEAjhCARiKEqA6whFIohCEAhCOAoRxQCEIQCEcUAjhCAoQhAIQhAvEEOVA/2WOX0m/N82dhgFDX3Hoo3M5ZSuyhgDQbQ/STEsaZ8mMtxw6Iorl1Y9TEijhfU/0mUrl7agzgFjqvQywa4Y70JBMzhetyjqy5cb+aXGuNdv0EzxMS1DrZJmaD2n1morGhCC2ItmMjNGdr4qPtA2mNmyO8urb6ayV1YmVYOnrImoOpPYzM6MYWGGa9535HbycvyqOOIKEUd+I1M88Ak0NT2noKzjxlRF4LsXO7H09Jmp28AMmJzkGoAoA9zOcZH+QOSSbszXyVpQo6dZzLYYXtLGZGzAuC+xguc2EbVF3E2KsMRHYXONjTaR5Jy6fnZVpRRBsTFmbMS2Q6iZ8z+okljvGNSUfaZsqckLqf0mX3RqGshTVSlTqJSIWNnYbylx2OTb9pbHgK6neC1D0QQBrNMXiK+Iuzf3LoIB07kzGzZl48zj237N6kpznD0cnlumJPGsfChBKDQNXeYf5JYqmXbLk+Rm6dgP0mHkaoDdneNVRsQLt7etbgyTrE5vNdLOjj2G3y5fb3pdJj5WE43dWvfT19Zn4IY+dhVNTy9s6PM8hcvlZQ3Q8V+gjxc+mlmTXHkBIvsJm2lS8j0zKNpmSTvNLIIQhCiKEIU47/AJxASl3hGnjjjlUkX3UbxEn3VpZ2mnjlUeya0Ov6TOyR6wmlXt1me80ZT3i48RcCVIB1Fxs/LbQQkwphiAR3jBJXj0kxiAEVJmkRg1EI4oU5SID7mNL/AFkR8jQHaErZmUVXSQ5vaRcdQmYUIGHSFNReglUAJI0ERMB9Y9TJla79IBVQDVGTZ02kmEUNTGFHLUyNe0dN06QKZgNFkc/SF66x2p3gWCDhPoRIBUGXjb+1lQC7AN9qMyhZG/h5Bj8lGJ4i/u7TfJzPk5MCj2767n1nHiUu3ECz0nZnNBc2F7OVAuQ9mG4kv+5my/QDGGNLsDR+s5/I9uQA9NxO5M+LD4y5+I5jTidbPeefnynNlOQir6STzWZOXoH8mzMi4P7YApm3Ndh2j8hWZVYWeQsjrPOxMqtZ2Gs6MHnMHL5PdYpR2kvXPEW8+T8nE6IA4BreukwNfGtD3Ddp6ufFj/x2a9Ctkjue84cuAYlUFg3NQ1DpL17aZxfozxYjkP8AOdQrH45Yf9wnQ+k4PldCQprpL/yScYx9RuZbEyujy8z+V4y5shHPGeNDqJwSy5or0MjpEmTI1tvk7hekmOUAjo7xRg1ACSddiIGyNRDaPkaqAr0qH0hKA2gWoIYfyiyKym50utAVqRJpcqMNmqxcmsa50zsvQMPWQ5BYkCgekfBhvJlbmehCEBAIADrKXQX/ACnR42TBiLHLi+Q/tvaEtc5A3XURkuQBVCbtmwlSeJV70A2qXhXBmygc+JNBQe8qb9HGeV20LJ9Z2+T45wuyE2y/wMzGPIoGdQKGhkPycsJ2/wCPgy4+XMY8x2HQzny+PlxfcLHcbQs7SsYxCEKdGAVu0tHC76zQMRXGEtrI433rSTVTbI+SZFiTrBLSijihRAQEKgEajr0EVQgbYl5Wa16GGZnauRJrSL5mIoaCSzkrxO28M5dBsLV+09JF6VX6x3FDRkk6k2fWMlaHGwa1kQgxrjXkaE6CWUBRovWZ+O7KpNUp/nHm8hHDIqaHY9YZu6bISRQpD16SSygsLDAfzkfNyADbAURMjvptBJ8m3G7XbtGg/cdhIhDTYWGY7AjePKgKqymwd7mTNyjLilrcbyJjcEPi4D7l29ZzuKOu8FcqbG8GcsNd+8LymEcJVKOPaKEEI6hcAoiKOOrECYQIqKFOKOKATbxVVsyhjS9ZjNfGXlmVbq4nlL4elmPj4UpORa9DPNzkl77z3MuPCuD4iASf4zxPJT48hUG5rt4TOWMYilCZaKEcUI+n/C/jV8bEvlOby5BoOwndk8rCje8jiD7j2nzT/lfI4Y0xEoEAv9IeMmfzMhBf3P8AcTPN2/jtt7dq6T+TJJ1j1fyWT/Iz4/jP9viaYdTNvHD/AOImE/eQRfac3j+NWRfHJ58Ddz0ziGJfdqx2PpM74kb6dbt7Xj04vMRx4+PCpsnTJ611nnrQ8QEk+xiCJ6/kJ/YYda5A9bE8byUbCAAbXL7j6Ga6X19V/k3/ACziTHJWTKGK6C6qY4lC5By111E6Gy8QQoq5i2PKN1NnW53jzN8SfJ5eNNgxE9/ywcPECjVTx/BbFiy/Lku6pR2M9T4/kxJkazr7vpOP8nmfEdf4/fzXM+H/ACmZ3OuOZZkTCqEGy+k9I4lUMqDX+onnt4ufIUKr7Qdj0mOt2+cjt26/j133fbiXHy8oKoqjrO5+aOV/aCJxvm+PzSdiDR+sWby3LcuWs7WWyfo82ydrvy7Fyp82TIxoDXj9J0+L53j+QCFHvA6zy/HyjyMp5DcG51fiUw/5ZRTZA1mfxyXfUW9uZl81p5IcYWcHRWuvSc4zBRyB9x3E6/PITJ8CbN7jPJ8sEUR9JrpzGO8/uxv41/K7X1m74eTHKunHX1nB4eVgxPWet4+RcmPJ3ANiXtxdSfBZWxJjXOu9gGvWYeRnZ/t2E5/mLYDiO4OkgcxoYnVLp8wqte52EnLy4qp23AkPq9HcTa1ykDYoNpqkYpkIsLMzy3M6SijkV6CZsP7dkb7QSu3HnU4U5aaVOUZziya6gnUScrVjReomGR9bO8SJI682P5QzDbcCcBBB1no4H54iBvWk5/iDqejDpLFlxlhoHWGUgNY2mhA2YUe8RxBgAN5TedYEFjpD4zLKsjU2kTMVMNaAHUaHSUrWbMlSTGFLNCNseREdmHbSZPlZySZOXGUI9ZSYGdbB1HSSGTyvw15OZqzKvkU20nxwcGVS20rzMmM5Sy6x7Tzao+X7Cg6HeaY84Cd61nEG6qJRJ/Qy4Y6BnGTMFb7TOh/iBPoLnAorWDFgTreklgHasrKdVMwf7oak3LC3vC+GaqSajZCsZ9plK9jWVdrKzLW94Mw6RWTAoKXNATs8dcmNT0sazPwOPyEMLnblcP8A21qx1mb8M9nm+U5bJR2H8Jz+k6s/j5Fy6j2nXTtMWVVfSaaliUBOggxZGrtN8ZXmBDPhXmDdXvIm88scgJPL/drHjBr0mrot8QYxirb+EG8M61iIE1+EkWsrD45yNRhNbeG6jGQRcwzkDJ/Sdo8YYxvOXy8BHuXUdZPaS8oVlBs9ZRdEbTYzmYmh6RM9gekq/i0yoC19DHgsPQ7SBZE08f7/ANDF8NTzHLCa5sXAKyg8erHqZlKsuiEI4UoQhAI4oQHFCOAoRwgKOEBvAIRneKVBUUZMJAoRwqFKEcUB3pUUIQCEIQCEIQCOKEAhCOAoQhAIQhAI4RQCbYcYbUjkSaC+sxmmPK2Oyv3EUD2uEu+m5xqpayKTTTa5mWsMf2qK/UzN8hYAbKNh695PI8ePS7hmdflRfXTTpAe0Wf0kRkkw1hg/zgAztSgknYDUw6Tq8FwWKl/hxoC2R1/7jVsq/WLchGKjLgylaKZBowI1E0Ge8qE22PHVJ0NTpR0PHyMqVi1+NN3yt6+keVf7D5siLjLMAEUf/uj6TH5fQvy5suZ82X2jk7HRR09BNceDJpkyKAA3uHXTpPRwoB/dVExoyhUrcnrEERHdXI5KNAO5k/L1ImSOXyGRTQ/dPOa+u86s7Bsq63esx8hCrEnrqBNyYzPP6sDGQvH1hUXrK2QvpOgjHjUG7atZiQQfWAFwlbqxK2dgtmZMbAqPgwB9dJNMNCJEkJ9GNdZSgCpKqXahvOhsfDGGrQ9fpC1kz6Ed5IsD6wcjkT3kWT+kpI7PB/tcvMP/AMYIx+rt/wAJyciW5dd5s2WvHXEvck/UzACzJJzaoY2Se8UcDKCEICAQoCPaUKIuBFyht9Y+IH1EOTfSEGuoj5cVobyDfeMdYD5yCSTHWlxGFECbhUBAITRMZfaQVOum0GlZgTcIoDihCFEI4QCOLaEIBHVxRhesBQhFCnLXba5nGGIhKvUmLYxhrknWEMmjR2gCJMIXDJkxgwgdX49yrZsaortlxMg5ft62PXScvSpr42c+NnTMu6G/rK8vGVyfIFK483vx31UmFYo3Fge2/wBJ6eYKiFUX+1lUHGv17zyp1Yn+Txzjsh8R5ofQ7iSzVlzUOrYWOPICAd7kcNSO2x7z2PK8DO/jv5ecApjVDyB1YN2nl5CpW9l/bJ17bDv0vS5eN8MDpGGobawZSDr/ABimmWxzv8QUNv8AcIHMcjDlvoJjN/CxJkzj5GConuN9a6SXJz8E6zx8oyYXUkEHTcSWxugBIoHad/k5Rk91USbnLn9y8xt1ES6XNycxhcekmOUBhCEKIo4QAby609ZPEiiesoHS4SkRrUpgQIxRPIRM3SEJcjgg3ddI3cvrt9JNURcrVTBwG4muB1G9xNk5Civ6xE63tB1Aog3cGJgIo4aFx8jVRCHrCKL6VUpaUhgaYTMGjctT7wx1G5hGpyZMujG+IuzOjwnzKCy02P8AcrdZyZWV3JQUvaHN+KpdAbVCZ8O3JibPkZsOMIw14X07iYfNkdTjvi3rO7xsmDyfEdM1rmxD+3lX+hnn5vGyYnt/cpFh12kl9H47yxyY2Q69eokCaplce2g31mhUZRbDi3pKu55c41nVgdMQJyKGvb0meIKrEODIdgchrbpCXnh1j4nOhonoZyZMLLZGo6yRd2Ok3fIMiafdKmWOa4RkEbyZGzhCFQCEUIU7oVH0ihCFCEIURxQga/PkKBL9o2kdIgLIEZ3hCgIQOkBQhCFEIQgEI4QCEI4QXAxQuA9tYFr9IiYCAyO0FMUcBnUSY4oChHFCiMGtRvCA3hGnzZN+RuQWLGzqYzFQloUADKoVAA1pIGq3vFpekdHW9DPR8D8Ll8zGMqOoF7TPbtOs20ktuRwLjZzSjXtO/wAHx/IDigVs1ZnteH+O8bDfHXIuhY9504vHROK5NSxu55+/8/GSOvX+H5p+P448fHbC36t1iZSWojRgSDOjMyBgL9JjlPHQdFnKV2z1HNkIARWG6kEzzczIoVmFgjiv1no2cqprqt8jPJ/IMysuMCwGDTfTm4neZ0t+G2H8aFJzZRZI9i+phlxZMaBStu24HQTvyZF+MZsp4qoG058+VUwfMrci/wBpm5bby8/aTy5C6YCqgcmO5O07/HLtr8gK1oBPMy5K8Y5CNSa13mS5wq42G9006XpsZ6/yWXXvKhJLA+0CcWb8oimlXUbmT+S84L4xx4TxfS/pPLwo2SmY1Z1Mz16TLa1273tZOt8s/MbnnOQCuWslzyA71HnHB63F6Rn4zqO06eoxZd58pxNkx6rpc9P8Hx/yXcD3Ebzync0and+L5hhxPEtpcdpvWnuX6x6mXxCcrZWJ1/lc83zRxQ4xrR3nqFmKcCde88vzVZXIYb9Znp8L3+cxxYSBlnp+OKZiNzuJ5V8XvtPQwuApyctSNJvt4Yty61fwgVZse46CZYMXy5OLaTq8PI72RrY1E58jZMOc5WFC7E575m8tybNzhh5HjuMpJFVMELhiw6ztfNkyYicnU6Gc4A1qb625yz2z0zV2J066TTK/2p0Ez48WB9dZTJeQt0MtRjmNufSZ0zVPUwfji6fI/WbDw8GMEsNRrH5RdefhJAA2nTjxBge97xZQAlqAAZODLwsE/WWsV0fCmVeJGtb9Z53F8eUodCpnT/nhHsbXM8+RcjnINL1kmrC8lQ6gk0284yeh6TcZuWh1qYkDkQJY1FY9bmiI1kjQxYeKanrGcm9Sl8opy3ulFyrUNILdGZs1mDy0+S99xFjQ5Hk7jTea+KxBJPSDxCdVQ0JIcAEGF83JkOPdA6Malh6Ss+P41snea+Lx+KZfkCS1DUaSEZolr9YmAGg1mIZwKhyPWDFNrMwSNppekgCVYoC5WJbJEi6nR4aB8gvaC8Rfi4Mgct0m/wAbYyW6z0OKKlCrnN5WQMwAFUNZjdYtcjsXtyb6TkyCte8tshGknM4ZRU0s8s+VEETVnLgXuJgDNkrhcLQdCDKDe6u8MgFKZJ3uEaJkOPIQdp04c4Z7HScTNqDKxvV1GJY6c/kO7lFOk1xqHTi385z4Eslm37x5fICkovTrIn6L8nwVCEqdtRPOrWdo8puBBNziY+4nvLNb6600rSaeMt5P0M5wTOnxSA/6R28LOLHPkzO6hCfau0zhCVZMEIRwoijigEIRwCKEcAhFHAUcUIDhCEqCEIpA4AkQihTihCAQhCAQhCA4oQgEIQgOKEIBCEIBCEIBHFCA4RQgEIQgEIR/SAwC2g1MoMF+3TSjNAvxY2J0aqH6zAnSoZ8u/wAJseJB5ec7H48Q3qhZIEh/IyeZlVVXiifava+v1M47/hN/H8gePjZk/wC8xpT2HeZvX37WvVsN5HjeONBhF5D0uYj3eVnyt9iAtr/KYHMPHQDfK9Ek9j1m2fLjHhO93kzkKB6DrMyYzbawweLmz042OtzLyGByleq6Tq8XyXXxcqge9aXGB67maN4HHxkfLSObJJ3aX8svKzpbtn/GPMdTQoadYULFa1tO/Jjx5PAR8Qslih7kicpC4V43br931mpS7OL9P6oNc9egiSj+kzJLNZ6y7AlMb0KAPQgSuSmx0Gn1mHIvy7E3/CSdDZP09ZEx3jxcPjrbvbtvXT/lEx8h1dSFFKu058mZnYG4HMTYrQipJL7MvlkYQjI0mmiPSANHSBhAIQIhAIXCKFO49tYo4RRIC11O8XUCTAm4MUREIctYcoFkDgT16SKjYnSAGkJCGh1mgxswsCZNvNUyNxu/T9ILvpr42Hk5B09YPgYjmxoHQVN8I4+Ocp3O57CZkqUKlumhmN5ZriIokQja713kzbcOEUIU4RQgM10hWsAJqiAanUwlpJiJIv8AhHkWv0hZveTkPSREUauUMTleQHt7xD/m2Gwmn+RkKlLAU9OkrTPiR0l8NrGvaS/JWF/cIzlLGzv6Qh0LoST6R9PWFAQiYuPrKsRbmFAX1lFLqmBP1kmTAs43qyprvNvHHy/2WUsRZSjr9Isb8gEJNDYDUsZpoTVj2/cw6elyamuYoBeu3Sa+KGXKrV7Tob2ozsH4xc/iDyvHbnkW/mxfuX/aQOs58b5cJDH2udKPbrGrZZl/q6vK8jIniriTIWGPjyHf0nH5640zccJ/tEBgN9SNZp5HLJkzKK9xHEDapt5niKPEx5B966N9JnjrZ9XS29p2v/pz7RxfKhRUI9i6C97O5mbDiamgxqRvFkT2gjYTbluswANTLRwoo9ZnAbwuO7kmV0sWFr9R2nacnjZFOBcajlqFI1nH4fx8xzN+nad3xeO3kcnAWhoFPuB7zj285zx4a6b6s5uV5ufwHUM6VQ14XrU5J9J7cfjt8pGIGxzZbZr2ngPiHIhTqN+g/Sa/j727vo7SdcjGOFVvCdEEYkyhtCNea5KVgZLIy6V7e8QJ2GnrNR/cx661Iz4YjTSLrBt5YA43/GVQEJWztHoo3uUbUK6e4HcROh32B6SaiWKkeszGh12lHtFK1Cj4ttUYutpoFaibojpCalAmzD6wfGF2NgyCSd41cjTpBlIC4zpNj8Rxez7+swKt+kEurUaXcF3sybAFR0SKgdHieV8DEA0r6MKvSe4vleN46BeB+HMtNpYnzRWp6f43JidP8fIxv7iN9B2me09tdbZeLjm8hfHXMw8Zi+Ifax0MhCQbAsDea5MTZS+bEOWJT760I/SZEcTo14z/ABmnOtMPk4lJXItg7ETXxx4TOTlw8kAOxozjyfET7P5zTCoJ9+g/rB45nDneubcdFs0D2lJqtdRtNziwOTx9hHSLFjxB+OUlR0IlX8o52YnfeTN82BVJONuSjvoZhI1LPQhFHCiEUIBHCEBQhHAUIQgWg1s9It4zQArfrJG8IKsxkEVcF1aXXIEdRtAyhHFCiEcUAjijhBCEIChHCFEIGEIOkBARnSAjCFaXCARRxQojG8UY3gXoza6SWoHTWa/BkN6VQszEy1ILJnveCMOPGi+LiXNnA5ZMj/as8/8AF+J43kM7eRk4Jjo13nqviyuv+P4SBPHb/wCQ7mcP5O3/AB+/w11nv/8ApeT4/i+aC+dlw50HuZNv1k+I/n+MUw4UU4Tr8vQib+N4WDxwflb5c2zA7CdmXy/FwNj8cJyL7KvScvy/4z+6fV1yWb3s635nn91YQH1Aptz6ys2TKrgVyWrBG8WXNitMeNuB/csTgpj5LrXSc8+Y3448/Vy5vIZ8yGiQps1/Sb4snJSSK6UY0xFQa1ZhyhkC48Tk/wDyL/OXhZPaGC41+MC+dkGeR5eTJlzqirqugPeei3JcKNfvA0nRhxIuJSwDMdbPealy7h3m9c8a8zLiz+Qq4n9pxi8g7ibZcIVMYxC0EMpPjpn8o62QK9L6TvYr8ClRQKgia28OOSbM5+ryvM8ZsmNMdcSNfrONvFcKKIrep6flqxz4lugy6f8ACeVld0LKT9pNTt0vHlx77vhj5SsMlk/cBUfj5eJCtprM8jFlHpK8c3akWx2m7OElznxjfycfyaqACDsJzPjI0IqdOZX8ZVLGy3SYPkORjpV7TPWZGu3a9rtjI0NtRN/EyOc2MDYMNBEmIkcuP1nZ42NFPJVpxrRi30kdnlvxX2HY+6YM6eTaMP7gGkXkZg2FyPuI1nn48rBxlB1WTr14Xv226yzKUao0+UoSASg1NdJt5TrlZSooTXxM4wYsi0G5aEHtNbc8JM412fi8/jnFxyMFyodP+YGT5/kLkzjx0AO1MJ45JU2NrnSvEFMt7zN/jn5fk1/9lnX8f6u/JhAx0dxoBMQgxg2NYN5hyfXvKzFeHJTsKMSX2x2y+EHCCFyftOh9JocI1A+swPlIU4qek3bycftKn9tGXlMap5T40Ct9oEk5hkxPZpjtOLNn96gfaek1U8l5jpGJRlRlxFugnDkY2COs9Jm+TGwG88/LjIH0mpVnDDrLBIHpEVJ1jxnWjtK1Um1MLN3OkKp3gSqqRX0jE/JljXkDy/SbYcKlgGO8WOv0hkv7h0hLV+RjGP7dpyaXOr5BkA5TDMgVrXYwdfgKABfWTzK3XWFvVSNYaw1JBsRs1m5IjAs1A9DxF/tEycqhqJ6TbxUYYJyZuXMrJrE8sXotY2kAXLBAJUxBa16StnXtuSxA2mrKPi5CYhQesEF3p1m2EONosWC9TpO3HjVVBGsVLWuPOygA77TB8vMsduk0z4/7fNdxvOLIxC/WZkZkS40mJmgf20ZFXNNwgLmioxGkSrR1mmM1YEFqTy2aDGdWNA62wuS/ihttCJNZ2OQma+KA2SjIy4mxtR/jFgfhkDHpC3xcd+RhhU9PSeeGtrPWaeVl+R9NpjUSHWcL51pI3hEJWsVU1wmn/SZqZphH9z9DJSeXPCdeXwwXPwEsg7zmdGRuLimG4lJ2l8JhCOFKEI4CjhFAcIoQHCEIBCEIBCEJUEKhCQEUcIURRwhChCEKIQhAIQhAIQhAIQhAIQhAIQhAIQhAIQhAIwCTUUcAnT46pjT533JrHf8AWcspsjvQY6KKUdhCWNcuQOSenSZGAPeBgzEw2lcTueu01w+Ocje4ELW8GsixY2xszQF2o71ooM1TCuO+Q5P+0dpS1bkCworl6xrNvw6vB8fnS7dXM28rKr5MmJj9g9i/pF4vt8ZQq2zHVoFMPzMwHIgccmQ/uP8AyzGbda/LOuT93Ar/ABjji+2vd6mcp5EkmdPIHE4A0U7zBwAa6HWbxmIAlVpZi2Ok0Cj4+R26wtqB7QD1qSSTHdn06QqAo2UKPUwUEsAJo2OjZgtZUd4hc0yMb49pH+sKDFUdHSB0gFaCIyhqv0k3AIo4QCEIGAQI0hCApvhOAKRkG/XrMIx3gsbjAXtkBCDa4HCwU3+3eV/kl2VTQRdAP9TOjF8ORSWBNXVdfrJbjNtcRw5K5V7e8MaC/d9o3nXkwEJ8guhV9hc58i8W4jbeN03XT5GcfCuNaIABInNjPMEAa9ZOIWCDtOnD45+4aXse8nEK4iKMRnZ5Ph5UHMDne/HWpyEEbijLLL4aiRGYaCEoUpaGsmOFq1N6jpHrZ6SFPE3K5A6dZGRXUxabxk6UJMpARpfSNQNztJMdwqwA1s0ShSYc6XiJN0bhFit4nMXInWI3BhQ6wjUgMCRddDCqUgMLF/Wa8FzG1Gi7kChNOWLKqqMY+RzWnQSia9mNrVRVDYGZt/ZmsGwG7xk2N/SP4MqlcROp1Kj17zsw/BhVS5bTXkBdmSrZfI8l3QDX7dNaEn5Xn4+V/wByQeVh8zlhfhlQUCp2nSvl+Bkzo3mYyjrYfKuqsfVZiPGzs2TJjB0+6/uAmIAYEdj7j6ScX6rO16/pvi+HoZPHw5HLeMQbI4nuIvIXL8TPkH9tgVVT/WR4Z/xshLgkBdGOwVus1/IeZizfJiU2cQUqeh+kxz+UnmT23s/G3/G316eEQwJHT+UGHGgDelz0vFYZsbeOyD46LhhuCJyt4/POV5b9Z1nbmyscZL8ubfUzZEx5BSjiQPqWMpPA8lgxReQQWa7TXwjhw8hmW8pNKp6Re0zjmwvr4rXx/GQ4XyGwUHu+vQTt8bCcKLlzqHyZj7epAHW5PieGjZDjD8ww5ZWBv9I8mfLiADoDjIKYT6XOHbtbbJy69Px6z8r+k/8Ay6EA8rDlXJ9oOnoOlTxfL8HJgygPqr6q3p6zr83ysmIY0X2sRbAda2kvlbyMI+Rvd0M30lnPqufftv8A+XneRi+MijyB6zKdOWwGxudV1E5Z1idbwJQ7QUXGaG0pRqI0ZhajYybgDRsQLZTYHUzpxeL/AG2LGtLnOjFsikmdpNoTsDqZntajBAiYySfcDoP9ZlkD6s2oP7oZDbWuw2l1yxGVn6ubUwEICVtauRttB3Zt+kSqWYKOs6Th4JfAkj7r2qNS4zV8LALVEbkxtlxcKVR6nrMXStRqpkwY1QJkO4Qjb1jI0/r6zNUJQv8AtGkdgjXSoFUqnURO1mxpGTYHfvMzACY0dkYOhphsYq1oaxhT/wAYVaZfeeZIV/u4zMmieJ06fSOoqgFygzXoZAlQH8r8rMYy39wvsZBF6iKj2hMimYnUyY6NXFClCOidocW7GFEUZBG4igEIQgOGkUIQSkIU6jQxQgBI5X0jH3ekU1VsPxgkEuP4EQVCgNkAGxmnGrA3XUycRKN8qj7drkMWYljuYRWQJQZGsncdjIjWuQvaPIhRip/lCohHFCnCKOAQMUIQ4CKEKZihCA4dKij3hB6QqELgKEcIUpSGmB7GKoxvCOtPKYMzMAbE5ch5MTtcfKpJltSBL5AA1ek+t8n8j43g+FixqQ2biAEHT6z5G6N9p9B+C8PH5LHyMqh676zj/NJkt8T4b6b+WT/lw68Pi5TgOTyDq/v03E5U5Y2+SiznRAd6nu5BjVSToonmnx2fyhlBpRqO049e8266dv47JM5cHlMceI5OQ+VjVdRPTw5jkx4Xv9vu7XPLxLj8nys65T/uKn1EnxfMbx/7TG0YkfSb7dNnHnyx17fj22+L/a9R87JlRyfv9tR5MfyMOZNL0nB4JfOyYch/7ZJRp67J/cDXrtXScu0/G47dL+Utvj4ed5WPJyGctSD28ZebI3i4rZzxYe2V+TIXA4AshlIr6x+ZgPk4fiUimUEN2j1N8bjXu/P47+7ycWXyPPZfFP2BrLek+gyHCmErd/EtkegnjDyU/FZVwUGDAfI3Wec3m50y5mR7+S1b1Uzrel7f48SePq4ztOu7z29u7L56PnXKdgKC+k5QPkxuTqxJI9RFh8bI2EOB9BKcBF5KZuZOI53bzfbAYyUJG8SB8bg0dNZ0thbH45yH7ibhiysB7hy0mt/dnPVY58pzuGPTabDGiY/kb+EfheMvkrkGzJt6xfkcLIuICx0qT8pv4n42zXZgy4XxDiQL0o7zfMqY0LCuSrPOw+OV8f5CDam6nQEyZmOQH7xXGL1iRyjJSciPawIP1nGEblptOt8bY8D3uDtI6qOhE0eG/wDiIFR7sMJGZBhe11DCbqT8VDX17GPJjD4Ry37xo8pqO0SE/b0mj4/idlOvUTGzdiaV3f2+A4D3dTG6kCxsRqJj42RdQ2/SGXyGviNpMZ51HxAvp/CdKYwu432mGK7BM3fKWYgbCKUiiHKA4qNsoxgov2HYTLISx16TbHg5JyPWQRj5UXuMlcim/ulDGMdjoRIIQAHrcIwoBiP4TIaNrNs5HLkNDMvuP1mmo1GQSC24mRJDSuQIgxorVOhArqROUTTDk4MbOhhLGRtWqPJeh3E0yKCb7xhQUrr0g3w5rNw1mnIUVYa95GmsNJupat7wZJEVwr2MvlYUREU9Bc4c+dWNrOYkmKSTGZ1wyesoNpUiMbytOggfHxPWc/WbkEipkwIMJHTjyrXE7xpk4MSTpObGt76TdMRcUP0jGcjVMjOK6HeZ58ZJrpOrHg4YxY1meWqJ67GRN5cBFGoHQ6Smu7kNK213AMrGKeu8yU6SkJLa7iRLHdgYKpB2k5cwRyOhFiZplAsHfpObM5ZvpJjM68tGy/LoZgwoysZoQOs01OEXH0ihDR6QIjABHrJII0hFAaXNMJAf9DMg1CINRuSrJy6flABZWqugnPkyHI3IyRZ0GvpCVJ1kEIRQ0cUIQCEIQCEI4CjhFAI4o4BCEUIcUIQHFCEKIQhAcIQgEI4oQoR6QhRCMCIwgijhAUI4oUQhCAQjigEdHfpLXCSpIPu6J1M2XlwXEy6N9o6kyJayw4fkNE8b2jyqMdY6t9jNv8dEFc+JP8/SYtkbYiyorlDO7WRUjfQ9oekdO5sAkyvhy1fEytEADpvEQAYAG6G8psbKdd4G/jZMCW+YciNET/UzRvJ5mlBCenU9Jy4lDNrO7BjRWGZh/bxnT1IkrFzWqeHjx5OWVyARr9T0mY8PE2SkLHGVLa7UOsxbM+fKzud7/QHedOPNyx5cgFO5CoBsFAqZ5g6FPJMaj7Ngu23WcqueJJ0AZtPQTqR0xZMeI9E5X0nDmdSildDk5H9LiVLrID+w/Y6zmLbek6soKlcK6mvd+s5s2M43o9ppqBPcwvaWX5A4x9p2ixoW0Xff9IMgUaasJVvlIWqJgG9pBgTdxAlYFq4x2atjt6SWd2UKdhtHTbt1Eg7wGou2Y6DeTdm5R2CjpqfrEBCnfSSTGw0EUEVjOpHeTAbiNhTEQFCEIBCEIChHFCiPp9Yo4B0nThykJwW7OgA6mcxmvjlxlUoLfZRFZs16WN8eNVxZffy+4DYGLzcAdy2Ij2iqHacuRgBobPf1nR4rhsHInc0frMZnLFcPJV0APLYmdHzBcW+3T0mOVKymzeuhmPu1v9ZrGs12jy2AIsgNMfI8lcqUUAI2MwN7GAFjv2k/GeSRMUviygEjQxGppooQhCgCzRmntAsTKOEw+UDEJUCYQhABK4g9aEWwiMDT2gVDQ3f6TOO9ITCMPWEUKqyNjU9TxcGLLjx48V7XmyVopOwnlSldzScyq3+kz2mzi4fs9DyAVZca+/juRqBDFk+PCGsghtOOh/Uzfx8a5sR8bwVJC65M76BjKbw8fjIr5D7+WmH7gwHWYnaeD8b5n3X42bIvlLnyqUw5RwN7kd6nleSpTO6obUMeNdp6fl+Z/Yb47bO7at1Vewm347xsAxq+RRzccddeRMzLeu9rPpjeTtnXfHNrMYM6eGcnkcHDKunIUo6Tz/KbJxApR0sVr+s6vNwN4btjU0je74t9+84SMb4zzU42b7W/b9JvpPfnWO15+M4Z487Jpt0sSw/K2B1H85jd79NJYxOVXiL5mhU6YmPR/H/kk8bDlJFEEBa3NzUY8fk3kKhQdWJ3AnMn404E55mAa649PrO3LfAjEbNBSW206zz9r13evv36dZ0uZ2vieHNhObCjLjtFc63oSBK8zyMWXycau3HFjUL9O8ryMudyUZharxXiP5zHwsOLK5XMA2wJO81M/wAr5+jnZZc3j6uXI/z+SaNi6UenSdGXGcKaj3Vf6zt8jN4HglB42JMmQG27qZn5PkY/yGLkgCstAx+V44/tW9ZzN5/o891HlJzQVkUajvOMDWjpN3ZsLsqHS5eTF84+TGRYHuE6xiXHPoDQgar1gRUkm9ZWhcIpQrjfWBSEA6zofyVXxwi/edCfSckJLJTFqZsgPGzoOk513nXjbUX+kVKy/wAdmDMNKOoiHjORc7cuVQK3vSZY3DMVbQSS1Lc8MlRcWjaltm7RMHDUH5X1uTlZlvE422MyBqUkpmxaxDfWWWQqOhkESqVna9O0qgRXWTULhWjkAabyATVRXCAwSDpHzcAreh3kwOusDZK4gEatsZo3jMyl0H2/cP8AWZ4sovGuQWitZI3qd3jumXz2xY2IxP8A9u+n1kpJy82uLUdoceo2ns+Z4XjZ8jDCww5lSzjY6ORvRnnJiRcb8m4uvSruJTtMc99o1yMNOkTUTYgBrKjdfdrpXWBCgar+omAJU6GUMjag7GExomRAen1kvmIbkmgO4mQ3lEKRd69oMmk7sx11kSmrpJhqHCEIUoRxQCEIQHCAhCGCdo9YhvrGTANxVaydYwZbKoFgwM6hKBqajEMpFGh6wawhN28X+4MYYWdJR8DMCy2PkX9vU/STYuuaKaHDmGpQ0NzUiVBFHCFENIQhBUIQgFxRxQpwhCAQijG8CwslhUuS3rKkbeJ4Wfyy3xgAILZjoBPo/wD9nPHz4MWT5RSE0s8LwPKC8fFyEJgdgzv1rtPqPxWf/JGQqnHxgeOI9TU83897ZZZw6fx5+Ua510IYWg2kUqgHa9ptmAZuCbD7pxfkjlVvHxYAbL2x/wCWcJHe3jfh4llPNykCtTcwfEzsrJrfSe7kwY8fPIV5lrueYiuV4qOAU36z09O1s8eJjzd+mXz5uq8LFm8PzcT5lPFzQ+pn0OT20r7MbUzw/mXzMuHxw5pd3G+k9DP5P+R8fjq9ZsOtjZqnL+SW5s59/o6fx2SWdfH/AFcPlZGyeS2BDbhx/ATpzZWBKLYBFFu1zIeIcflHITeZj93Sj0nT8SqhB+4ayXOHXrPN7cV4/leKP8fIcjXkx7E7kTHw/wAc+RF8hzSXoO89Xy/CGdSeXFSRyBlBQFRBRRKVSJvr/Jkz6uXfrNnHGMFJReLaFTVTlwriyM3/ACnRZvRyeVkAFkGh6zg8dymTICaIPWbk8ufbePpcejmwHIqootTv6Tny4GxAGqB0np41JxYzVXRJ7w8nB8iMg0saTHXv/u69/wCPP1/Fj+H8B7bK5HEihOjyvExtxDe4KdBL8LkngKKp9RM1JxOnytYc1r3Mze1va34SdZ+Elnlj5CDEuQ1WmomHi5UV8aMb5g0Z6fnYAyup6rvPnMmR8WZO+Lb6Tp/H2/KWOX8nT8bsdX5EUeI6icBylWodqnb7vJX5W0GwnPn8bhlF7Ebzp1+KzflXjMxw1s1zryHiignU7gzDCyqpDC+0nPnZyGb9uhlsTjGPkqC/LpOcYzuNpvk/uOFXY7zofxlTFVaxuJuPPIKkSkByNZ6TVMLXTSgQrFeol1dWqBVN71pLw47PL0nM/P5RegM1yeRxxlV32k5Zxlmyf3NOk6kzq+MKo23nnHUX1nb4OMmuxlsXtOG7LxUseonAWJYDtOnzcjJk+MbCYYE5Mx7SQzBlQkfSYLvO9aYFDudpxFaYiah1qMlXYiAlMpuPYQ0pCKiyEXpIs3pEbuDOVq5mqOCNZgsCYSxpmTXkOszEfyEqB2hyFbQs3CIkxkwAuFEKm+PEK90gpyOkJrKUASRH8bE0BOjHgr3GC0VSC5DAHXedDJePSc9FW12kZjNn5EVpU9X8cinGzN3nlPQbSdXj+S2NKB0uW+Fvp6WbIgRgN6nmO/In1ltkdzY1mTaEmSTGcZPp+szImmSZEytxSmjKPtex1mcoe6CrOuokMp3lbGasoZAe8ibjnTepZu9Ign8t50LjsAylrnC95B3nXlx+0kbzkhZTBqAPeFGSdDCmxgiljQimuG+WnYyXws8x6a+Gnirmx4yMubIAob/avX+M8zyPGfx3CvuRYnd42XgLU3kb7nPQTl850fNaMW01J7yuct/JzRRwh0KEcUBxQhAI4RQHCoQhBCEIBCEUKcUcIChHCAQhCAQhCEEIo4BC4RQHcIo4UoRwgEUIQCEIQGFJ2gAdNNIpvjZiVxYhbHr2+kJWvjY2yOObDx8J0bJ1r0lleHI49V0VcjfdX/LBcaciTeYoLa/tEpHLNzyEAIPao2mWNZH3F1VfeRSg/tHeYIwS+Y5TqLHg3u9zn3N2E5mUFvaKBNDtKsV/l5BkLqALFUJDeRlYAFtpt8OAnhevLiTMv8clQyG+RIqCfihAxJI3m6eOeStl1G5USvj+FQFHJv3GGTKzKAul794LfgFsI9qrQu2Pf0Eps4dOCDQaAf6xph5BT+hk/F8ecqduhhOAiUoB7WfrOhSvj+K2Q6vso9ZxZcxLgrssZz2hv7idP9Ywytj5IzcVP31XKZ8vje9+OgBmOO7JXc6CARyaJjFxt4yNkzF7oDVmM38vxzly8gaRFFmcfIr7UvTcjrOrAflwhGagptu7GS8cl3yscVU4lpFI1PU9pyMOJqdGQWzldtKmOVTy5N1ljO/LAjUwOg79pTb1Jb0lbU7kqvoKiQD7m2H9YiSRXaDaKoH1MKALJMR3lKNLknf1gBMmMwgA3mmRbbkdLAk3QofrGQSoJhEEDpFGd4AQogYGEBRwhCiA3hKBLaAQlTUpGZHDA0QdxGykSagU98mrYbfSbeJlbGddt9e8gAOAT00qNlAF7VJUvwsn5cbOPuB1EyRCzC9rjxvwahs282VVBsagQnhr/j+Mq88gJP10lMcLJyxoEK66dpl8l4Kb7mOn0mGTMWBCml2I7zOac+HUc/8AkYHUIBxFkdR6zgJBXUe4dYwzAHiavQybmpMWQocTBd5eQ6aSqiukr42G4lLkxqopbbqTD5RcnJyYFadt5J2gcmsgkmE5EBV6w6RSqokSY4bQADrHFZigO4RQhROjw8+Px83yviGUgHgrbcuhM54waks2ZR9Bg/LYlTFjbXO+r0BxBJ0WdIxku7+R7mOgrZfpPm8GVEzI7glVNkDc1Os/lMufOjueGNCWIHXtOV/iy/2r+Xzy7/J8RiHZCAT0O4i8ZWx+K2PI1szBsQXf1l4fJbOoJUqze9h1qdHj+OuF3f8AZ92u4qZ/LjKn4+54rj8xkwqQylsmSuTMbNesz8ZvHcFHVWLCgG2/Scvm+T/k5nN2L9swbIyg1+3adJ14+rFtt4TkxPgyvjdSt7XOz8e6LmVTrQ0A7mQvnHPj+LMt2K+Tt2qH49lweQrn3nbXYA9Ze23rZ7a63+6bxy9ryMGLiq5qbGDbXv8AQVDIMLYW1FKRQ/0mLpfPJ8l8at+4+k4crqCBhspuWPUzhOu59HXv2/Hc9tfIyKMlgjgBv3nDzX5jXtvapqvjZHvX276zlyKRk4r0nbrnhwy+XUcBf24RyyNrfXScuTx/JxWzoygbmiBOrx/JbxCuQi6vbeU35vychZaBR148SLEf3bxJYszOXCUfIC0eJmxg0d9xOnAFACNuek5cloxHYzcup54BR21AJ+kzYUZ04Wo7kfSPJjV9SNdgYJXNjQu4UCyTQAno5fD8XDhZ8nMOv7SOs4FDJkFkqAdWG4nW+ZPKHwqOGOxxJNtfdj1k7bszx7a2e3EFLn2iBUAbgnsJv5HxYh8WI8wdeexvqJlixPkyBQK9ToBLvsQQRU2xuSaHQTpy4PGwIxzJkZz9rKQEucPL3HhoDEupeXQgDVRsk1Uz8k1koHbeQpKfWS9k3BJCJJ3hFCVo4xVH+UmEBxQjgEUcIBAVeu0UcBiuWmomiZCuQMuhmaaG+0YBLCusI6S3929yN7mmbLkx4SiDR/v01mPEVYN31m+PyMnFlzLyNUp9JnDXERp6w207zTyERabE3K/uFaqZkCWIE0h1rUAKJ9JYUBqvfrFfEmxrBo+NWUMNCZL42TRxR3HrFjPuFzvdUbErkh0qqO6mDw86UEsTTP42TAqOxDJkFow/1mNkQplGXeTHyNUTpFCiEIQCOKEBwEIQhgXEYwSICACusoa6SBOnHi9vKtCISsa1qXiQtyF6jWM49LG81XHSgXTNJo08fC2ZjkJ4jGASfpO1vJ8bIGzY1HzoK1/qJ5l5cZNEgHRx0M2yYhjwI5u23EzVjTx/I8gI+VV/tofeT1uGTxE8nG/kKnAVyBHU/SNQx8YYxYLak9K9Zk2fPiVcZPFV+0iJ544LxJ7eedNISspdnLPqT1kTaiEIQHCEIBFHFAcUIQCOEBvA7P8AFIxhyf0mGVOInR4ni+T5eQY8V6fcegHrPSy/gcYUsfILY0ovQ/iBJ2/k69eKdena8x4E9z8Z+bGDHg8QLpypj9TLyfjfxfieI3k5FfIuSlxgnWzA+J43ieLjz/DeTIw4q5/pOXbt17zMvnj9W/wsu/lJc39n0eNU1s0W1mT8S1jppOU/M+fGSQMbLr3Bm2QLjHG9aueb8cd3KcgL+QG2UaHpc8NvKdc3MHQ7jpPX8DH8uLOxNrkcgEzzvO8NvkX41Nda206zv/H2ktlcP5OtvWX9fDjxeQ2HKcmMUen6zfx8+THnx5ugNse9y/J8BcHgDyG+4mZD34MdD3E7ib/KXmfOOd69pm/H5Pf8jysA0vVqNiRk5eTgyFTrXtYdxObyfEPkYceXEOLqArdiI08pfHwZfHBtlAr9ZyyZx512/K7Py/xw/mfP448dyPlYUzTnwYMuMf45JYqb5iZ5sOXgmVDTMabvc7vCy4kCrlPHMNDfWWzJxz9EtnEvFni/SuLO+bxfKAT/AG8rnJ5DJ5HkD4xxdzbVtPQ/JcnzJkw0w2aH+HhwD/JOpHu+gmutkkt8s3bbJf7XX864wMTGmVdL01qc6fksTlAxpmBH0M87P5g8nC5JIdTaHrU4FYhgTvcs/j3d4Xv/ACW3ZX0y+fg8fDwzNTqdPWcz5m/Iugxe0Y2st3nj+XkfI4571vNvC8t/HT48WruQJP8A68mzynb+S+P+P9X0XkFsvjjHdMRQP0nzvlBiWDbjr6ifRsV+JXb7gu3rPF8nFZd3HtJv6TP8dyt95sjh8XLkXIq3S3rPRzL8rmjoonBjTnmCAbz1z4xXGCL7Ezrc2Vx87P3cS4yqnmKA2PeY+QQoBHXQz02RTjOMnRVJJ9Z5RBfIBuDNS6zZh4WXGQ7aEjSemmTDkw0R7jPMzKL41QGk7/DRMfjBjqbk7pzvCThLZDeh7zl+ApnYnXWd2TIKsddvSc1MOR7bmOtS8MMqqzaacZg6WD2jc2xaP5BYHeaxWTYuKhu89L8blXjwr3DWY5UX47G05lynE6sukl54PLby2+XIzdjOT5GUniaubjIrMQdCZgye8gSz4WfVohYAPe0RBJubBKQA/rFkKIfTtCayjcArJZgQaiDFhUq4kARhL1jVeRA6yxjflULrICjRj43HksP2khjcClXjd7GQd5bMTtIAN1Amo1NGWE01gvG/WMNXjDPqNpoeOLQxcuI00MTAtRhkfMBdDeX4rFiyk6Gcz6NpNMbhFvvFLOHpKg+I+k8zK4LGt5ovlMvXQ7znJtie5ki9YGmyqTjFdTI4ErfSb42GPjcpa0wigQe0xyHjc0wW+RydhqJllqzcJPLMsTIrWVesZGsNIIiBI1EthIOkKqyTK5MBXSJK6zYKCpMjNZ4zbV3nciVpPNvi/wBDOw+WoArtFTtL6bkqPa3WcPk4gj2v2mJ/IZjcT5jkAB6RNJLCUXB0vaC67Syy1R3lX2yC1+krG1NfpDlYoDWPGt5CDppF8NdfJZMpOgP1qPHgZ1Lk8VGtmZghfWNsrsOJPt7QmeomKEIaEIQgEIQgEcUIBHFCA4oQgOEIQFCEIBHFCA4RRwgijhUAhHFAIQhUKIo4EDpAUdxQgEIRwFGKvaMV1geohB1mnj5ChIB4l9GbsvWZRhWI0BIG5grobOcn9nEOOPdu5+s6PHdCMmRv+2g4qT3qceLDnclEBAO5Omk6AmRfHOE0Byu+tSVmyTwrDTYnAGtWZOdhYTGLsAmu4gqFA1a2KI9JNHj2rX6wyxVSS2QnUa/WSmUrfrLdv2jQTKjrXSVuc+XavJx8i/adP1icLjUltWOwnOubMeKA6DYCNmrQmzDP48qxeRkT/wBPaV5WQuFfbSpzMTZubF1fDx/cu3rGLnism6RDWI6mMdK3hpriPEk+lfSP3VQ6wVeJ91X2jLDZdTGsp4ftH/UYuZUFV67maKGI4g1Z1MkooNDXuZAK2QrxvS7Jg7lhqdBJdqWh1iyHQV1gwnYNrVVAEnYbbmRNMOxMq+IkivpBySdektgCNdO0yJrSCLXaSATZ6CAYgH1jGghSJGgEBvrtFLrQQFdmpqCODAbjWYsOJ0lYiPkHLY6GoSxNxdYyCCQekUKbb6bRRjXSTAtMb5CQgutTK+Ej7jR7QxZ3xKQvWXjYsxZjdCzJyl1BxqB3gGrYVpLJtL9ZlCTkWb7xg9JJl4uPXeVa2xoAddpOVg2g2EC/vtdqqRVj1kQYktrO06XTjvppchXTGq1qw19BEzZH1OsiVmN6vSQw922glgG5TrYP85VYlq+3aSZRArTeTXWVpSCNioOuukQNC+kRIMiJhHvHxbeVShcIQoihCA4RQgEIQgEIQgEI4oDl4kd8i8EL6jQC4YMOXPkGPEpZjrQ7Ce/4GA+F4DWw+XKw5Feg6C5jv3/GfN+GuvXfPE+WuHAuAJbf38zW36ftHoJv5+VPE8Nsrfc1qi9yZ5/5HIceHHkxkjIrEL9Os4PyH5HJ5xQkcceMcVX16mcenS9rO1vHtrt3kl6yZ8OcDkC36mS66103nU2MYMGPKVoZRRU/1E5eLnbUdJ3lcb1vW8/r9zSq10E1TKosnRe0ycJx5AkdCDJx4y5s6INzKmO/x8mNuZzMQunFbhk8zxwSqj2VoQJxuR9i/aOveD8PjFbjeZ/Gbp9HW/lO+IhDS1+s5EcbkVR3lKzfGdgCP5TnvXTaWSLHt+N4wzYwTry09Jx+Z+LzeMjeQGU4w1UD7hN8HlZD45wj2kagjtMsjlVfG+oYXMdfy/LyWyTw5sbu6hTuPtM0fxzkUkHkw6zlAoji1esavkXX+c6Z8Jnwm2xkqdD2lLndQRdiDu2UCx7h1ifDkQWy6d5V/V24suPIANr0IlL4iku+Mi0FjH1M5vFvUItkay/Gz8Mw5Gr0YzOM5zTTD8mW9Eve+86FAwn+79mTcx4cIOccjWI23KroTHzWIQ8LbGD7Sekl5uCPLzcQ2FTyxmqM40IDAnbrESSbjCk+g7zUmRv0tnUnTaSTYJ7xMvHqD9IpTCjhFCiEIQCEIQCOEIBFCECgVCkfuOxjDkUV0I6yZWNzjblQPQgwmNEz5LxhaHDY9/rNRxaycgGQ6qo2uc+LIMblivLQgD6yASGBG4NwmOnEuVswOIEtsy7n+E68XjnycOVlxA5cAPyLswA/cJx+Tlyr5Ayj+3koG00/WX/lFgPI5Muf7ctfuB6yZV9fJZMGQKuUMrKRZA3H1E5iaOhvtHkyM7bkjYfSRKSLdlYgqOJ69rnRj8hRiKae4UQZywgxbZclFCfb2mcI4UoQhAIQhAI4COoQoQqOAidYR6QgaeKEbMi5PtJ1noHyF+dsAATEDqZ5lFWBELJb3a3vJYj0MK+M5yK703/x9jOXyWIcAArxmTEcrGw2mj5DmYAm6FWYMd/g+LnyoWyV8b9Tvp2m+dD8ZBA+NNC17zHx82LxaTK3yuBooNgXMcvmfL5K42Hx4SRyA2mMtqy5M9tsZc8ig5FBqPSJcTsASn3alT1k+V5eTxvMf4KUFQpPeZL+V8osgem4nTSWQqsnhFwwxCyP2dRPOZWVirCiNwZ6o/Ig53z414sRRTpOUE5sn97UsaDGaibjjhOz/wAbmcMcH9wIfcBuJyEFSQRRGhErQhFCARxRwFHFHAIxoYoDeEen+P8AMbxVyAGvkFA9j3nuYHxnj4S60gdz0Nz5dW0A6dZ1YvOfxeWRTyZ0KA9pz/k/j/KbPLXTvnH+vq9n8gE8rycPiYfdjx+/IBsK2l/kAr5PFwHUg8/4TzvwvnYfG8fNnzG8l6Dq06PATzPIy5PK8gFQx9gPb0nC9b1v06f1tdPy39e/GfEj0XNZkUarVn9ZzZcj5PyPGiMeNSOXS51K6G3G1UTOLIz5NCf7btQIjq32sk/f/YsXkrhLINVViTW2sxyedzycU1Cj3CV5jY/HXJ44FHhat1nn+BZ8sczRddCdpudZlvwx2/kuzr83l2fmsg/wcWIddYvBVMXhYznpQSSpMv8AIrjfN46OKIQ8u19JyDH5PnfHjROK4wRfSJP7c8Td1P5L/d9evWSR2ZvOODG2Pct9v6zPxvCtre7I5Gbt4qKFysORxADj3qb/ADA1kVNxWskueJ580vWbzdk8Rh49ZBkOQAqp9sflY8GThwPFl6iRWYZMmNUGJGH9Zy4vGZc5wM/I73N571jfWbtwvIceM2MLqjG3PrI83ynfLjOP/t8ar6zPPhanRv2mMJxTG3YzWTjWbbz6cbIUYjoZJokTu8vEeRbjxB2nnvd1NS6ntv5ZB4EbVF4jHHnXKVJC/wBZi2Riqg7LtPaweb4uXDjwhQuRqG0z2tk8av63OEp8+ctmclVBsibeR7xjTTjkGpnSTirOugULR+tTn4I3jYSdHAOs5Tnl18bPO/8A5YP4/wDh+ThcDkj6H6z0PIZlwMx0UCcmHO3keM5c3kw7R+b5AbwTrTEDkOsvPEvnUyW2ziXr/WOUM7NyB0YVpJKjHRA1uaeI2P4uBPu3Bk+S68uI3IudY89YeS3tHfrOrxAG8MMDqDrOJryKR6WP0mnjs2PxX10J2ls1Y2d+LADY9BKy5AgI/wB4nLhvK2p1E18dGz5SjbLHhMcrggfWZGwQexno+ZgCBf4GeflHuNSy61HQuVRkUOLU7zLyCpsDYHSQ/KwY0cCyw5XGc6SIYHiGmvhqcuSjrUhPcOPQx4cj+O5IGstL4x0+Q1NQ0reYOAxHWRkytldn/wB28rx9cg5HQSYZhnGgNCIrxF948xxg2pmYZm06CWQ5VtqNxGc7FuXUzMN0MhtzBI0d+ZkggbyRCFw+WukC7E3FFVwp2TNUQ1yG8zCEzoQhaBhm0a2C200YoBcjMw0qZqS/tkqeWTasSIrNVOh8HFeR6zNUF67RrWsxGBrNWwkkFNRF8ZEprfx8XPGQekxzWDXTpOzx044Wb+U5/IUlOQ2BjUjTw0IRmPWYeT7WoRr5BTHxG8xyPzNyEnIGusORM0xrpBkAJlNIajWZGWW6CSYWAGprjc1R2mM0UUsFTlFNfeRVy31kQs8CEJaCiCRYg0ISLIhRNnvKf27CoqagYT6psiXiNvZ3qILyMS+1z6CS+F6+QUHf6xvjQAcG5N1kgx2vQkSpykqw3EU0BH7tZDfW4WVMIQhRCEIBCEIBCOKAQjigOEUIDihCAQhCA4o4QFHcUIDhFHAIQhCCG+m0IoVWgNDX1ijDV0h6wgiNxjeLrAI9hCL0gA1nSnltjXjQobCuvrMeBVLJ3gwFDv1hPL0MRARGc8iQXc30krlX5cdiy3uP0M4A7KN99xKTJeUMxodSO0mM/i62yh/Idf2/bM0TixUm+lSHIx5GZDd/6y8uVWcMNARr9YM+HPkNua6aRAkKQOsXrGBRBMrSwCnFhvIGrVGWLnTYRWAAesBPvfWIbiEteIWyLMKlhTRopZgAaJ6npNFUuASp4en85sXwuDWMIv8AQD/jJqazXDTWW5DvMw9aDvNWXKqlgpojeuk5jep7RCc+WwyKp11qQchu5FUNd4pVkUW5GOj1iXQ3NXoLCXhkV91CWh0IglVZ1Mi6NwGwNayZZex69ZnCwR76RSgKXl16QFWtTXcmthpM17npLVqhKlx1k3RuaMbFVUlko0IIeX7yRsQD/GRKyWCL/wBok3Cw1NN6RHcwG8DvAIA0K77wihWuPLQCtsDcV8gSBIgDUJiukA3G66xXFAoAnQS+PEHlHixhlvkFI6GPLiYKWBBA1PcSJUA6Wek1bMBjHH7idRMlb21XpckypjdKJ5HrOr/H5hQfbYnEuUDU9NhO1fOx0CvQcaPWZu+kuvPZSrFTuDUAOneXncO9jfrMiTt2mmpzAbUxjh+6K7iqFaAIdo+KgHWZgSjQ3kRPGzpCtIzY1/hANpKqYVAxjj+sBRTTgG2lDx3OtaDcxhrGOdubwcK+OmbFlBvR77zI+KMah2cMOwhbw5o5qRj29dYK+FTZS6jE1kBrOrB+N8nMvMjhj/3Np/CLP5ONnJ8fEMWM1QOpFes68X5M5UGPMC5I40NNBJ22eDXb4nhjAFbxm4kWGc/uua5QUxrgDAmxff6zNfIxYFVeVtx5MB36AThbzSyl/tIf296nGdbbtav8kzI3/KDFk8lERi+RQAF/av8A9Z5uDC+XN/jWF5E1fcTpy5xl8tWwrsb5dWnPlzFPNGdB9rhgPUGdOsyZ9C2W79f6PU8dceTxQnlEEEe1TuANJyP42IeQcWLTGP8A5Lszf8nk+POtJxQjnQ2t9ZODAPNoYzwZF5ZG7zn427w337flnTNvXx81x5cWEqAgNjc95jYAoHSeh5Pjp4mAPit3duJJ6D6Tiz4QoJ6k6ATp1sscr1suViz+70gGLabyWQrV9ZWJyjWNJsxFmqjC3DiTqNIwxAowPU8Cjitx7Tp9ai87kEV2AIXQVvUPBDL43JlIUWw+krP5GLN4rUKcn2jrOWf3b9Ut4x5pxvQevadb6GJwd+nSpqXb4vhY/wBu+QHYzJlrbUd50NWpZV4mtZqW94BFaaiZItKCdSYO4Ylhv1lSm2UoSOnQCJauzrMbvebY667CQsengzrjxEuQUC6D/mmGNmyo+IEcX3ucj5iwGMaIP5zbDxB5E6dZMk5ZuuUY+BthyAOoEsngvPE3tO6mXmZMed1X3I32mc/FthrK158pOphREY01iJsytFCOEKUcUcAihHAIo4QFCOKA4oRwFCOKAySdzcAYRQHCEIQQhAQpRwr+UNIQaQhCAQjRHyMEQFmOgAnoN+Iy4MBzeSeJI9iLqb9ZLZPK486Uqs5pQWPYT2PxH47JjyHP5SKMBFU/r6TrTysHiuQvjDHjs1kr7voZPy5ycn1vD5wqw1IIHeoiDPo/K/8AHZKwklfk999AexkH8j47408N/EQke0MB07gx+X0OPl8/GFY7Ame7k8FMWMZ8aIcZNV+6bZPHfLeSl8dAulekfn9DHgnx85YD4zctfx3nObTA57ECej4g55PlVgWFrxJ0YyM/5HNh9nju2N7IdDsD6RtSWPLyYsuMVkQqQdbEzBM6s/leTnThkbkBr+s5RvNEaY3bGwyL9y6i5JYsSx3JswYFdIgCSBAoNYPI32l48RZC+3HYzLZq3nb5KnHixY2peQ5UJL/uI8UNjynKV5qos9oOzMWKikfde0zGfME+JWpTuBNuLvY6gAiu0mco28ZcmLH/AJHjvbYzeRD2mTjD5HkMuVuHye5Mnr2MnG5GQYxp8mhmvlfisyJ8iMHx+nePF5/Zc+J48uDJjOJyhINdRqDIlMrKaYUR3imgRRwGphShOzl4qYuAxjI7irO6nuJivjOxr+msJrGMbzt/8cynkD8gGpABv6GdGXxfHx4wz4+LttrtJ+U/VXnhp0r4pbGjO1Kd5uvggDm2PYTV0KqiCiv9JL2+Ezyjxk/GYvIx2XBB2bVCZ6/+aub58aaDEtlun6Tz8nj/ACoeCg8Rt6zFh8AGN24M49w/4zn26ztzy1O16/u9PG9/j2Ytx5A1M/IfH4/jeO5NCx9Zlh83B/jochpEPFgJh5Qb8j5ePD4wPxoLs7CZnWy88TV2Wcc3MjT8peXy8XC/cnTqJjiwhMYyOaZNADvU9nF4SAplJ5PjAAE4/K8HIpysDy3IX0mZ/JP8fDf/ANV/yvP0ebn8lsmcZMmoGi/Se54TK2BeI4jtPG8zERi8cqm41Peen4V48Lu2nEAAS97PxmJ0nb8+f1dT4gbUaXrc5nHFFRfuLVUyHlZs3lfFyCoNZtjK5G+UGwPb+sk2L2suufO2VvNVF9qqP4j1lt8Y8piN+Il5Ty8lHOgqqnKhZ/KzuNRRA/Sbl8fSOfb39e0Yt5AyY87Ea1U5VyE+Jr91yxiY48p2u5yY8zA8SfaJ1kjnba9XLlyNhTGVvmo4ntB/xmFPHOVz76sdrnJ/llnQE0F6zTyPKyHAwY2pk/G+uPlfym8zeOHBnUMA6iuhEfiqRlV/9usrx8l6GaoiKxblQ7TWcYmu98lYFQqf7mvITn8vzVKrjQUEFRfL7eLGgNUb1nPZzK7N9y/znOdM5bvf8rwa5DjdHQmm+8SPKztlyEj7e01XEXxAVRB3mPwkvxJ16SzN34NyZvk/HY610kZ8zjKfpU1x42QM3ac+QNkcdzpc3wxM1thzJwtvu2qa5ABjAG7TnHjcXCtvOjKApC/wk/RMmujF4q48XJ9GIvSc2PyDgzk7d50lsgxK2Q6bCcnlY1Oqb7yTbut2TjHTn8g5wqV9uoM5Dj/uR4cpOIf7kP8AKbhFdS1671E44Zy2uXIeTbbTMoTqJsq8iWMln4ApXWxNCseg21nXjwY8qe8a9Jy4rK8jt0nb4obRr0EVm3lyP4LIDw19Jl43j5M2f4Qaaj/KegPJU5WvYGc/nNjx5Vy4DRPaTn7tTt6cubF8Z4ncbwxHi3oY8mX5qY/cNDDGvuHaan1PSM1XptMjOjKm8xIhYkRwUawIowpXDrGAIQNeYCybJk1DlCY0+7eJSUyXHiIOhkHcmE+j0MSHyFJ3ErJ4ip45/wB3SY+L5PwrpqDuIs3nM4ZZjLv0Jn7n4WQAlTv0uLMRzqpz4chXJcvI3JrlznT5jsDIMJUbmZIQ2J1PSTi/7bMx0AkIx4mU9RzuKOm0kHWa5aH6zGVZ4d2FQwmedTrJ8fyChN63NhxyqZGfFctdZBmrKa+kgISRK1K6vE8UZAWbb1my4sJJW9poSMXiADQnczzkykPd6TPljm8q8hAmQjodpzkTuzKuVOS71OfFi5NbaKNzLGpeGSrZBO0skB62ErPkDNSikXaY6kyr55b5fc1LrW00+L2gfxEzwrTAmaA0CSd9pGahkCgkGZ4ltzfYysjaUDpDB9/6R6a6s2RkA5Ai9rk3G+RnrkbraTKv6q5RQigOEUcKUIQgEI4oBHFCA4oQgOEIoDijigEIQgOEUIBHCEBQjhAIo4QCEUcBSr0PeTHCCEUcKZNab3FcUIQySTrACzUU6PFTEzXksn9qDr9YLxGPHWhqZpjwnVn0A29TN6Vb4gAM/EHuRv8AoJFWxN2FOkms6QrkL/WZvrZ9Zo4PyAnbQySVPyLWvSCMoyT1gRoO8DVesqkIGEUKKmyLiUf3TyJF8R0mQNG41ByOqjdjUFbN5bnEuJNFGwHrLxePlcgvoo1N+k18fH42HIAxGTKpJ1+wVG/mWMguy2hb/QTG85Izb8K8vyjmyWpNLWk5v7Tci33Vf6y0SlZ20CizcbeKeF7NXKvT1l4iOGmJ23jCG62MtmJFXtJJLV1PUzTe0qowZiQL6RtxUVVt36Tpw4EKgtVt/wDuiRLfbAnildTMptmCcuSag6ATIaHUSrDUjrrKUK1qP0j5qxAKgfSJSFOnWRDZFUCzrBgzn2/agq4xhLe6x6RMWC8TtcujM2NIA0blBQYmWoUrMCSTCAoa9tvrAbm2+mkXSHrHAQjO8UYIv/jAUJYXl9o+p6RfHpewg1NQj4G6uoEC9NR3gK4wCY+IG8qlUDW7g1tiQKlt+kjONQw2MvX2gazUlLCNV7kTOsby4llEXBkpyB+kkk7StERBTRh0i6yqbXcUs7SQLgKHWVoB6wuAX2iq94QuAibMBCEA0uHWKEBgmWM2RSSG33kUZYVQASde0Fw0bKw+MH23f6zRDkxMdQ311mZbou/WPlQ/pHKJc2brfrEa4gV9Yibj1ICwp1a6bGaYCMYZv3VpAEKupkIGawBY3MieVjK/F2OrHQTRlvDjC/aNWPrOrxfBVsQyeQ3DGdQP3ED0ncfDw5AHrhhQclxgbiYveSrOmx5viYgzsl68TVd4vHbx8Wd3y02Rf+0lWC3czfxTjHmtjQHiQw5V0q4vwnjDJ+QXKSCqsbU713k7Xjtf+1rpNvWe72xr5iZ1wq/kqeOVdf8AlbpNvxYXxvD5FA2bLkC/Vek3/N5Mj4sirVMaFbcRMvBfHj8bEzWzHQVrxPacrbf4/wDydL+M/kuX15rPysWIsS5PLY+hnDnxgMRZ7aia5fIfyvLKYELJevckTbyPHzBWfMo5MdQpupvr/bkrj252x42QMWomQu9TZwpY9QJICVpO0SXgqI3gRCiSFuNgFAF23WUerh8hcn47yqPFsaoB6jaceLG2QWvTeY43rHkUbOAD+hi+fLjyWp41Wg20mZ1zc9r2ss6yf8Zn9ScMjlWl4yl3kF4/3AbzPLkbLkOR92lYwzGlF2NRNek+GmQY08fG2N7yFja/7V6TFUskE0TE4ZWIbeCG8ijbUCRfPrEy+JC336RZABlYDYE1C7goFAA7zco5Q/Gd+kyrsJvhIB1FgCKzXMeZpX049TNUUHUmdiKh9rCwYsmPxeLFvYQf2yal7RwZVo0uxkBSZs2QEFRMyavoRNNS0NSigAZEbNyNxQsEUIQojijgKOKOEEIQhRCEIBCKOAQilLUBQjMVQggISsaF2ABA9TApUZjdUDNMXgZ8rAJRPXXabtiz40ZTTdv/AKTbB4fkZcQP2D/cd5L2nyk23iM3/C515ccuN+Is0dfpMMP4zzM680T2g0b0qex4ni48Vsp5Mv3m/wDSaZMnjYsLZDlHJjYQbmc/zvrlvPnI5vA8PH4hbI3uzVSHopnUuQsbzoC/T1E5X8jxHxKfc96MBoQemsXi5XzMPGxsRmY0S37AOoky3mp+XqN8g8jIxIQ/EDsx0mPltk8jGMaCgp1UToy/2so8JMvyZH+9jObzMuHxsifA5bIv3MNhEnP+y3iX+rmxeK7Nx3HWdmLGVtAobI2gJ6ReN5PjKmXO5utSDuzHtKbycRVM4APLXgDqv1mv7qz/AGyaz8zFkQ48TOOLECh0aZeZh8vx0OP5fkU9FNysXlYS7DyRaXYZdxM0fFlyMMWQ8buu8s2JxXEpyFjyU3049DKGDPmyqiAu57zoy+OUb5EYhhrfSVm8tbD5MXuXQshoGa5TZ6crg+M7486EZAftM5gRy9LmnkZ2zPyJJHTlqZkIaa8TkdiNhMxfKAYjbbrBrBvvtAvFx5kt01qD5Dkyhm22H0kIaYGU4CZdDY3BEewXWT0udrsUyFz9jAATmw4HzeSqKPuI+k6POQr5LYSbKgajaS+Yei8rx2+MZV+39pnMnleRjU41c8TuJ6fj3m8V/GbRiLU+omGTxsYQuqnkBJO08VbNkvy4cuTI9czZHWJEZzSiz2mmLC+UsQL46kSuJR+SniehmtZGLxlNtlPEDp3mYTnkpAa6TdMrr/3ByJPWbYePPk3tB2Eam1p4f4g50OQkjidus3wMvjF8mBCVTRiZX+SuBeWJyFOhHrOcDKqMvKg5tl7zF2++G5645+XVm8p8hD+O6Yy41JnNjzP8wfyyMoQ6jvIZcRQhgV/rM0ZO9kbRJJ4TbxtdufyG8gX46kA+0j0mKAqeK2QdD6ToxFAhyA8eOpXvMc/n48WXn4ws1rY6neJPhb8tPHbJ8qrj1a9pzfmmJzhWrmAOREwxeZnxOXT7jZJnK+TJkcu5JY6kmak5T09P8X+HzeWvyZW+Pxid+rEdp7GHCqqi4fYFbiT1YCeT4X5g4seLBxPBfurfXrPTw/5GTzMbEV4qgsCd2Yzh/J+dv93j06/x2ZxP7vf7unyHKZnVdMYAo9bmNsyOCSSR1lY2Tyi2UE0jFSPUTHJnHyGv2HiZzkd7ZOXLlzN8K4zqMJqutToby8XABVLGhyqcuFTnd+O5uxOzDhA8dlIplFGa7SeGOktuzw5fGXmWy9TfH1E68OL4QpQXibVvrFg8ZVRWB0WxNvJyjxsePlor7HpLbPB+N+01hlxsXOTqASo9J4jeZlx5OWM0dQ07/I8zIMhcEDdR63PPOFKLE+49J06fV5+8lrbyMhbAtaBtTOFF9+uwnZ46NlSv2ppMc+Lg7BdgJ0nHDHJNlDAKBtsYi5ccDsJOJOX1lKhOIt1BmtRgCQZrzIXlvMxqaI0jALKVGphquhMwdQpGg6S8GIqrs327ic/j2MnEjWbeW7qQq7VrInvAvkkgjvNQgYUdyNDObCoo3NS5AB7QntKNkW8Z6mjD/GZcmuqmaDix5DY7xnMqvwfp1kN+BlHAqBqT/SaZVDYSa1XUTnx5iPJDkclB29J1N5SFyaoMKqS76aknu45H8pmx1+1dhHj558qKu5k5fGY4+aUddR1nZ+NK4cqB1+4V+sbxc8r16+NvBZ/EPi5jpaMLmbELibSuxnp/kyvwCjbE1PLzktj49pnrbZy33k69sjmxOxaukfk0TyGgM18bH7qI+kz8gbr2M6uXtfjhmxBel6zXPm4eOMSHW9TDEQngFv3XONchJN6yeaZ7NCSZeY8lHpMkPur+EC5Bo7SmcpU1OnEBvOdh7tNp0YhtCdizLaHX1nNOjMaO8523heqlNSYA3GdoVJhFGIUr0qEI1UnaAwaM0JHD1mdVESaqExriAJMlwOWkePa4AcjIntKgy66xfbrEGs1KqmyMycBt1nX42FXwEnQjrMwiBNN+s7PFA/xWJ3J0EHXm58PN8hCGrp0mPHWd/lFGUHZhONKNmTTQqgbzfERWk5zrNEbiRUJYpt/rGCFrSM6+ksYeQuERnzF8YQdJz8SJtkAxmjEvvahtCziHhLAwyY3shdj0nb4/jAgAjUzXKMOPfeTeWd9vHZGG4jRdZ6bY8OQen9Z5+RCmQou3SWVqXW6BWXiN+8TeO5XkbAmyY1xYwzaGrqaZPKQ4igqyJP0Z15mRCho6yvH++ZsxJ1lYuXLSW+HSemUcUJVEI4QFCOEAijigEIQgEI4QFHCEAhCEBQhCA4RQgOEUcBQjhAIRQgMwhCAQhCARRwgKEcIAaihCARgkGxoe8UIGuLMUdWOoQHiPrBX4pZ1J2mUITI3Obk1/8tfrHjUm2PUGzJPAadusT5CUCDQCRnPhN2de0RNnSG8pU6/wlaSIE3KYdukKrcQiajRmVuS6NVXKvTSIqQOUBhToqaue07cHjYgbyHRBZPS5yeP5BwFmABZhVnpLGZ8janfcTN1LrTysgbIFxj2mpOQZkaibsVNGwFsiu+iirr+QnRmxHkBVt1/4Ray8tlo02hmi40+MkbiHk0WHfYiZB2rj0lb5sdWDxxQOSu4ErLhxaqho7xFiUP0qcfNu8Z9WZLVWymhvHR4+p6SVY9ZYrcytIKMNhcRUir0mpyke1dK2MzYm7O8hNLUTRCnU/WQpHL3bSnx0fbr2lKk6E8doA66xURvvGGEKRFnSBFaRlqOkRNwCKEUBwI1hGYGqMraMeKDoOsvoCRQ6Cc6EKwJ1qWcj5GA7yYzYoasW6HaWUAXQbSW4hgg1PWNjqFPXUwgZRxDEXIZPctTaxkJF8QomJYc6GwhYou1HjvEiH7mjFAWJJZtgYDaz11k8Opi5HaLkQKhcNqEjrGTe8R3MqqGsKkhiNpXI9YDI0kGXodR/CTBCqOo60uK4BEd44oAouM6GoCxrFetwHZhqY14n7oFu0B6L9YqLaxbiaohC2esJeGREFNMCZTkA0JELHSvwjIvz/ZVkCd+FvmKqqrjU2wRRXDGOrH1njnXc3NFz5ERkU1zoMetDpM3rqY9vw1Q25PJC1Y2bqB0mg8pOByMC2NVawNyLqeIPMzKmJFNDDZX6mb+HkytoAWY2FHbkdZm9POrLY7sXlZvmHjrjBbIOSsN1Q9zNfE8YeMuQHljbKa+Y1QHadPjYMf4/GcljLkYUWOnH0Eyxs/l8kckBbZ17npOd52TiNy/jn/q+HJ+X+FCq4iWyAcTWwE83GXYnHjJLMdr6zvJbMcjg0qDcjoJyJ/Yb5ioNnQ+nWdOszrnw59u0va35epgvwvEHtLHUvQ1163OTyVGAA4n5Y8wuybrvOj/yKPm+FhxTIvsftY6zgYnKjcdETQDfWZ69bt2He7meIxyYwBod+s59QanSASaP29+0WfEgAbG3K9wd51SX1WF6iU+wNfrIUfyljVKlUg1HTaI6mzFHd/WFHpKV2RrQ6ylUVXXrK4gEGpNTW2cKG5VZYAm9dZxke7TrNrLEiL2qaO8Q3m1mFMYA67xmjIJ19IGg3/rN8DDh7upr9JyhqNylyADXeMSx0/IaNb3pMsoLWQd94myqp017RBy7UOsYmXyBjRSOX8ZJyniVoUZoVbL7V6b3Hk8LLjT5Pay9SpuNiz6uYKTERRoymI2EmVooRwgKOKOFHWPWPiVFmHWEKojNON6r0jCroH6wmsoS8mPjRBsGZw1LojijgKOKECt4axSg1EE6+kIBfSbYsR5A1ZP2ia+J49oclg9lloOGQ5GOo2AkrNr0fG8bAF+XyWorqS3+k3y+Z4HxnIMlKunAbmeI/khkZGtrN3OWidW0Ezesvlrr2snp35/ygZwcGMYwmgb9zD1mHk+S2ch2UBgKFCpgV/8ApL8fE+fKMY3O8uSTfgzb+rTJ5OXyFRAoRU0FafqZ3/j8b+PkOZiC1Up7zHH4i4s5wuberoa0Jnjyc/KY9B7cQugDMX+7ieGvx/Hm+dzHSqfL5L5yDaGyw6GJsePi1j3MZuPN8bwkHiZP7xJ5ZSu1npOc+b4Lvk+QMgP2KNh2lkqX+rmfDxen9vY9JzrkyYmKg6Gdvlfkkfx08fGAybmxqD6GcBYN6TcYaKA1m9e0rHhIbmp4GYAkazVvJPClFGUsvog3kE3Z31EpUNNzOnaZjKws9TJJYm4M/SKZcQQmjymXEywpbQa+kvidtoXcZlAFs79oEbTRlCiib9YL8X74NLHSkkamokxM7V3iLCtBU0xeTkReIqhrda3J+i/q7U8jF46FETlmUUMlzmVy2Utk15H3TNs5dr2PUyUYsSLqTEr0vJbHhxpkUlXBFA7ETTP+SPDH8SBT1JG9zh+cZMarnPIY9vpOd8zMa/aPtEn4768Lt9OnHkxqwKkjIx/uL0meRrYmqk2vGqvIdbktlsAVtLjKsZL79JqQTreiHUTn5lSa+0ysLWxLaqZTHfiTDmBBbU7DtJbhi8njdt3mOIrhFKORO57ScwYEZUGneZk58r+X0dORWyMX7DWpofHxJiQn3Nk3PaY+L54xobTkdbMyfycmUe5aN+0iXEbZkNkr7lXQGT5GABeWPUULrvKyO9qKoULE0HJvHycPuAs/SPCuNw2Iqn+7cTceDj8rGzePpkT7lPWZf5Hir8T0Wdf+4DtOU5mDsyEqGOwlwmvX/EYvHwfM/lKBkTYNPUGfGfKwYR1UuOwE+WGRjkAZiQdDOoZM+HJ8hN8hQPpOXf8Aj2275bn8lkzPq9Hw84wY8uR9nzHWN3X5fJxZfaGXkpnOjhfxmRci37wVPa5o3LP4qPozohUOOomLOb+uOnW2yfp+WfuPxAIZlJ1fYz0gox8upI1ucHjqcD4gPvrUfWduflxvetTUz257a6fxzOufDm87N8XjZADQYbTjTy8nm/jV8dv+54+obusz/I5Hr432Gq/ScfjuyNSGiZ169N6/Xdjn2/ls7+OMvW/pXZgwtmyKGh5Xjvh4swHIN9vpO7xkOLFdg5NzXScjs2TM75gb6R+V/L9D8JOu3/l/ReBsOLGV2djZAnL5gpiyfuGonpeImA+M5aud7ntMfMx4gVCe4Eb9jHW82Md8yePDyUJB0m3joz2NkOplZfGKMvZtQZ1nAuHxm5EU1Ue01a55qc/ieP8A4pfFVjWebzCAcd+s6VbgpW7UznxYTlZvSanHlJyeOy/PrNsuLKgVn3Pea+N4/MELuOk682A+Ri5qfeorifSS9uYsy78+nnY1FGF3YAl4QKJOhXQyMItiZplacVx+7e5Pk49UybjYxZF5AqsxRsnFlbYQRWNv7tAWJXkIyKD0vQzTwMa02V+gNSFyfMSh2J0EDMZn47/WdYXySi5ChKAaMO07fA/Do+FmY2WBA9JqznxPCOHcroDOXb+XnOs267df47n5W5LHGMpdRyNzHICfpNFUhaOx1jfEVx8v/wAidI5W65cb8WJ7TNicrn1jdWFE7NMQSjSmY7HXh4dHe5xVRnSMhyJxJ0uRlXi4EDHp6wIvWUyyNbqVVAC9Z0oKW5zMNB/ObnOlKB21krPZGbUXOdpr8gJKnY7TI7ytQxtED0hFCiWoHWRHACNZqhATTeZXrGTR0hKZ/rJju4FTClZG01xmYxhyNBCWNSLmRFGdPjC1LnUDeYZB7zUEaI3Fd7Jnc2cYvGQbXr+s87CvJwJ2eUyN4wA+7Hp6yVesm3n04suU5G5RIdDEaqNSKlPSgNJeMDkCYgPbJJIOkjLdjbabCb/IuLGt9Zz4lJF/xhlJah2jER5DB8mk38PETrUlcANE7mdWDIuBGB3k3gt4xq7jCdT0nl5875MhN+k08vyPlIrrvK8bxlyj/mifNJx5Qj5TQE6E8R+Yd9jEmNsOaqtZr5PlsTtQEnvhPbl8zI5fj0Wc45GVkcu1xot3NNeIkYyw5Tr8JMfIE77H9Zng+4oYAMmZgP8AaW/hF8EttxxQhHRq5WyhGASaGs1TBY9x17QlsjGOVkChyF2EiFghCEAhCEBwhFAIQhAIQhAIQhAIRxQCEIQCEIQCEIQCEIQHFHCEKEcIUoQhAIQjAJgKEagFgCaBOp7TfyPGGE2H54j/ANt/9wgc8I4oDGsYPeIXCEWBdVGNBEo0oHfeWF6HbSRKNP2jbQf8ZJY/ymmgBrpNceBXKr+5z/AesbiM1VCgPElhuekzXAzak0O09Hy8ePCgxqdTpc4Ucgk+lSS7NOeWLKQeNVOjCir9d/rMCH5AMf1mlKooGz3lL4bv5BYKw04tdf0nRi8tijZXFjGtj1J6mcJKqovrsJo2Vl8R8QXV2BZvQdJLJfJ1xzZG5uX6sbMWg+sK0uSdDNNN/mWq9JzyhVRVCSYIWYQhRC4QqARhmG0VSukBUTqYACUdtNpIEA0iMcOsBQqBhAI6iG/p1ju/pAUASNRCMqdIArcWDbmWHvkzHXpM6igxquSlI/cxgtAMTuJnrDWRMbkAYgf920zMSnUAn2iXkUAgDrCeEVpcRlgGpB7SrAINYMamhUTQqZQkyrgq1A6bx8Lu9O0Mf2kjvNBpQrW4ZtYlCI/j/j2mhFhlIpl1mYYnXrIbUMKimp1FGRxB/TeVqUie0mWygDbWTBBFCEKpDrRltluqFdJlH1hMBNmEDFCnFHFA9H8Xl8fFzORA+RqCki6nc3lKiOwAVj9gA6CeErFTY3nX4iZPJOpNLpcx26zzWbvp6GbzUIQveR9C6bLcvyfIGdUyoOCILIXudhFj8JHz02hO467dpON0K5QoBVdl9R1mOPXpLO08+1ZPHGPxeIejl9zXufScq4wrL8mPmOOmuktsmfOCzm+K39BMBlJQG9pvrEt54jDOGXJbCgenaSjOqNwGg3mwvPk4swFAmz6RY3x+P5A5DniyDUfWaX0vw/IOFjmZQ6sKK+k6c6+B5eItgIxZV1o/u/SceIMvJGFBrCzJLCkVqNjJ+O3fFNvhnxokRqKjFE67wb2tqJpUVrBfuEqz00BlriUmjfqZDSU6ljoIElzSy/hpSAbG8QHx+mkJqSCtSdzH8hF+sgk7iVYq5BMYP8ZJGtQouEIQGBc2RaUuP2zNSQNIizAFeh1MiXlo+TX29RrM+bhStnj2iuocqOmolJCMUZ302ihoRwigOPaKMwhhidDtC+J01kxwL5hU01Zt/SQCb1iIhBiuR1G4k6Q2hAI7oxQgOgdt4FSIhvKLE6QEF6ygt2TEGIERNiEbYxkr+3t1qavk9pvUncycOfHj8YoAfkJ1PQCDPhbGoUH5L93YiRnOSbC64/lr295DMhVQOp/hNs+Zsg+NRxQDYTAIbqvWFdGXEigcfcSOkMJ4NZPE7A9ZLO+N3XE3LHQh8uHLnDhCiKBY31mcqz5b5XXGztjJOZhR+kxfDw8dCTWRjdTTxcTZvMRaPH7mPpDzHxs7uR7L42PSTxZG92W33xHK/Jcvv6yCCWrvNH5FOJF9Ub07SAxAHp1m4x+iQD9I+NHWGQqWJXY9Ii16GUBgYFrFfzi/pAZIhyvTaTCFxQYqdNDNPkQj/mmRN/WKEzTJs2Y9xEIQpRrFXWWrBR6wUh3lD2+7c9JO4u9ZaITQOx2hKkktrECBoRr3gxIcjtHRc6DbeoCJa7hR3lcWU1v2lstppuIGZB23G808dlXUi5PuXiGWr6xEHHanrIsU7MDYMvL5JNcRS9VmLD2hukRBAEJg5GyF0DdJsnmZcahKBCmxYnOCRLYcmB9NZVx6B8p85DhRajWZZPIzqrhTXPRvpI8ZjypQWA1IHaaaOxI1HYybJwST55cFGarjBFjWDJWTiZqqtjYrt1jSsEHvH1npeEieTkZMhpV2J6TheseQONjrU6vhT/GDYc4OXI2uEbzPfmfBPPy6mxIPE8lQdLAU95v+IzYWwr4SgtlJLMegAmreL8n48+OARlCg6dY/B8dvEQaU7jVus4W71svzw7TZetnxz9HRkVMRs1eyyPL+QeOWTRiKMp+LZveOQVOQPYzDy8nPCCDVryX1qTrPDd7eeXivmLHlk9xIrWLxMJfJtYEHxF3VQLLaz1/E8JcKLY/uEazve0k4cOvW9rz492l4mNsKOCLZ9QD2mWZ1bJ8be1hqR6T0fj4kG77D0nH5mHnnV12Ao95y63e22O9s69c639nJ5LnFg44/3GiR2M7kHj4vFUZCOfEADrMcWApjKZRa/cpnHkx5Wz+4/T6TpJvDz974v08OzyMSOuJUOmpB/wBJy+Y4yeOMd+7GaM1XITSD9k4fMY8y3RjNSOe7TwJyTgZ2eD4nJnSveNfQicviNV+k9bw/Lx4fJXEy6ZBV9jHffTXTL2y+LRi8NcL1j/dqRJyY3xGh+46mdGanyI/jZBa3yW9ZzeWz/wCOx5a3+s59dtdb1klmfu8/PgdWZ1+07yUUAUDuN5smXkKyaqBJYKuIM+nI0BOscbzzHGjZEyVVm52L46u/Jhx5DUes3ZcOPias9D3l5sZGIs2laqRJaZrlyBVwMuNaPWc3jeDmyOoQgMe87PCByZSmXQEGiZ0Y8DKGYaMl19Jm982NdZxvmaOH5Xw2C4acVZnF5P5DPltcycSDZr0mq/k/IRyL5XdX0uYeSVyLZPuu/wCMdet3e0m/K3v1zOt7dZ8ejXzVyOqgca3m2TOuRGUHTaDYPEy+IpUccoGrDf8AWGD8ZjbEx+SyR06GXZ9U/C3Ms5h+T8J8fAi/cAbnn5MTLk1m2bxHwcfdfLaM48i8S4sd5esycXdur37XtZszOs68fRkmHIBdaEzp8nEo4knUjUTRGZiSwpU2keSwcBx1FSxzc2THwb06TJl1sTvbxXfGpvSrBnD9pYHbaVq9bOWZ6yBNcY5cpmQQZQEVCpRI40ZEKdRVFHcAqFwigEcUIDju9IhUIC1EYWzGBcYBBg1qGOPFQ6zE73GWLCjFRgdXhKLLMLHSPMopwRvtKxg4sS31k5smgEjEvLnGIsaEpMPU9N5pjFe6LI5F1sYXaliF0EeLHy1MxNmdKsPiAXVjCV1YsPt06zJsR57bGej42IrgBYa1rM34X/WT8k9OAkqQenSD6jXcx+RkUWF6TPFeRhe/SU+qsHiWOR1noeN464n5dxJxKVBsaTLyMmUNX7Zm88J5b52x61V9TOHIwbp0mWXMw6xYn5XylkXPbM0DHhYcyDA4yzEDeQ+N8R9wr1mmuLwr5CmQkTpxZFbJyP8AtIM4ibNzTEaf9DJfCycxjKUEniNjEa6aQDEGxKrTmMZIQa7XJZzXEHfcyDqbigkgjhFCiEIQCOKEAjhCAo4oQCEIQCEcUAhCOAoQhAIQjgKEcUAhCEAhHCoChCEAjA110hCjVwHw0sbdI1DCjV3sI1ZSQcn2oNFHWaI/yZObaY0Gg6CRm2p4roCLyHVuyzMsSACfaNh2m9KQrbNkJoekyyKBousEqVAJ11mgxBjSH6zLab+P475PdfFP6xVplKtLA11aZ/EeW9jvN8qBQK6/0mSBchoniOphmUhxW+skF3al3Os3x4cZUkWV6GaLjx4k5EakRpsYIvEcb1Op9J6HiYuGI5205fbfQDrOMAHMFI9pP8pv5mYfH8SGlG/+gkvORHLmytmymjtZ/hMbMai94FdSBvNNTjhqXVyC2lCv1iYoPt1mJsbwBrXrIYs6kTrK/wD4dv416TiLG727TrGTF/il3YnIw4CKljl0KD6yTvGjBdDsd4hZMrRiNRYMASNBKC82rYQjP9Iprkx/GoYa3MjCy6enSAsxCOBQAHWLpEBA0BAZIqoCqgpXqLjpT6GETr+kOJO0rjUmzClpGFJ2iqbr4+ZU+QLXb6SWlqPiaj/SSK6iWMhNBum56mIsOkcpyGTYxUAK6zS+S6nSSlEkwmoK3qogNqOktcigla0MlhZvoYXS0omMUE5dYiKkkkyqoC1+kYUkXJVq06GacwrEdK/nCG323I4kmUrFwFr6mDe1q6dpETxveSx6dI9zXSaYfFz+S/x4FLtuew+pl/VqMJ0+M3hKp/yVdyT+01U6/wDxOFQFfyF+aiXVdQldzONvDyalPco3bpM/lKWzxpfGxJbCp+O/bc2JPDmMgGXYzMZM4xFa9o0B7SMKB3VX05GpWQFy5ctCyx3P+s3fw8eJKbKPk3CgdJbeScKK2Na1Kt6gdDMPJ8tvIoMPt+09R6Sc/pDm+GbNWnaRyN333ihNNYdxEGAmqY+WpIAPeDwyEJb4wuxu5FQTkQijhRCKOAQhCAp1Ys5RAuMkcTyPqZyzXxwpz4w4tCw5AdoSx6H4t38v8j8mQlmCFiB+4iV+UY4/L9lBXUEgaaxfjOHjebr9z2ikdCZy+bnbyfJfIy8ePt4/TSc8v5/9s6t29f8A6s93trdPKGTBkx7PoAf+WZkquMKfuJ29JypkKZA46dJqitkzE71/rtN5jjYoWOTAVWkyzDkQ3pRnfn8Zl+JPtYDkwPrOTKuvt2r+cSnivQTlm8bFlZgFxjiFO5InnpkUZgSLHLUdxOvwUxvgZHOl/wABOTJiVHZA11qp7xOat+V+TifxPJ4VYsMAdiDqJOfi5DI4AbUg/tM38py2PBkB5UlG+46TjJv011irb5k8B8GXGVVxSkclPQjvNDkUKAN+s6Mfh5Mqj435KAaBP2+k4ncdF4kbmPKeW/NeJPWZswKgETGzcocmJrpB+OJKk/pGlFWXqdpsrELdWvWt5mhU5B/tli6ygZeVAp9uxOkgiFEdRCOBpjE1GJTof5zBHC7y8mXajoRrIzd1uMHhqD8jMCNwJyZVRXIxtyToYmZm3MmGpL8iEI5VKMDr0hCEOA7RjVqEB930gBrpD1g1a1DmONVrCCrk1Rmqi1vpDIug9IN5ZaX6R6ExQhT4ntCowzd4WTvAOJ7SlSzXUyRc2xPR0/jFRnkSh3rf0mc3c3fSzrMmXtBCIKj6y1H7tjWknGnN6JoDUkzVPeSa9qQVScthvDIhDAA+5NbmuNWUEk+5uvYTPnybbUGm+kiEAzBheu9+ka+O2PKELKQ4s0b0moyYvFbk6jIymjjbZlPrOf5cJ5e0qbvHR2HYyc1c4ek/nYvB8T4fHIfyM33tX2jtOVsWP/AZzkHy8tUO/wBZx5nxs14wQOxl5/ibHjyI1uRTp2qJ1xfOfQ18vIvj/wCPQKhuQYjUekzdkJtBWmo9ZnCaMaIpcHjuNakkxKxU2DRhvAIQhAIQAMoVt1gUqlV+Qi12iAQ3rR7R5CqqFU33mcJORGCKIMQ3gYU0q9YqswE1VQ10NtdIKg60O0GdioUnQQuSd4B1nV4SK2QlzxQDUzHFiZ7avau5nUUyDACRSH+clqUlB5Fv2jYw+ZTkBx6GtQe8EViPjP2nWJ1XEnMa66TJlUWDpwyG2BsHtMs6cmKkiwLB9JGbOrgcV4t+43oZly0N6npLIvIsjQ7RXAkmr6RTSmZ6P4Px8Ofy6zn2KpJB6zzZv4vkNhyKVNaiz6TPaW9bJ5puWX4fW5F8fxMRzePhVcmT24wB91ycni/GiMqoM2TRtNJl4PkjyvNyZbvD46gYx6nczuRGz5hlPbRewnkuzJf3ejrd2zw4suLAufEpwJk+WwzEbVNX8bCSAcSEKfbpKTE+N3DiwrEr9DD5OT5CB/2x/Ey6u83XN5f47wn1bCATsBprITw/D8RkzYMRZyao60Z0Y8rHEcmce67A9Jh4nl/5D5WZeONDSTX92WM3Nnjn6OsZUslyASdpLlGDKh1Ew8xVw4Udty1r+sn/AC0x43LEE1pXS5J1rN7fs6cXEkh9iKucns/tqBpiJGvYyMHkg3rYA/mZk/k4zmCA7CivcmXKSz23w+Mf8xsrVxA9o6azPP548TIGdeQbb9J1sQMoS/2+49p5fm+OfJIONw6KTX+svWflZL4a78de1l969BfIwucfk3pk2HQTLDkTPlyZgaXlxv0nmv4+fD445N7V1CzPxvl/x3AJpjf8JudM8Vwvfj9by7c3nE+YcX/x4xX6yMrcnVxodpx4EJycsm9zXJ5AAcetLNyY597vakmfj5HAmgdI/Mx/2S3UG/4zgcnmb3nQuQvhKudQdJrD8cytfCyY0cfIaVhRM6vnVPMwZV1ANE+k4MaC6M7/AB8Fry3Elk8r+WcMvyy5fH/JuV9oJDLXrNEdsuHnkO5qdXkfF5qEtS5EHEH0nPlxrgwcNyZmXjK6fyWdu/5dbx25c+Vx8wxLtprD8iw5pjXXgLkICc4L9anW3j4nycm1DaGbcva8GPG/ihsjcgBf0lZXC4wEbnifQX0nI3PxMj4r9h6TBspCaHQ/1mcHuYMOHyVQM4RkGhnmeRlzY/KfEHtdtO04/wDKetyI/k2Y63uesz16Zebs+G722ZZ/d8tSAiM5G20Px2P/ACMrF/sAszXIFPjsRqOMX4jMmMujbt32mrblxnrJc33WeO08tsNn420jyNm8csisaB1qda+L8jfKvtKnY+khk+fFmcimEk7c/wC7V6Z+/hg+U5FXlqRrOvH5GNsWo1Ok4MaPwZq+0aTPGza9jrNYzLXpLmxJiyqwokaes4eXs076SlyjmhyDkq7iP4/kyMUFL0EnXi1r/j/0GbyMnBFBIUCpy5DQHrOzOQcSjQcf5zkylWxitxvNpt41tgwf2/ksUdJhkWyTFjdyvC9BH7RfI7yTRmVNXEBNBXTUSCBekomqhAxQpxGOq1hAUCI4QFC46hxuAAmMAykQA6xlgDCammnT4vjs7gnYazEtdGet4Cr8DO1CpLciXfHyy8lNAeg2nDlnf5HkYylrqZ5mR+RiVIsZiFA7STkuxBQOMRUVcLwXIBZt4QDZlDbXOYx43KNYhbOK+i83OEwnjpU8rF5BNqesrL5QfxQvUnWcqAg32mZOMZ8zleeyTOr8fhbkGI0nPi/u5OPrPZytj8bxrAogfxMtucJ548MPM8pEIxrv1mDnnir/APTPOfM2TKXY7zrTJoIzIdt3XIQeVGdGPF2kmjkM1xN7x2lLW6eOFHLv1j8jCmXCe4mXleYFHFf4zkTy3Gl6Sckl8uYgg0ekasQZWWmbkOsMSgvRmq6z0iWmF3VnApE3b/SbJ4ZZcbs1Lkaj3FTt83yPGwYD4+JRqtadPWGL29TmvIjihDZxRxQCEIQHCKEBxRxQCEcIBFCOARRxQHCKEAhHCAoRxQKCltoipBoxCaoQaFcmMJWcacQfdKbHR0IJPSUEUaAW3UnYQmpCrzHQSXNsZtzVFOnLloJAxe+nNaWYJWYBO36xggDTUzZsqJS4wOPX1mB3kXypFfIwVRq2gmxr/t4T7VHvY+kyxuQQB/Ga8BwoaltTW0M0sSY3yhFFqPuY9ZoEQpwH2sxH19YlxhU+NTeTJqa/as0VMgyBQRwXW5Et+qMyHG1jU46URYkqmbvRJ9ZrkKlWrcmc2TIWJUbDp6yk2kUXI5Caan+E68bcU4n2hRpU5vGF5tdABZmjKWcWaBMUvwrysgYgqOlADoJzpiLGjp3lFuLcLqjZM1Uqo+Xc3tB4bsEVRiXZRrMcuQZn4puRXoAJnkzWhI0Ln3H0ix0p9YkJPddHiDlk5MQOMy8515cVGneAcYsft1ZtS0wa2tu0e9J5P2gDqf8AWNSFO1kwXa5Bu5VNzYr9TM5Ysiu8k6Q1CJsw66xigdZaKG1O3eDcZkVGLEsheUp6I0FAQmhEUAFjqZDH3dpahePK9t5mTZJ/hJCeWhVyK6CYneaplIoHWQ25PeUmpEcUpW4kMNxCgKSa2+sboVAverMsuuRdqYbH6zTKqY0VXJLHtsBIztcs2V0NKF17yMiqDaGxFjDFvaLlW8xo6i6WS6ogFAk9ZYZCpUAh79pE0TD8mr7DcdzImp8fx+anIRoD7R3izZcq5WBJ+k6crFMQ4GgNBON1dmttz1knKS7efCAL3iY9Jp8TUDpGuIVyOola2JFacjoNZJaxpoJbcAR3mW+sEA/nNGFpYO0zjOg+sqiyd4KtmohKTkGDKNRqLgX8DjcfQx4sJB5vrWw9ZouRmA5nbVoWSoN7nSTn2ztTlUrpoOukyYa3NHJau4knp09ZSII1muDyGxWgJVWNkj/WLQ9JBU6iqhZXemXx8eLIdXyMaU/7v/pO3j8njrjUBUNCxu7ek8fx24nmy8sanUdSfSeh4uc5SHriEb2JMduvwlV5PjqHOGwOIo0djODJgKZNG9nQmbjRnLEk2Sb6mRk1Ug/USyWcM7lrB152Bot3UQ8cdTvtU3wjG5HI8dO1zY+NWnyKSO3+sq7fTz3xcRv7h0kb6DeesfxvyozMSOIsAbs3aV4/jYsBZ2Uf7Qp1NnckyflG5eOXnjEuBlPlKadeSqp/rB1XiX8diR1Q71PR8vAuUNhNexeWM9vSeTiLq4KHi20S7ym79EEkxTRvaKIF95PTUfrNLChFCFOKOKA4oQgOdf4zA+bzMdDRPe30Wck7/Hyvg8dGxt8eRch93pW0lv8AUmbz6XmUoGLKU8hXOVCOqnp+k5MrgszAa5Pcf1nRl8xuXLmWZRufWcbZOQ13hPPhIJsf0nueJ4TeNi+V1pyLN/tB/wBZ4aXyBHQ3PYy/kycALEFnIUL1AG5me28SJVM5xswc8uW1zzsha9J0ZsquRl2RzS/pEPEfJlAU6Nu3aXcYnl0+Lgyf4fPjq54pU4vIxjGwvpoZ6pZcSqFJAxjppqOv6zzfyD/KoyjqdR6yS7WrJsiUyfKnx9gTOYlq7QxuV1H6xZCb1+s2Zy6fGyOrAA1cx8jEcb3XtbaQjkEVpNfIyOcYUmwTciZZf1Z0ulRk/GwPQ7zJXKmxGchZOLa62DK1latp/cxn6zKwWuC3RHeAGtQSKyEFaHeZkzRk9vL+MzghiMEXGtGJ1owpsmnIa95AgCRtACAQhUCIUQihAcUcUBg1CzX1hCEEUcIUWaqUuuhNSYQljQoCCb17SANddoo9xAddRqBKUA2SdovcijXSRf8AOEXoTptNMZFE1r0mPS7lfKwUAQrU43YBuhmTgrodjNsHk40IOROY6iZOwysT9o6AwmEBYLke0dY8DMMo4muRo3tIJIXjyte0ACRpC47/ACkZUbIpvEhoMOpkYFxMnzM4WzxYdb7zk+TIE+MkhdyJMifjw7/l8U+NmTyF5eSumFvSefKZ2c2xsgVcmVYI4oQp1CEIQQEUcAEOsIQC4XRhA7wC4WKIrXvFHVwoGsoChr1j4lSDvNsGM5X+RqCKdRDNqvH8dHcrk0ABbWdHjt4fxtzbgTpQmXkZ1OYNxpKrTrMDkSq41rd+knkqcqrzbhqoOhjbCSqt1PSGX4V4tiYsGHuU7iJOWXKuPHuxAFynLu8VmyjJhGMEkAXWi1Nnw/H46fIeSCwpH9IHycODl4eJ+Kge9wNWPWef5Gdw/BGJxqbUdJzstvxGpZJ81r5LfEiKNHvl+knyEVsauNC+tDaYZ8zeRmORgFLbgbRn2KVbt7ZqTJPlKlVX7XGp2IhlxKjsvK629ZLOCAOo6ySb3lJoihHKpRjcRRrvA9f8H5AxeScbsFxZPuvuJ7I/Jlxl/wAVeeS+I7V3ny4I4UN56P47zShw+JhWmd7dz1E5fy/xy72Xp3s4e0pKcMTG8pFt1idkxqSxp2Og7ymyomdUq8jg0fpMn8YvkR8jWt3x9Z5+vl2vjPJZnCKwc61YnDgRnVgPsJs1OzMRlU4uNgHftDNiZfHIwgA7k+k69a5dutt4uvMy5GLHGrF+Oi3rUzyJl+HX7gbYz0fA8MqDkyrqTes6My4gjsAKm/yniOcl814eDyCUXxwtuXvl6dpXi4G/z3dxaoTf16TTyPjx5A+MAOuoqPF5PIkhQCx9zRet5z/lGuvecb6v+zu8g8fGzZG+4LoZ5XjeX7Uxn2gbmV5WQlnRmIUDUdJyK68aH6R065OV/l7TtmO/z8pzZUwYtgL+tx5cIw4kybdCJx4co+dGY0R1+k6cmY+ayrjB/t6MBsfWa5mMXL+3hCsEUno1ico9ysx3Bud3m4wmFMQHuu5xjGRiY19TLKzmMc4HyWuxmmDExFkWIgg2M6PGBq+kpbwH8d1Vcle26no4kKePrrpdTBnZvHYAajW5SeQuPirt9yXUzdPj6s1fhj5nqdJ0Y8iZVPyVQoazltjhIZaCnkrek5snkspIXYxmmWV0ZGQuQvTYysOb3Uxonr0nFjycF59bm44trtes16StPyDrkyBx0FGcfFipC6+k7F8c1bDQyPIwNhQZsW2xEnCxwUQdRpNcDBWIYWCIOdAD12kUy7R5jTpx5QcbJenaZJS5TRo9JAPFCp36GJW9wJiTymPc8fyGXE2LKKc6ow6zRfCVcHK6sEmef/m8sKYuNtja1aGfz82UkXxU7icvw7bxw6zv1ybzx4PPkC+3EOmswxlWwFSKcagznGbJZAP0lIpsWdJ0xzt5dFL8Q/3GIPWMqujGMilI6CCrpyE1EtDIz+OdNQbJnA/IaT10YcCp0sTj8zGFUMP1l1OtcytSV1gTyQ9xJvWUdoaPERxNxlQdZCVGclaCA3URcKiLWdZepqukgzJrSAFwOrSmpZQECpIAhZOkR3gFTRVA3kDebAC9YLWf7rknebHiDJ+Pk2kJKvEgIsxv5DohRToYwpVT6TNyrJ/zSJPJYySDcyfeUHoVJOplanlePUVNStCpniVgbnQqMxkZvlxnQxTXOgV9JmFLGhK3LwATL5mtI2wlKvcwVRrcJsdv4rHzy8j+3WX+Vz6/EDtqRNPxtY8OTIdNNJ5eXIcuVmPUzM8/ozPlnNcbkbyCNIhNNXlbuedxnMa03guIufrNm8XigJ26SJw5CxJsxqJu2FKB7zNl4NQ2lXYXGxHiB5/pKxe410m2FB8pv/aZLeCXnEF3KqCeC3vMS6Akn3t0JiyPyNjUdpABJlSQHUwjKECz/CKG4IoQgEIQgEI4QCEIQghCKFOEIQFCOEBQhCAQhCBaKp+40IiutLrEN9dpqjEnjiWvWErKjAEjbSblAB8a6sdWMl1XnxUbCE1GMjl7tpoMns+p1k8K5X0k1oPWDitXZQSa+kgF3ZjuW0ksZor8cNje4T0z+NrqWuC1u9Z0YyOK3qzC5QPsNdNZEvasm8dcaKXP3C/17Q9zjiNGrptUWbMuTFR3BuZ4sjKCBuesLzeXRxXFbsbYigJBZ7QfubUxIAPdkPJm2E1NWelGrhlk3IMAN7kKKYluhm/GlU9WOkyK6ceoBLGFiwrOpyeuv0kNm9wsfbsJoTwwhRud5iqgjffrCzlWTgCXGpO31MWNSysD9YBCHQftbW/Sa5nHN0xaqNQfSC8cMTQQeo1mmMquEu2/7Zk7kgg7kRtrhRb1Y3UA52bPWVxFNXXWY3Ro9IF7/pC4fKrlI2nrMtJSasANzpKYtVOrdJDam52/EChSte84mBDFd9akiS8rRaUORfYR8nbUCljYcVosD6CZ2WIUa9BB5dIwqSKOneYO37V1lL7bUG+kgFsTcupiETwYEKRROsRFEidBZAo5NzdtSB09IPjLasOB6DqZdNc0fI7dJb4uOx5HqB0mdGtoa8iEYB7RQOnxVRmAOrb16CLyXL5OwG0WLCwKljx56AekM/uynjsNB9JPbPtnjRsrjGNzO1GxYEVSuhOrdYsOM4sStXuNm/SYZc/NRX3XcnlLzw1KIcjMhqzoI8mRUWgNZzo7audyYZn0A6mXDOcS2Vm9pNjpGuQ1rMYwZWsjctYBktkC6LtUzLHbpFITqCSYQilaWNMR7k1JJJ3j04+smEOVzdjVyRrpN1TFote89JKUEHiFX9T3MgAqLJ22Eo0NvoIrDNbaAQyEf2qNBRskzZsSN10Oo9JiyKzAIely8bhbrVyf0g/RQxhRZI30HWQyrfK9Y3asgH7huZoiLx5HftCECrC0FIvTuYgPJWslFUB0qP4L1Fhd9Jvjwvj4BmoZNQp3k1ZNGEMeDgh1JrIp+4R5wBlIvQDSVWPHkvGRd8TfUyM3jthXJkCsyKdXrQn6xLpevxPDDEpBIuxdztxNThaDBxZ/Scoxt8YetHFib+MjBqJskaD0ip7dTZufAHZV0qYBsK5FDt94JF7WJQZceWnGmxvpF5XjYiiE6HUg30meJweebUeZ5BwsjqtfIut9+84RjFc30J1muUscqB25qgofSY5ns1LJxgzY0x006SeRgTEJtsGKOEBRwigEI4oVphW3voupnR4qDN5aI9nEpLZCBdCYIwTG+uraT0/xuJsR5UfdTMR17ASW86TmvKcakjazV9pSU1JVFus1y5MbBgBQDHj3/Wc62WFb7CWstshVRSzKiRe8vKAKraPCAy16yHrWuI/L4zYa9wIdG7dxPX/HjFj8UfIVbM13rqBPKXGq0o2B19ZqfIGJzkQAAa1M9pbMhLy3yvaDW9Df1E51X5FZG0DTNszPWn3b/WV5DvjVSNCNDE44Yscr4nw5Tjf7hJygg67ysuRncOdT3mbWSTNNgHpOg1kxVsek5pthY6KdjKdp7+GTKQaIoyZ0sVLcMn2jYzLJiKajVTsYJUi4w1GztAhgBex2ihWnyCiDsdplGdpYQth+StFNEwnhKGms7SsrI1UJAjq9oPepEddo6EYHSFSb6xay5IgKEdRGARR3FCnAQgIQEVCpVA2OokmAQVSxAG5hGGIN9YD4gGjGzCqFfWQTZ1hBgJJ3ijihRHFHAIo4QhRxQhVFid9YooQHCEUAhCEAjihAIQhAcUIQHCKEBiNa5C9r1iEBrCOxcIycvjoKP3GPx8Lu4K6hT7hMFLsDiBpTqZ3+AF1rTjvM9rkp1ktkZ+QqgUNgdROd8Z4cq06GdWcOwORaHu261IxuuVSpFN/t7/SZluL2vNeeQQYBipsGiNjOnyvHfEASKUn23vOadEjfChZgTuZLLyLXoROvxuIwA78bJnOuQJlByDkrWZnbt+i2cT6s8IBbX9JXkMDxFUwFGQzC7XTWQSSbMue0EIQlUQhUIBAQhCNVIrWd34rw8vk+QHU8Ux6s088E9J3/AIr/ACc2RvFwvwV9XPoJO/8Ajc4JOeXsp5OEZCFBKoa5dSZu3kIAxchaNL9Z5roMCPxNpjOrdyJ5nk+a2fyQdk5A0J5+vTbx+7pe1ku/tHucxkcYw1ZPuNdpl5eTM3krixtSADn6zPyvK+DMjItOQFY/WdDsmA/Nlo/Ka16SpOZZv1tdORyuIAaE7DuJ4WXyMiZwGJCk0R6T0X8sKHzOQyqQMajtPK8nIM2Ut06TXSeWO7byMYd7U6EaGcq5GF47q95t4zHiFb7e5mOdAuYnpvOk+HOOhwnxjHkHuf8Ad6TIfj8xJCakCwveZpks25votzr5N8RcMUdft+sXfSy5eXDlw5EIBHubp1nqfivFfCrZcw4mrX1k+FlGfMM3kgBtiT1qd3n/ABtgPxuNCDp0mO3a8T58uk/HLfjxHN8avnOUmwRfHtMXwf8A4fIwN0dppmyL4/jnW8j9PSZI5HiMO8sYvPNceXH9hGxEvCSgOPrvJDELrrNvGIyAGtbqbZvh0heHji92Os5fPx2ycNCROnPnx/IqAexP6zj8ryEyMQvTaSE3XXhzjJ4p8fJpkxjjR7GcWbDjRuJa9LuSc7nhkOrLoT3mT5i7FjE65ePbp+Vskvpt4+JGx5Gc1X2/WbKcfCj91ipxDIQtSg53uWys2PokYZMAegVVa9TPEzeU1Njba7m3i+TlTCyq3srUTB0GVCdm3nPr1st3w1bLOs9xzs3Ig9puQnAMOs51tTU6kxe1eqzdRzZhTVDQAGa+YB8lAVMV1HGJeBXysq/0jxsWBvcwOKgOpMohcfHv1lgyPsap2pmxvg+OveOsxTxcme3Ue294s3i5vHrkKMly8afV34PGxZvGYnIFcdImRVUKput5l4/47Nlxh1Yi9pSg4VKubcHWZn+V/u36Fn9s4/dTDSyaoSPJCZPGtN+0nKXYWNARrObHkPIr0mkvSzlz0RNQlpcWQDea+OvJSD+k0WoxppJyIo+s2JVbo6iQV5i5BzzblSiQ44mF8kPpKtTublsQZAPeDbwqkFtpBxTSASNRKZuWvWE9mmrAR5G91CSh4m+0CfdcHtfa5qpCkTAtZqbFdBCVq+VATXUTjOseQ+6NVuQkxmJS7xslay/HVSwLbCVbeHRgxsykkUJerEY03k5fKL/28YoDSdfjYlwgZH+7epnWGX+DQ5ZN5hxTHlPHpN/J8vmxVOk5kUljLN9gJ5OWP8JkwIazsZq5433mD5C9DtK1HaM/9gou3WcbAACt5040+PDyb9wmDkLTVYkSJI0EpcUV8mudiIBjvrKWjFiAS62l+QT/AI57iX4zqUYHoa/jKZVIKdO0zakeU2QlAOombEneaNjAdl6DaZneVuYASNpriyNz/QzIbTXAvv8A0MXws8sBcqmc3tUR0NiBJPpKESTFGBWsoEVUAVAQbNdpaKmmlmZ3GHoVCXScU3YGKNmsyYWHCKEKdwhFAcUI4BCKOARQjgKEcUAhCEAlK7KCF0veKEI1XMESgPedzDDbMST9ZlGrMLrqKMJnn6tQR8TMepNSMlAr9NYrPHj0u5O8EgJuWq/2+d9aAkGa4qIr9YW+DOXixP8Ay8VjOekUL0FGD47+sxII0MMySlYlJpZ/hJlsQo4j9YaoTLTcjqRsPXpNTlHwCvuJJY+s5wLNDrNcgCqEHfWRLJw2HI48bHYWR6mU1Jhdj97yfnQH4gbA0v1mGbIzMy37QaEM5bfhq2QFT3JFfwkilACi2Og+piwqL5N+kSMTl59tYX/o9HniXD8LffjUgt9RdThxvbFUGtHQScjMFJ6sdZPjuEyqx+3Y/QxIvnyAjZAWUXQs/SQDtOjCSi+QVPtC1XezpOcbGUBUijWhi6TVsvLAmKvsJN9dZlCiNG4sG6jaKEDrGfIEtdupPUzmOpJ6kxWx0mmPG4YEihcnhMwDEeu5ioBwF6TTOzF7Gmm0wII1MJOWjBkZSdCda9Jebi2PkvQ1Ib2qHOrGJGBpW1F3XrKfX4GF+BIFcm05H9o7zU5cQ1W3fue8r/GVwSgqtCxNC5ChfGY8wHydANhIcX9VgBcZOTV32EiiQAf/AGyvH5+RkLMftFDsLmvFTk02H9IZvFYjkrHuBQgpUHk4BcGaUHzUNpkQPkfsIXTbKHcmzR2jHAYXyNuTxAnOFJ1EZZm4p0SFx1Z/J/8Aw6KK5MK06ATjlcdZQx6kROCZEgmqkkdZoVoXBFtSD3lXWYW/0lAD/hL4mrA1G4iJQigaPW4NZkRUYXCzClCEIUQhCARgkGxvFHUDbChcgv8AaoMgmya2miBuHBdj9xh8QAs/aJGN5YWRtNAwUAnfpIegxraPGvNwP4ytXwtDb8jEcjWaO+k2IUK0zxeNnzEnEhIBqRJy2+ccQidBRM2DZlok88jClB6DvN/D8RMeAHNjvK7ewdh3b0j9yMRkpmD0WG0x+U0sxxv7NGnRny+QfExqXLYTaqv/ANIhiwPjvJyHuJ5nZtftEvIceRgqBmYDWvt07S7PKc5+rnxePlbGoS7JoCaZ7w+SiVRAAc3vE2dsWHgatuo3E5CzudW6y82/ROHRm8hXyEsSb0v0nLmzO7DXRRxH0mmUryutu0kYflBI0boO8uQmM0cgG9+8zJs3KZGUlTuN5MrcEIVHxMBQM6fETEuQHOeKg6Agmz2l5/FxnLyUkY2On1k/LnDXGI+Jq6mrYgGIU0w6NILuvtMJvwiECb1MLlUAMxCqLJ2E9pc3w40Ut76C2Ok8nC/BuQ37ztTGzgZtSin+NTPaeNNu8OHMpXK6ncEgysfFByY6nYS89ZnOQVyc2RMWx5FOov1Gs1ieRkcub/hHifgTW+0iiJoF447O5hb4x0F0W9boaH1l4fjIJyi1q5ljxM3EtopHtPedp8bHjxDk3INqJi2eGcY4WXLlUClC7DvM/Jzjk2x1IKzHOw5gppW0yFsSd+8s6+yTgM1xCqMDVxDeaaMjQSkIBre5Ov6QBO8DdQznXWptixcrBNJu19JzDI13dE6TXHsf5SXWap/GXiX5aXoh3rvMf8TMT7RyA6idIPIczrU6vHJ4mtABdSbkPycuH8axYfOSgPbcTv8A8DBj8PKmLJ8qEhuJ+5T3nN5PlHGCP3Cv4RYM3LxsjqeLbEfWTni6s7eeHF5GBsD8DqCLU9xMgSJ0fOubxfhf78RJxv6H9s5rmxVgmLlJihcWXvcSTvCEBgQIMeoi90BRRxQp9I2a6rSoooFjIwbkN4nYM3ICu/1kwhMXkZWIIFHrJ0ijqAQlAEaxVBpQl1QvvEGoEVvBqSISjRX1EiA4GANQJuAoQhCiEIQCEIQCEIQCOKOARQhAIQhAcUI4Aa6frGi8mqTOlfHZVsatVkDoJEZLYb26956YdDjTDjoE+/I/oOk4seEfF8hYAk6DrLy4sudBmWhxFFRppJ2yk83G+bzlRceNcQYjXmdeQnK3mX5S5wgUKdEG0g4/YDzBK9LmRB3uJIt+rXy/JPkZC2oU68SbozJFLNX8ZpiwsxNKWNaVN/EweR83AYzbirYaCNkn6Jy1xKF8R2B1LVXWpy50KkE7VpN/KJx5QmDVUGv16zLGM/kOaW737CSfJZeJ8OWE2y+Lmxk8l09JlRm1EL7QqPQfWEGsOJ66Qsx2SbMACHapY8fJY1Gs0LqHWt+s0HkBxxKjTaTlZnsl8TIbpft3jR3wOWxngxFGpspJS1P1mRZSKOpjN8rZPTHJ5HkMCpbTqJiNCCNwdpTghtp7Pg+H4uPCuVyGzPsvaS2dZufZJNuf7sV55s2JnGrUa+k6fybfPix4l3Da95tjRC3Iev8AKcuBGBOcjUnQGcpdv6Nf4zP/AFMfKHDCqb8d5kfHJxjID7TV+hnX5Q5JSCy4pvrJOP2piXT4x/cPS5vXO/8AThj5bohx/GNFFN6zn8l1KKRuZvmQkltlJoTjyqQON3RmpEvNWMfLGADNRkDoFY6gVfeY8gVF6SQNfSaxHaiIi8sv/TGfHyr7lbTJrXpMQ/LgrG1Gw7TZnLKUF2NqmbKmwP4+XKwpuVbys5XFj+NTZO/pNMYGBASbLf1mWRBTXq1XEi74c7AVQnb4WBkRmYWD9s5fYM6B/tI1no+T5OHCuIY923+kW+j/AKcuDycYXFyG5Jnnne535s3LF6FpxMASalh1HL21MxvKIoSQaMrUMjrLUfwk1YmlqE5H+EJQjnHa/tad/h41zKR1G88xsnIVW202xZnx+5DRIqSzgz5a+X4rY30GhM18dH0WvaDZnK3lZX9uQ32M6vAZs2dEDVr7vpM2ZOfTczYf5FMXO0PTWcNoD7dSZ9L5XhYc2MgKORFKfWfLsrY8pU6MpozP8XaWZPTf8vSy78/Doo0O82x+G7YzlyCr+wnrOT5WZrM9FPLzFMOPKAcOI39RNd/yzhymf8nYFXw/BQtvlqh6zp8rBjyrhGQbj/ScD+Uv5Lz8GHGOOLGbI+k9HJk+TyDX24gSTPPdmb5u9no65zJ4ydf1qvExY8GD3nRb+k8T8hlwt5PPGbU6mPyvL8h6Uk8STQnH5GF8QHPc6j9Z0/j/AI7O35drzfTHbvL1/HrOJ7Xl8m6C7DSYruSdzHhx8yWPSQ+T36bTt+jle1pttrAZSBxHSJ743IEEh6sfrOlVpQD0nPjYBgTN8mZQaHWKlY5QWYkSUAuWSdexmfWF9EV1il8v4ydDKpRg6woRiusBHeCgk1LRlB1Fia/IhOi/SBljQk/SdLrQEzx38lbTbIygG5GL5cLfcZeMe4DvJLWbis3K20daJF3DGDREi9ZrdGxIldfieOoa2m+drDcWGg0E81/Jc1xNSMZyM25MZztZz3XZ42Hk9t1nUcAQM3QTFMioVPSVn8ofGVveS6jz8z8shqSlcxcKs3J+1ppv07/OcDCqrtQnPh45U4HfpIz5OdDoBIw2HEiZ/a6AvHIFm7uV+kyx+7LcXlPZ4jpCe2YzMMhK7TQeS3WYIATrNTiHeMLjJmtie8izOhsIVe8gYbhZYxm2Bqf9DEcVbyvHxFn/AEMXw1LNYbV1gddYymlg3JBq5RQGh9JMLIFQ0/WAzVaDXvFY7Q1hBhQhCFEIQgEI4oBHFCARxRwFCOGkBQjigEIQgOKOjvUfEg6j9IAqsfp3mgx1XrvGnNiGIpRrU0cXRGlyMWsqUCz+kyJnR8YPLW6nO28qwpphsNfQSJt4oBchtBVk/SGvKzlWqO/WZ5GQgCTkAOV+P2gmvpIAswzJAavSEOso43BAI1O0KeKg1mUWG+5mZVlMmDN5M1ZqAgRAVYvaBa2QQJtiRRgyM33CpX9rGFT/AHak+kksOO+52kZ1nmP2r6XMgI3bk1mKVqeFEsvJT13iuhUV3vCAQhCASlWyB1MmPUEQOhMJGvWaN/apybrpM/H8kICH1JNgyGZszFjoJMYy7ysqfhbyDrZoH1Mw5E7zr8py6Y8SqMeJVGnc9zOQjiaMRqYeUjnptQix0Mi8vtvWPgWQ5B+3Qw9jYwAKdd/USnpTucuUIppL0/4zpx48TFkwjmQNXM4Zrizvj0TS5LPgs44dLFMCjGPvbeu0lmb7V3O5kp47E8mN2dZWJueUjptcjFz9UplTHjNX8jaEzOiQaOp/nB9q7EyKJFjppNNSKU1odIyAAeOzEamZh63lEllFkADpBiiioxuzLXIGbQVpMshP2/rEjFCHHSQzhqT/AGSex1lDFl9r8SUI1MjAQA7tqL0HrFk8nKdAaF3UnPoz0rNzx06grehBmDOWNmv0myZywKZjYO195m+IjUSxZx5ZwhCVoQhCARxRwFNcL40NutzOpePE2Q+3YbmKldOPIuQGhQGwmWR9xKYBBxHTeYvrrJGZOUGdGJOGL5Dpy1/QTmmg5sACfYvSK1XRiZeYbOpOLfjtfadn+agdyQAqKFTGmi8zPOcZnNkHX7foO0MGDPlZQqkhm/SxJZL5TPh7Rch1wgjl8Y5f+ppeXBhQFVPJ7F+pE48ApjkYnJlY24HSpeXLxz42Gul19OkxnKWtnwYipDmyBZHRfSaY/J8fGqqoAXaq6ziDM5YuavUrOd2tjWwlk+an52eC84KcrHHol2BOazYM6fIXqOo1nMPWdPRPBkmpXMgit4lU8qOx2+sZ3I67QJzVYPfeYn0muQOBTAg9BMxow+sNQCdGBzjbkNxsZGXGRkfiKCnUdrlJQIJHKugkpXY3kZsuIHNiFa8MlVrI8rGMeLEEbmzKHP8Awkhs7OcmUabY8d6D9JnjUrk4ueR3IHSZxEZFbJQCEPBvDypfzMuNhXtY66zuTycK4WZVDMtFlPUHQ1PPzZS543yUH2k6kD6yy1YyZeLcSQa6jUQRGc+0XW8DxnV4C38pqwq8iPpLbkVfj+EpKszi9/j6mal8mQN8egQHkJkjOmRnYUwozbPWUK2FCrMOOWtvrE+U8vObXJXeLm6EgHaUiXkKtpxsn9JB1MqtFYZL57/7pb8St7iYFjVTfxxi4n5DqftWKljp8ZnzIqaccQNHb9JWVwVAOh7GQK5BBo17CT5ACqO+0z7S3XLk3qQDLyAk3dkaGpmZpYI9QIhGDCgmzCUApiIowKSprjH8JkgF0Z04/sYDYdZKzR7dl1G+k78bLgW2rgwF3PNwsEzV2MvyfILqqD7dzUzZbwiM2QPldhqCdPpM1coHCn2mTt+u0AoO5+omlxnFOhcSE1ZvtM3C7UVft0lalZxxhSekteI2/nBajie0REt2v0k2IIVwJJihCiOKEAjijgKOEIQVGICMkCgOsAErlSlfWLSjZphtEBYuEAOuu0KEa6HlVgShxfbQwIA1jrlsNYWoNk/UQOSn5JpAgioS+QIJO8gioUoQhCiEIQCEIQCEIQCEIQCOKEAhCOAo4RQil3E2fM9lVNXoa7TJNGuD/fUh7aMlJy6dDJ5McYo1x0P0l5uKoEBsDcjvMqPx30BiCYQhvKro8fNmxOMmM8Su07sGXy/NJDsbHXbSeeFNcV1YdJ7qMg8ZTQXKFAYDtOfe565XpNvnIy8fwRnR0RuOUEAMdRM8X4lj+QHiNm9x1crppMs5bnyV+CDsdzO/wHbyAPJKs+VTx5jsJnbJt8NzrLfxzmf7OLzfx2TxfMOP5D8I2yn7foZx48SsXDbn7W6CfW58eH8h4nwZAcYuzW9zyfI/E+P4/jtmw5GZl0ZG00l69tmanfpl2R5o8TBkxsFzD5V1AIoH9ZwsKYg6Ebz6dPE8ZcCZhgHEimbtc8/zMGP5WxBFsraEdZuducYvXI8oYyyWDoJoMYOg7ayWxZQa4khd61kryLlgDU0hsnuPI0REmj0Z0+N+P8nzXpBQ/wBxnR5P4TNhZMauHzt/8f8Awmfym5q/jbNk4c6uFr1hlZWTkgplmb43DFGFOuhU9DEpZSUPXeaTfTM5C1cp2/jio8jkzaAWt+k89gQxEaOwNA1JZswe4KyZ1p6CDm/bWdDuGJRKtSOXoDPBHk5UXIoP/cADfpGPNzDI2S6LKFP6TH4UvLuVzmFIfdz6dBOriigi/qe85fwYB+Z26CbeVkBx0DTK/wDERfOMuQuXxOnUHScuVSG9T0ndhCL5Vn/tnUzgz5LzsRsDpNS8pIeTGUCsToYLk4gneZlmY8buPiNppc+T5FrYT0fB4JhGRjZa55p0XiNzEuTJjPG6rpJUs167FTg+S9z7ZGUNy9OI0nOnkqcaYm0C6/xl+T5PtXJjPTiwkys4jyuLcHU6gURIUKycybYdJzs5ZhOnxwpDM/2rLjVjJrJroNZK0X3miryDMT10HpMcihW0Mqw2AJNbTMijrLTuY8gDLYhSFVIyWDXSdGDBzUtdVMMp5P8ATSCeUTbGQ2hmMpL3ELWmVbYVN/EyHDm+Re1TmDm9ZstmiOslksys7Y9ZfPcoARt1E8/Ph5ZmyH7Trcj/ACOAC70dZrkyo+Ogekz16Tr4he/e+az+LFXt1lFHVCOhEywtX3bToGQEcW26TbN3Ufi8hweUMg16Gej4/lNlfKqraMSXaeRkU43tNjNvG8jJiVlXQNvOXfpt36Y6de+fpuu7yESgQPcmsx8sDKqm7PG6mR8huLknUipj4mRjmAY+06S9etnN9N/nLxPfBsFRWA6jacdGdXl6ZqWYG7rrNufi021QA9IqHGxKbHY9RMrI0gidY6Ma/dZ2l1bWNoVZHs16TAzXK+tCZ+kqQqjFdYcbaoMtGFMgAyZQRiL6SDvBBcYJilILaCt8VlrMM5vSJHpzXSLK4ZhIz7ZBT2jCm51gYyBQvvE3DlpGn5OZkKizGhGtzV8b5dANpmMZQnmKqDeGaIWYLOxEXCa3J6TBh7Qy7zTGrN7v4QWnneh29JgobI00yAua7RIfibX9ISePq0GGhZ2nM4906XykrXSYGhCxJGkePQylok9pLAK1dJVdiKAOQHSL4rPIzfGv9oEb1LCgoPWGNef5GMrTLtM1yEsLM9BsYrUX3nDmw/G1j7TtI1MPNk0AESZ63mRiXQyr+Mxuz8hW06PGoP8A9JnKxHSV47Hn/KS+Ek5jAHpE28DV+kOkrRRw0hAUI4oUQhCARxRwCKOEAhCKA4CEIFAgg3p2kxqQCOstkJOuhhPDKEZGsUKI4RQNEYkhe+59JpkyqLC9dAfSYR8SRcjOR05DRQdhMsz2yAHYayQXLBj00ioA2dpUkbYw3J1Pa5gdTLbIS5YaDoJELCl4furYHc+kidGMvx1UBV1LGCs8ikE1sZKDt1mj3kUBB6ynxsiKBv1MhvDG617bSy/Nw3YVD4wbU9NjKTFkIPFfaOvrCXFDMoPDjqdLMzZMZLMmirQ+pMPgysTp1qBxONL03g4+TTxmYF2PHGu7Hv2EGx4VUMGJI1IleVk5cca6Y0G3qdzOfWr6QvN9qdmduVfSIFqJP0mgYBNtekYxnITrou8GsYTVsPbT0mRBBoyrLpRxQhVJRYBtus3f4inHjX+09TcwRWdgqC2OwnTj8fMG99C92u6AkrNR8Kf7tYnTGDvZ7CdRVK3oAUvre5mb0dRv0hn8krgxNs2u59BKUBECftBv9ZiFYG7qHHIQTekH7qZcmU6bLp+pjfDix6M3JyNu0nDldFdQLsg39Jk5JYsdzHK5VMxQFV+1t4siHEw1BsAivWJlYY1c/axIB+kG+xO+srRAqDZFjtGW5HahBSgGosxhlJ1ga0Vxn3VyH8o8GRES23W9Jgz8l1lfA4UMxCg6yM2cchvtB/3aysQ+5T9ZGMAkljQUSl1N+kpUEWYgPdUV/wBbjJ5NfeGjJLamIkUB66w9BAAlq/pA05quMAak6kzIg3KGNzdKdNxJN3rvBClciRvqIooDhFGDAKhCEAhAwgEtcj4wQpq5AgTAtXYk3qWiYk6d+kVHea4nCAsdW/ZCUJh4jkwtu01xrWS8gtRrx9Jmc1oejGWXDMePVAB9ZE5dLeU2VDlalJHx4lGyrKxNxOLBdIgvI3UXvObxkypmAZFZ20XkfavrOjLeXMfE8VOWXIeL5OhrqD2mLnj0Zz86jFnJbKwb203Hpp0l42U5cBIuh/GS/jIGfBjN8aBbt3m3+MceNMisC6rop/rLwiPGQuuV2O7EfoJmTj4MV1HeJ3y4sK4aoFiz+s5XY8jxviekshmuzNx/x7G9gipzDGSCR+kFLhAAdDrUpWB0OksTwzVqIsWRHlIYAjf90YQMbBq+8pfiDBX76yqeHMrsqeQDkxgVp9yj0l5Px6OjZfFyc1BoA6EzF1KsTjOmxmgUqQy3p20qPy+eV0vFw1lPz2Eok+tS0zKFyPiT41Gx6mDeQ4AV/cb0JiyurY+H6t9ZLNSoTLw8cuTyys4310kO5d/kXQ9fpBcdaa0doEKXC7KDRhfZtjbj7L93brMx42Y2eDaek71WqoUg1rrOvCoUo6sVVDyFnv3ktwleKPF8jiW+NqBrad3h+F5Ixn4xT5NCraaT0fLyviU51NnTUes5fkyf94WVWrY7KTM727T0va5fbLMjL5XF1uxTiuomhbJixHCjlUDci9Xfp+kjJkyeQwZmortWliSfNUMVccGGx3BmuWd+HD5BvMzcg1/uGlzIzbycqZHtUCGqIGxPeZoAQSRc01PDOX8WTh8le3vJ6zpxY8YcDM1L1H+kLbh+OTRc9BJysSoHW50Zfix1jw0R1M52xZWYcFJ67SRjzWT6OakEVKIN2Y+PKgP1MrSICdn+J44wHP8ANzAr2KNQYZMWDIUGFCljUEybDY5LjAJM2fDx1I0EFJKito00KoClm2HWZfK1UNAd5u2N2xE2AvqdZykEGohD5Hly6zVGX920xBEoNW0pY3HHldadBA8TsKuQGLaDeVVUTYkZwx71q6cbSC5I9wsiN2FaaGZq4shtjCyGQa5qfqIuXLSvd0iJ4seJ0iStTrY2AlUiDdQlqjHU9f4ySADRhdTCEIUQhCAQhCA4QhCAwilAH9IAAYC7sQ3MY00G8B2ak11ErqQdJQCkEk0RCMjFLYgjbWTCiKOKA4oQhRCEIDuEUcAijhAUIQgEcUpSo1OvpCFACbqo0c1RkcfcQP0hNZwqUQb1hYhVKygg9O0g+5ie8teJVid+kjaAwpZTXST6R2RtAUfrAUpRQvpJCkmpt8BJCg/wgrp8DCWPybAdTLXMxzutdwGM6saHH4qYzoF1utz2nNaqhzMNLsX3nLdt+zU4k+6vHxtnZsNW3Et9J3/gcvHxsuK/7mNrr0nDg8r4PNx+YtfHl9rqOgOhno+Wvhfjcv8AlIW/uEEgfa6neLPXz/u11+f/AE+f/bXXn8v4smIgV8n2t0J7TfIiZcOTHl1V9ztVz5N/KbJ5ajG7HAMl41Y7AmfUvhxebjbHjY0RxetDcl65jXXtt7T7POyZPI8U/wCJmriw9huwRMPNxu+Bs5x8fiHsyA6Tl8vHl8TyH8d8hyPj0QnU0Z3I5yeEuBwQmQcW/wDVN7k1jN7fjeHi4Mzq4Nmm0f6TtzecUI8fEqnH1JGv8Zz+X4z+EwG4OxmJeyCRQPWa4s1ne3XZ4d/h/lFTMxKcKFDjtPR8ny28jDi8rGAWXcjcT50ZAMuo02nsfhcuMk4RqrakGY7dZOWuve2/jf8Al7d3jf42Uq2XGpytqWM87854Q8bOM2Mf2suvoDPRdD4zM4HLEe/7ZweZ5aOiqSWxhrOI7fUR13zPC9sks7eXi5dWMSDW6up6ObwMWbCfI8WzwF5U7esfj+N4eUKrMcdj7vWb1j9/Lgcg61M5rlxsmVsQ91Gge86MfgMgVs4oMfaOsbIVf408UyktxUj+JlOrFuRvXab5fHZca4wND7rHaRnzklUQDgRRk88pxOK5shb5lA/cNZjkT3EzoQc84VmrhsO8YxhuR7HSWM288OXxgpzAPoJb18hB27yUXizE7g7ROddOsp7NcfNmF0BsZi13qbM7cDeKPGy/Lfy6cJx0SdOskvN+jXqEGqAJr0g6lTRh6CUaIoIv+E9NVXD4hDLYeiT6zHx/HUYhkfpqJWTK2TBR04616SVmXlyO4oV3mDtbXNGAYmplRlWLx2zBb3iBKsR0uoJv6iD/AHGBsjkDSY1dmIMQYXBhEaxrpBtIoUxqZ2YQCoPac2Nf4zRzwQjvIzeeGeQg5DW1y1K0L3mAOsqxcq2OgVdR8+Op6Tm5FTNC4YdoZxqcimpGTNWgGshAL1jNE1vIYQyuwqtZS8g3LYx0dOO/WWAOQB0MpoHBrLGnixrdk7yfIXjRH8ZSMQnrIf8AUwttUwypxmzM+jKPrA42yCzBLjnQ61NVS2ra4+CqRU0oMfWFtQ/j0buQoBdVraN2ddDvHhHPIO8sTlmdHJ9ZqmFshBqUmEOS7aVN0dV0G4mbS34ZNgYAjac2TCVnXldm2mHBmOssJWKYmYzXIoxAAbyi4QV1Ez5MxHLaF5rMMQ1yyjMbAlLhvJR0E78OFOIN7bxaW/DBcRVB3jx41VrabZCq3XScj5ATp1hnl1s2MURoZj5ro+IEVyG/eZMrVczzIwAJ2kxYWM3QnUgJXiOkwwYwSDOu0xLrvKVnxAsHeZZ8ZLLJy5bYsJ1eJ/f9zj7YPDJ8VIJzZFINTr8ryVGQKuw0M58rBiCOsLGZtVki2YTfIBwFTLCVDjlKvp6GBrpfSp1BBVzi8R1bNZ2E6fK8hUxED7jtM284whmPEmc6AZcbg9NpkPINcTJ+biNOsYZWTijUSi9IM3I33iXeadPQNg1KxtTQYXHixkvVdJL4IzhHQr1kyhwihCnFHCARQhAI4oQCEI4Cj0hCAXCKEBg0blgO+o/jJRCx9Os25AN8Y0Ahm1nwAPet4FL2lOyqAomZYnaCaUU0OMhbbfoJJWgD3hdTLQEmhvIhC1sSCwQagbmSV37XEjBQe5iLEgCGcqiACfSQYXpFC4oEqbH6S1Z8hCk6CZS1ycAOO/eCx2FePoAKMNDubE5jlPBUO25miPzagLY7D0kYytMeNsnIqtKNj0kO+W+GMEVpY7zpVjhx8mP2610szA+QSp4bn93YTIhMhUKCNFBJ9WMslQd72/8ArNDgReCBrP3OZDriCFifp6y6mxjoXtthNVwgiiNDrOc23oN6nQmUnET1Og+glq0Pj+NLYXeo/wBJniJCG+pubN5NimWwZyMzA1enSITk8mQsx7TPeELlbwVFHcYRmFgaQErMuqmies3xEorPkuzQUdyZiDxIO5HSWMuXI4s2x29JEs11ZKVQSRyUe4fWZrlUkA6CtZjk5KxBO+8Y0Yg9oZxpzSgRuT/KZvlJHESOJAi2OsLJF4m4seXWbrhDLZG85dzOk+UPjFfcNBF30XfScuDIuPQEopsfrMCCKHebHy8hFXpUwYljcTfazfYo3Ur42As6dYHINgO1xvkZyegP9BKvJ40UOC+qiiRDPkbJkLXp0+kgsam/jYBlUliFUHVjJ9U8c1zyidAB21nW/i4QeKtel36TA4ADqdDqBEsp+UZIoZgGPEdTOnL4a4sC5BkDu5+0dB6zXxcVEjGo5DUu+wE2vjlBLhwupWtJLeUvZ5jIyGmFGtJv4mFixyE0ijeaZ8OXPm+auXyGlUbzox4M6qMXAKSNeWnGLeC3hyDMAWVRoTuN6gnjByfcGrres9DL4njBmyY142CX10xhR0+sx8XFgKNlyISCPYAf5mT8uODOc393Hm8TJj91WOtTnnoZSXoFqVAAFHS+84syqre1uQPWal+Vl5xnLx4smUkIt1vLx+O7L8jA/ECLr7iPSanL4ZYKmNlTauWp9TFvwtrP/FYMEP3noIsuD4wpDhuQviNx9ZtixAluQPEfYxPWbotY2WsYJ69ZNrP5PNgJrkx8GINX6bSOOs01pVHQG+8NBfUyaJO0B8id4v6SuDbgaQKGrg4ANaVctgyBXAIvY+sMHAHk7UB06mdDZOeJkQey9BvXqJPaOfGy+58hLHZR3M7PG+TGDnHt4/tGwucJAVr7TrxOThd3ev3FfTYSWJfmOrF5KLhC8BbMSW636ysQfyadhWMNXoZwLmOQE8dToo7ATb/Ly4/D+CqBvif/AFbyZfSZ8tvMZGcMtUdAB0qczKHVl4j6iZ4zdA7zVWpvrNRHORyYcekVMG9DKyDixhypaMqgZBwIO42mJNtYlMOo6mTWv0hqSNE5N1qdeIvVFAwI0N0ZxIanUGbiK2IkrNb/AA4cjEAMAo0Y9TH/AI2EEB3Iv+cWHISoWtpDl8mM3Vo38Jnn5TWq5PERwHQtx7zhzHG2UtiBCXeu80yZLAKn3bXMjopJ+7qZqRY7f8hFTaiR/ISzkGPCxuywsTzAWdq3oafSW+f5FxrtwFGMMdv+X8nhtifV7BVvp0mXyMcTAsQCNR007zAGwePSPkAKOzCWSTwl1omQKhbcgWJLHDnx3dN0B6TDDnOI7ch2kZOPIlPtOokX8eSZSrFTuIXVRDU1FK2fWa4sTuebbb6zNACbJ07Tf5gP7a9d2hLvp0KmMoHJoi7/AEmnjv5GYFMTUPTtOHMQh4g2DuPSdfj5MRULjb4jvW5od5mzhnPZZVCjjmWqOy7yMeJU5ZmAKKaVCdWnS6pRyPbttfcTNls82HxoNBJKkplmKgsgVD+wS82PCnjnKos7Cu8tsWMIrICGPU/1mWHFkoox0J2/1k3j4XflkmNsuMDZus6MfjomMLhdWY7s0s4sWMBiK1oNc4MoZWPE6g0al5v0PonyC6syZVpus56JNCb5PmzsL1IGhMFUYwWsFu3WanCy5GYxUpLGiOk08fGpBZzQ6CZPzNkjfWXjyELpuNhF0u46VTGqc+h106TPJkU/Z9w69GEzxOWPHIPYx1MnIpxuV1obGTOeUzkzjcjl+tTPgxOgmnzNVAGpoiHIKJojrsJV2xiMJLBb1badYxsKXDSsoskdTDK2PDaMl8ho05mDI14zttJzTdaMDkc/IwBA09ZjkHBuLUw7iRzNUekDxIsaHtLIsiYQhK0IQhAIQhAZ0hFCA4703/SKKEUDRvtBmuj1igwrSA7PXeUWtAtbdZB6Qs1XSAEHfpCNmJkwQ4QhUKUcKhRgENIXCEEKjELgAEX1jhANx6CHEVYMVQgEogaVImgpRffYQU/aPbJ1BlpjfIDw1O9fSZnSEW3Fl5jQ9REgBOu3WIsSKA0jS1phr3EHoDiTV0Ok6T4ROA5sR5BfuHWT4r+N8hGdfYwNEdDOrkuLH/bHLnpe4qS1c9vO4E1W5gMRsagDqe03OFxz/bQsAzmsnQypNdqYcS+Ocqt1osZfjedgxU5XlkXQdiJ51tVdO028fGS3OrC7jvM2fI9bzvOwjGoxfcRyE8/L5WPPjRePEj7uxMXmsMmQMAFBGijpOfRWo6gydesxq3fbfws/j4Wf51LqR7a6Ge3lycvw+Q+UA6FbwkfynzjLX0mg8jMcHwlz8Q1C9Ljt13levbGIJGo3E9Tw/wA75GD2tqoUgEb30JnmhbFyaImrJfKS5zOHd4Xy+b53NyWdjyZjPYzJyZ0+xCAUI/3CeH+O8hsHkLRoMQGPpPa8zyMeJ0wnXHl1GTsZz77+Unpvrn49rfll5CKMYx525K+zGeP5ONsJ+FtaNqR1E9L8p5RRUQqC3Ei9x9Z49s511M318M9vPAonadHg5/g8jG10LFzJcGY42yhTwXcyvCxrl8rEj/aWHL6Ssvq3yJkQqe1gHS54XkqrMWT7V0nf5y5SxxohVOh9JyriTGHxs3IbkzHTifq3/Lz+3tz4ch8bFkzY8tNVHH3BnYvgYvJ8bHmW8fI/xnPgwYcuTgKHYnadB/K4fF5YONtiFIRtyl7W/wDFz6/Vf+G5B4pXxMByI1IlZl+TyjhrlwUMD2MSfkvnyeLhDat7s56d6mfh+SXzeV5DKSrNS/6TE3efTXGfrjVn/u48Z1BU6ThIrOUGwBqdd8Mge/fRofWciowy22pINEbTcZo8Dxzjyt5Pk+3GqmvrGjY/hYkaOSVmeYqEbGxJJG3rN1xnH4iBxoRp9IvzTt4jhyV8mnUTfwMWDJmVPIbipO85G9+X22RsBL+PKFLcGIHWpb4zcJPHt7P5P8T4uPAj4dcmRgEA6idGXwPFPjsmDGFycRzb1nheP+R8nDlTMxOX4hSK2wno/i/y2R8nxMnN8rEk9pw7fx/ySf5b+PL0de/Tf8c3+3HD+S8H/Hx4X6uDy/0mf4/xfnye7RV6z3vyaY3+JDRyBtV7AzHJjTxDjUUrZDWk3/H/ACb1Y/n6yXj4jjdW96nRU+31qc+Rhz02ZZ1+Y5XKAy0pv+c5SgDKp32M6SuGORDxfXYRKpLHiLB2l5l4Eqd+hk+Ply4WDJsJd44az54aDBTAX7juO0nyMXFr9J34ceTLjfzHAAHbuJy5WfJjFjV9o63Z9fZZl31fDkVS20XE3OjHhaiN2uqnvfjsPi+erYMmMK2JQOXeY/k/k/Cbm/LfTr+Vzc+HzrobAAsyj4uZdSprefQD8Zgx+YDj/wC0NCD3leT4qryVDYbYTH/3y5k8t/8A03O23nrXk4fDHwfIxrrObyWUrxG97z0M4OBDjY2OgnnZQGoib62276cr1kz59ueohvNHqq7RFNqnQ1LG4hK41vJIMB8owa1kxg6QY1xOeWsMjnkDM8e8bamoTOWysGXWbhQEvpU5UoaCXlzEYuEM2c8GM9dNI2yniSswSiNYciDx6QuHZNXvN8LoBTaHpIC667CZZBeog88OxwmRdxY2ixY+Pu6zmwMwYdp0Zc1DisjNl8JORRp2j8ZOeQtegmPDv1myHgoAMLW7qoF9Jg+QbQ+WxxEyyg8vWIkiSwLTRSrGu0y48SL6y7F6Q0Ss5fiJuOWPGWBmKCiW7R48xa8Z2aEqldmQnuZmP+4AZ08Bjxes4y3uB7QT29Ai1qpObHzwX1WTj8gMw7Aax5PIABA2MiTXMuUIBE7M+veYsbM0R6q9hK1ntLAg0Z6KZUweHX7m2nDkdWUd5D5GYAE6CM084kkk2d5aAmZzfx71lW+CblVdJkBrO4KClde85GBDEdYSVd8FsSGyNk3O0TsSAJANGFkUD3lhbMzu5YJAgrQePda77QGIB63mYysGBJ2mi5ApLHrIl1fAA7R4f+7p2Mj5+Q2hhYnLp2i+Dru8ubibrYx0Bd79JeXIcuUvVfSQNpWjCDjcDjIXlAv0G0fOxR2hOUqjNtFL5HYSKJJhRFNECleJ37wJVelmDQuFvbenIWJbeP0Q3W8z+Rv4Rc2u7hP7vkMvE1f1ha16mTHCnRq+km5QUkEk0BFRq+kBRxQhVBqqvrAseXLrJjgwprjUgF/TSSuMsOR0XqZuRS+laQz2vpBPJC3WTwJUsfoBEhPEoNztNSKAH+0V+sJ4YldD6SSJrY+0bmZkHl6wspRR6QIqGgAToIRq3EH10l4FBe22XWE1mQRvFNMr8jQ2gE9kG8cs51eAv9xsh2UTnQAnWdfjUuHLUlTteKjPm+QBV23P1mIU/ddCK6MPkNg1YGwjCTjhrzYKQT6mAQuddhJVl4+7UufdKbKb4qKA3MJyM1KSBud/pKw2+QY12A1mRO57z0PDxLhwMW/7uQX+kluQ9JxKgVrrXa5l5JVwV4gEAEGTlzKxpNKEzdmZPURJzrMnisIQEKs0Jp0EpexOl6xilBHWSBpA1C+OxOpAAmiYlxmxq1delznGNzsDU250pXckiz9JGb9Ka4g7gE7nWMjGGpTZuZBzZMkE6sNx1jDGrIQSJiwr6y/lpQNyDZMzY2Se5lWStES1LHbYTMgjednjoWxKWGnKhI8zjYUDaTU3nHLGiljQ/WIxhiu0rSuCgnW63jbipr0mdmOjudzCZ9Q3Su00xhnHEH2jUzOp1eLxo4/3EwXwyPNSa66H6RnM3JnK1egHadGdseOjuewnKcwaywsdpn9mZz6d14sS4y55syWFG2vUy1OILyCit2nEGXKosUBsewE1PjMQo5UjAlT3mbPmh5s4UVi0djYPYTfC3y18lgtXInrUwweP7tR03M9C0TFwB13LdjFzwcIV1xWy7n2ldxUzbitYMNrkc8mJ2AgcgTjiU/3GPuPoZPzDF5ZVjaMvHl1+kcZ/Vfprnz/28xA9wI1PeSnioz3rW80z8H8ohRQFKFBudWL4uBVjxbfWNskPDnbzQh4Njp10UjSZsqZc/wAhUFit8BpZl+VibIgz47PR/pOYsMeRci9NDL1k8xHViycrTyFCgGgg6xunjobKkg6V1mBYZNWOnTvGq5L5A8gehixKXkJjP2CgO85iABpvLyZWY1tvchWA3E1NxqbgriA297CaBXIutx/SQWsiunSNMpV+THTtByQykH3D9ImylhW3eb03kuPaFQRL4b5cnx4BzP8ApGz2sz92GPGznQWBqZu7FUIGmlESx4/k4LPD/l+p9IL4WbIrHIQjIRy5HvGp5c643cgAb/0mjcsrvwX2mgK6ATtfFhxIArM2lcqoSMmPIgVH9gZeQA7HqY34LWOBkxgqNT1hmyDJj06GjMAOI5foZI05AxhjdXAHKtFGv1m2FC6Fx+4GcrhvjHab+L5QReBOq3x7SXxwlnthbEi+sZFXfUfzjX3e71MHBrXrKJxLzIHfeN8ahqXYby/G0yD6G5u6oE9o1o3caby5xjHE1v0muNuScAKYaGRhUjHzc1jOh7ysjJibmhJBPWKUfK2FqGu1iSX97Muza1Jdw7lid9YkYHkRoBCYWoETEnkfSUQSyBBZbYDedgw/BibmisWq7+5YtjTiQDGiv+5gQZj6TryYTjrnudpyuKb6ykuqU8WoHedBUMo0vWpyevWdSOoIB0Drr6HvB2jJ/H5EnGbHY6GY6zR8jEmtL3ruOsnl3FiFmohKodJMNCMb6QqFVACSSSdzAFhdGr0hUKJhHd4+cjEFyfYuo7kzZvJRkRXUNe3oZ5+TMzUAOKgUAPSaeNkRfIxu4tQdRM2eax+Pt6jYaXmWN1qD09JmXYMigCl2PWPyPLVsZLaWdPScOTybWhve0zJbOT3w9HzMYbC9Mt1yUX07TyyS7cjv/wAJ04z8ihQbLDQTnUEM2LIeLD7TL1mfUU+UPWlMooiRj972RYTW5HyAe6veND2M1x58d/bXU/WaMwAMWFj7zU6B4C4SHdgy78RvORs5GQMDoDc1Pm8gx67LJd/Y5zwjynBYKNFGwEEyZEcHRlO9zEszEk7wB1AO0uLj0R5dIvBBy66CjDLjxlg4G/3L0ucisBp1Etmytju9e3pJmeGVZ8YyChow2nIC1H0nQvkKqhXsMuzTHORzLJsw1iNTfCCwO+vrIlBTvKxGnB48vSaa8M4TpfHyyk5CFP8AtHaN28VUKfGSxGj3sZNT8nLCWmN3viNBuZZxBVDE6HS/WVdYxgWajJ6V+sNICIFXcIERQpwihAI70EIAEwAkk2YpXBq5VptALRprHaE2DSKu8rjTCtZQDNQ2uDWcJ0swKcMiguuzjt6zLJhKAHkDfQGElZizGCbowGxBjFaXCnxB2MnS5RDMfaLroJJXS9jCQRqjNqBptcrHiL2SaWbLjyPxw42GpoDYa940tbfj/Dx/+Sw4vMb48VhmfoRuJ0f/ALRY8589szYfjwsAMTqtK4HXSeh52XB+Iw4vHbGvlDNgK/Lvxf8A5fSeV5X5XzPM8HD4WUD48J5K/U+kzNt1u5Jl8+XmxTYYF+Lkcg5dF6x4vHZnICM4G/EXNMa55eNOZ1NDvOtPDDB30HAX8b6E/SGBR5ON0IUMmqrsTJpbfhkFCEjG/Swf9JkATv8ArJcMrkEcSOkaswJI6wYWoMAd7jetCNjJlVWw9Z0YsxQMSdO0wAtwv0lOCmVlOklRefLkauX1B9JiF5We283RGfEG6Ka/ST8LFv7evpHg1jXQbGb4MrJyH7TuI8fjM4N6cZt42KyBk9qjqZLZhrLItWxGp1EwYWfrqJ6Wfwc75FXH7g+oYbAes7MfheD42Os7rkyEbX9sn5SRZLrwbBAB3l/EzMMY+4zoz4sOTOf8YUh79DOvwPwz5EOfJlCrdLW5lvaZpnOTlw4/E8g5jiGM8+0z8jFkQ/GyEMN9J7nPgWxK4DoaDnrF5PlYMAUuRky3qo/1mPyu+FyTzeXjeLhPI5H2TWupmuXl8DM3uQm1F6qZ6KfkfGy8lOFU5dpzO2BnJVDbaEdJrndsS2eq89vH8g4lzNqrGhrrpOzF+LY+OPJyOMZP2jvNuLeay4MS8SnXtOvF+LzqgXyMv9pTdCTt3zjcJLfWubM4bx/i8ZOAIp/+Y95jhwZsAB8bEXf9zkbT128XxmIyLSoBQF7znOVvEZyPfjYH29pmd9nE+7X455/oxVPOZ+OW/dsYz46+K5fKOYJrj/xl+L5/NFB1126jtM/Jy8MhTMeTubAHSNu5ZhZL1/LdxGMJjyNkYA42smt1nmeSuMuzoSVJ0JnrY38PArh3DMRr/wAJ5RRvIyccWxOizpHNngV3yqifcxqfQ4vHwYcSKxpAaPqxnHi8JfAC5cjcsrEAAdPpOz5UDZEsNxFi+8z27b4azln5mMDKK0IFrOVMjN4Z6EPV9dZr5GZn8xORoBCR/CcuBifGbXTnZ/SWTgvlOYUy3qVGseb8gcnj0VAYDiPpMHyE5ns6TnY2PSaxG3g+QMHkrkIBAOtz6FMg/IkY/GXh4yf93KRQb0E+Wmy+X5C4v8dMhXETZA01nP8Ak/j/ACyzzPl06d71+cvnHuN4uPyvyYxYEH+Jh0yMBoT2m2Dxlb8qyeMoRMC0xHW5C/kPA/G+CqeO4yZSLYdSx7zt/CYxi8f/ACPIanz/ANxj1o7Th2tnW27kn4zff1duuWycb2v5XPUnpA8Y/wB/ycgByIdPoJ5uTI/5DEPJwgDJ4pPJT1Hee/mTFnw5VQlRkB/jPCyYf/G+M2I2MmWxfpL/ABd9498ZF/l6zz65/K/7MH8k+XiYZBWRSChj8fxvlCg38nL+U5+fBQBqToZ6n4l1OcLXuK6zr3/t62yPL1zt2kt3Xm5sONvyh8ZgSgNCp3t+LxJ+33Noq9zOrz/HXx/KHl4sYbTVvWQ3nE4/kOjXOU79u063r8Zf1ei9ek7dp293Zx6eb5uN/GZMIJXmLfHelzbBkxtlwgIPbQAPUyczDN5DZvIazx9ldTNvC8Rcj42yAqOVqdp1lk67fLl238/7fHD0MK+LjzcTjAZmsmp3YvDx+O7Mv7zYM58+NMuQKhpkIIM2UZCoR21E8fa2888+nrk5z/WobxiSXU6XOTOy4gSx93+2d3kOMfig3XGyZ4j5Gzn/ACD3oD0mv49t+kTvkn1ri8lmy5anH+79Z6uTGvuPU6iee4+LIVOvrPX1vHDyd+tnN90/K8bhwK68hNvD8JWQ5cp4qmtfSbeGz5MyApyVTvvU6PymJcNm6Lft9Zz7d+2zp7vtvr062Xt66zw8jzGxZcxbCvFB02nOwB26S8jmz0MlQKu536zJHK3nWZFRTUjlMyKM0a0UUtyCdZSmxUlhTQkbeOBTEzHI3JiY+ZAodZEEnOtcWNsjcV3l+R474gpbrHjQDgynXdpp5h5spU2K29Zi2/lPheMvyvxFXKCm5rSIYQNDtOdS2M+016x485F8v4y5d1P+OSe9O6FARdbPSS2QE2JJYzSY0OVSDM+TMaEgy8LcHDSLmOrHg+MAsdY3WjZ1Imb+RdwXNyYk6io5Y5RnogEdJkrUZpk+30mMrc8NsjAppJwD3gnpMzcFJ2EGcOzyHLAVORu01Zqx+sx3MEXiYA6ysps0JmBRnQAta7mEvlyxjaDaEwhoXGuNmFjaNELmhNnPxrxG8iW+ox+NrndiwBMWu53HWThAbFyO4ix5DkzBBtGs27+y2FXU5MrDnfed3lIMeFj1nmXceVkPcxulCxBdZoSOFSraxC3KJrSM6CpLQqTHcRh0gPlNsGRVez2mIUma4MJd69JL4Jms+DDpERQmuTOWugBcxlSb7KMQhCnZhFCA6IOukD6RkGgT1j5KEI/cdoRMGA6GTHCgTQMvuO1aLM4QZrQkDCo6sYiaB/gIgjGvXYS1TiSGF8dYTiMopoFtmvbeQRC6UIQhW3yDiU2AGn1ibKSABpQozOaYsYPubRekM5I0wgIvI/c230kZWHPTaaOeKX+gnMTciTm61FFwY2ABa96kIG07yjqXPaU9ooWL6wrciU61TdKjVDV+m0LrKr2jBK366SghGtaGAUEE9en0hdZzcEKlnpM1UEyn2o/xhLyzXeX8jLyA2YUZNQYa6Qo00vaXacbr3HYSOkADuIF6KVG73ZjYGiQOseNADyJ17TbBjORgte0GzIzo8fx2Zly5RSXoJ0+a3FHIPuOgjbZw2ybfpOLPn+QAXJm1nzWAB3lKWERNGVzUDvK3UjGSGbYCGKgSx6DSbDjmAF8KmGRODEdIJd4SDrrOpc2NiAFAvT6AdZywjFs10nKCPb1agPQRYgpavqJgrcWB7SlyFaI3BuGb1+FgKu+2oEzGxiLMV49LuGolXAwow5e0D1hRq4oVrj8jIlAHQbCQzMSSTZMQIsSuN3rXpCcIlKNJNSi3aFAAAsymIqhvM9YxtcBlvb6wxvxfl16fWKduPBiTx2d1p65Bm6egktxK5mUsauyN5SeOTqw9oh4+TEnJn1J2E2y+UCloNTF1LviN8eDBixh8ptz9mMdB6zP5WFZO+irOf5icZdj7thH42U5PJxKxAGwvYesznm1Mtd65MxwMGoKjE8q1s9JePLi/t8geJNN6ycqqUx+Lhsl7Zz10mHkKEdcKm+H3fWSclllaMiHLle9V2E4iWJsd9J1Ehcx5bMNpz3Q9AdJpIrxQ3+SL1rWdXkL8i66NrZEXhIxPzZKo6J9JPk51I0Oo0H0mbz2/RazxZnxY+A1U6EGJ8HygsgGg9wmfPWuhjLMh5DQdZrMRl/j5N11Ak/JkC1tRm+POKOkQbD7i4v0lXfmOemY8v5wIoa9J2fApG9CrVRtcg+Oze1dv3+lSflF1zorM1gaSuOMGyPrN3AVeI0v+kyIZ9a9o3JjdNNspDAj7aoAes3TOMVphsFgAzdhJHin2rkHENrY7TYqbHxFa/chH85LiNMb8y2Zmv4xYWYoW+LKz/c2rX3PSUOS+xgASdanPybJl4D7bJiRGmR8nwIt6Mf6SfIyMcmKzstfpH5GmRcfoD9CZlkHJwOq6SwRkKjkv6j6zKr+s3zraiuh1mTgKCB0NTUagbKTQ6DpIO9xes1wpzPp1hfDTAUr3Gr2m+XHxAB2I0nG68S1A+06GdePyP8gf3DrjW5m8cs2e2YAxoX7dIYc1rWS/+U+kAUcBiOS/7e8vLRHQ+3+EX4E+TkL4VUe0A7TMODi4sLPSLIT8aBtz/SSHAH0lkX0iq3jQMzcF/dpKx5goZSoYPpZ3H0nr4/D/AMPx28rAn+VhyAVmAv4j1DCL445ay4z8bxFwOMhJZ6FXoBfeb5fixqzL9xbjlB1P1nC/mFwbI5O4oDsszbK5GUs3Lk1k9Zj8bfLG+g3GmokgGtf9JyZDZnRehvacx1ahrOi9RHZO8pUYiq2kMCDRhpoCvGqv1gEVlv8AjM5Q2vaoTF/E2wGgiGF20795pjJLDU1Wk0OOwaY8twYZ1OPAmNrY8uhEWfx1T3Jsdtbm6p8gtTxcaGY5FKkgghhuOh9ZE275c4WJlIA7Sx2hkNEL21lb1nxYmgLmxxcPa592hFG/4zOztNUULp0G8FrXI4yVeyzlyD3Gattpt0mTAjeSJGuB6rX3LqJedflU5CCrDUX1EPD8XJmyDgATvrpPSzoE4KzDsV3BHaZ7duePJZzseFfeE7vL8JFx/NhuteQnEFJF9JqXWpZSjUEy0CgXu0gmjKapTRPpGReu0lDrrLBskCEp6naMnIp5brsRMw9ToZ1GMlDppYElSsc3FgGQ/UdZKAWOW3ebNjTIocH3karJxuF9rDSDeB8XJ6vig/f0l1jWym4GjdzDk7WuKuBl4UK6rq69DsZE1guNsjFmavWdDJgxKHI+Rut7CYvlJY6cSNxIZzwF66y8ry6MxZXVx7Q4vQVOYuwJDagm6l/IWWmN1oJmWB9pGsQiT6QAuM0NIbfQytJI6wlq4UEEWDIOsEEIwt76RuhUCtR3g0YwGaj+k097WqgUsyUkHSdA4qu28M9mXOhTjX0jxYnzE0ftF6mNwOO1kyVDKDWl7weuFjGWcBTyPcS1HFirAkdRUPnGPgcdEga3D5n4G2+46nrGJypsVnTY7SQqBGXj7jsZmmRkYvZJG00+YMotde4jDKzfG6oG3U7yEUswA1udYyKUKhSUHbb9ZkoprAr6bwsrXxfGc5ytlFYHjkOg0kphGRjqCx0/WMq/IEOQex1E3zLWTHlwgIVrmh2JEzd1HNkGTCWx5Upl7dphbG2TSp6nkO/kN8hxA8xxY7Be05sPip8jpnJSvtIFgxF45a+T5mHy0Vco44sePji47q9dfrOfx8oyeO/jOo/3K/UETHN72NDiF0PrUxU0Qe0uNc2OhBjw5A7AOB0PWd+PxvJCr5HjNkx5cgvgRVj/AJe8fhfjcvnInnDgmDFkVcisdzc7f/2l/wD2hx+S+Hx/BxthXxmNuRRLDSh6CYttuTz7a69cn5dv2a4vxB8vA2PyB/8A3JhzBc1S/wCs8jwcPheT+SXxcpOFXJQZVO2Tb+Fz1k/IeN+Y8XFg+dvG85VK+jUP93rPm8ODNlz/ABYheUE19RHSXneMXv8AjxZz/r2v8hgy+N5mXxsxvJhYoW71sZz3N/Mz+R5XkHJm1zaK1DX26TJMbO4QCmPebnhm5z8J3lY8LZW4pvB0VMhXlyUbkTu8ZlQckxe3u0rNuRkvi5MXucEEbGC4sudiw1rcma5/NfIwo7aVKGdcWG3F32kZ2hsKLiGFHtjqa7wx4PGReT5CrdpL58GHhkwnnkOpvpHhyp5DuStGr12jkHLCvIg3R0HebFseQKcjlCaAUDSpzv73rQVsROjF4fz5VQNpV31mae23leVj8dTjwOSxAqtpzI+HyGRWxkG/c3eY/wCKy5yt8lQ795148Gc5SyIfhGp+knEb88M8oxLkKYr4jc1Hi+UPeHkUTXWV5PkgspVfamhmORsir8yE8TuBLmxONZZ8mQuW4m71mDEltNeXednk+Y+XGnwilGjadYHyXyYf8cIgIH317pZxPBxrmS0YXr3M0y5mYjHjoUbuJDwUciN9R1k+Q6DIGStRrUcpw3/H5mw+WtHQn3/SewXz/kHdEPDx1NchuZ5v4/ImVyhQKSvtPczXx/yY8P5cRI5Xoelzn3lt2TlvreMt4t5b+f8AD4+JcateRNgd5wZPJyZFRTsD7j6SPkb8j5IXf9xadPnIMPioEFG9e8SZkvNp252ziRGPLix+WBjH9rTX1nN53yr5eQs3I3d+k68OHFkKqNLTk19DOPMmTJlpLYnpN+/2Tf7c+a5HPJr77zTxy65VZNxEMOTmVKkMDqDNcXj+TytUNdDNcYleljyFmx/5LD+2S1Hf0leIfmd+Q+5iz/QTgyI+Q2/tKiiZ0eP5a4cilhyxkcW9Zzs4uEvM/UvIHPJlzYrcH2YgIeN4OR8Kq5GMM1sTpU7ky41xr5Xjkc1JrFWlesy8bNg8vKR5j8UX3mtLrpM/nfx7cZ+P3bnWflNv5flf2+7x/KQYs7orclBoGZft/Wel+Q8NCh83xhXiseK3PPIPGulzr07Syf1TvM7fT1+jOdf478e3nZviDhKFkmcplYsuTCwfGSrDqJe25cuUn1ez/wD8/i/yU8UZSchBbIegE9HCPh8VVLWuB+NnqAZ4ng/l8vjZsubJ/cfKtEncdp6XgeQPI/FujA/Mr8j62bnm/k698/uuyZz9Xbp267xMt37PWz6rzB46XXpPCy5f8zKfnOmMEYyP9Z1ef5DOyphvkVphOQYeC2eo1l/h/jyflf2T+bvb/bPXlx5V4hgOm06vxuRk8tOR4gjU+hkugUqco4o4nZi8ZWyA7e32kdam+/eZny59P47bvxlejmyv8BPHkinrODx8I8lsnIVZ0XtDyvPzIFwlOOMEWx6z0MWPGofOKFLy06zz89Ou+Py8Y78d+8n/AKfMrP8A8b44UqwBIoidPkriUJxocBZmeHIXxJldSHY6L6CZeSebl2OmxAmPytvNtx2kmcScvLyfk2HmFiCUH2rPV8XyWdQTryHtmWD8bidhmdLJ0A9I/h/w3OUH2DSugnS3rZ+MmVynXt1v5W7Na5C2QIrdTREx80YfGS69AB6zj8n8o3yFcS6gbzMZH81lx5DVLZPrJP4+3FvEL/J12yc2+EeXl/tKE3Jq5xZVJAE7Hwsvi6m+LGcrn2Ag+4f0no/jzP3cP5JfN+GnjeY+BHVd+5nNn8vL5GS8pvtIZtfU7yHpaINmbnSbucsfl2zN4+FPR33mZrYRMxY3ACakGyISBJy413BlFuOMEbzPlYN7mGZp4hvFkNiIHjExBOkq5ymoRmAEKpHK6DrH8hkirgD7rkRoG5WTM2GsL1MZBIlEyibr0kgQIMKo0dJSrIBqbY2DGEqRjJuUQFAA3nQFVFJM5namB6GRndS5/bM+spt9IpWoRgKEbHWTcKZYmEVxgwDWUCbgENRUYQ3U7mTU0VWO+0bpWnWDWiMBjAUamZPZNnpN8ePittMshFGpEnleHJaFe8rx1KZg5nNjJVgZ1B9LOhhL/u28/KPj4jrrPME6vJ9yCpiid4nDUvBKDv0gW6CNjWgkSh3pEdpQhAg9pfHSNU5H6TQgGC1OMCjc28Vf7kgIb0m3jf8Ac/SZvik/yjgqEITSiEIQCPr6RQvSoATCEIBCEUAm2EKLJ1mQEZOlQX4a/IC6/rB3FuOwr9ZkqsdR06zRcdH3akyM2SGq0LbqKicgdPdVS7tlH6yCLyC5T2hkIoHeSQQaM6SASOsnIim/T+sLOznmr5P2L9q7fWQ2Nl3EmF4q3yFlA7RLV6yYQY6Aw1qIUeQhirjZ7ysa/JkbWlG5hj5SwLhQvTeVk9qhRudzDIwUcAN9jJ5EsLgI5NdNqqZ3Bt9I0WyPWGuFYlJb0ErII+a4xVamJlbiGY11Eie9QaBI7SOsdE67wVWLcQNT0laBlY2A0PUzT4K0OpiGAr7j+07SJsaYgHfht3P0nYpTFjJG56/0nP42LRspGl7zbL7jTGqFiRi1jlyuiHXU7/rOLrc28hw1EdRMRrQmmus4U69TJA0JlZGBoDYSb0qFnhaOBYhk9yg9pmI7MGcjSLSEIURxRi+kDYY636bzFj0E2d2YUBqd4j47DGX/ANu4kZn1Z2OFdTJE6A+I4ytbEVMT7W0/SVZSANiUQRYqJXZW5jcbR5HctZ6iDlPWbYMSNYduLdO0hU5a2BOjEowqea2TuT/pJaWsCH100G8z02nW74mX2+2xqPXvOYpTb36xEldHjeLidS2ViD+1R/rOlsypjGNk5Yv3M/pObHlzOq4sS6XsOv1nQPCKtfkNzY7Legmb55LfbE+EubXxm5Gmd9KCgdJkuHnjUBhZOk9LxwGZuB4oq8SRpvMsmPNgHyAq9DitjYGalN4eccL7Ag10uX4qOnlYyV1U8qPpLGMsvuWidQ3eaZMuZMiO1cxQU+kXxhOzUvkTyMeVBdE2f/VKUjJnbJmN8juNBc5MuXIQyg1e9R/IqePQNsTVdKkw5av7srPft2H0mQAfIFul3JmYyk+1+n9BAEu4C/u0/SVMekoUYQoNjeef5DA5COiztysuLAa00od55Zur/jJ1hJzq1JIr+E1V7U426zBP6TQt7CP5zS2EMeQOEAJ7Sv8AEzk3wPE7Gt41zMMQW9+sv/JztSs5KgUBewkEL/kbEH26TTG7A0TbPoQN4vkZ1UHYS0Kq3Iij3iyfCNcPjqQzZVtiP7ZJ009I3H/4QoRyNfwlDkFJNgX7TM0yctOkm01gnlnIgxPoRQU9q7xZBlxsHJ9rachK8rx1ZTnxCq+5f9Zy/K5XixJHSJJfC5vMbt5LMxurGgiDkOoTecwOstchRgR+2aw/F0ZW5ZARqQNTIDkcmOpk4nHK2Op6yOXKx16SJjVnIw31O/pM2FYgSNWuSSWpB0/mZRtmVFHKtKlaxKLzIWdeFB/28ZIUH3vW8QOLGa4gH93WGfKEKothRqfqZm8pbaPIRXUgNRTYdDOOyJo2Qkk9JmavTaWL11ePKUBAF3LxO7KVv9ZjNfHanrod4LCbkMlGJm/d1bQiU7f3GY99pkTKRr4+I5GvZV1JnqeH5vleJiUeKeAAYZRuHDb2DPKxZnT2rsTrOtWLrwQ+rHvJS9u0vHAbFgzlviQY3OoUHQfSczL8ZKk/rNMhGJldG94PSGYHIpcDQawzvy5ubDTpBGKsGXQjURkLV952fihiXM75V5BV9oPeLxGtmFhb58yo5rmfu6kxeQq4+NKCbIa/Sdb5FyqX4BOI0re5llA8nCehUj3GSM7y89qLEgUOg7S1ANzVfCyMTxdSAeO9G5h7sWQq4oqaIla8+G6AUCP1Mu+B5dK/lM0yBMvBvtbYysuUI/BltDsR2MMZdQXXKLB4leneSc7Nak3ppMmqyBqvSIQ3+MX9pAMkk3ETZuEq41VQjBif0mnzJUxf9pPURIvI+kJnutASz+g1EhuV2didJrlJviNKoTEH3C9gYI9rwk4+OSDx5fe3oO083yPIZ85I2XQfpOjH53PAcQWgu3rfUzjZSWPeZk5tqZ8ujFk5VdkdV7znzAJkKgUg/bLxlsbS/IKP7qokVfrKk4rlq9omFS02PcSXNyte0jQyuZDWOu8kR0GGmhEKUYuvrFR3jqoGmF+BN/wmrjGw4k07bf8A1mGlX2lYsb5Df85PqzZ7aYsWQG6IUfcZuvDIjITbftrpKzvjXEuNWJc/wnOmdsG6hh37TPN5Tywyc+VvvtcnpPUxjx/OY4iQgrkD/wA3WcHleO3jZTjJ5DoR1E1L6alZHpEb3muNOXtbQHqekMuIYqHIOD1EprKzCEUNH9ZXLTiB+skSyirXu/SEpXoBW00Qnb9vaT9NocT3qGadJfK+NdBLXMgBJF30mXFfqYuBUGxcGRtZcaDbWpJFjf3dpALjUHWByGwapllMPGitkCO3FTu3aa5vHKUcbrkU7EGZNkGTQgL6y/FxK+Xi54rR93SxJT6mqAC2OvpLzcGcBGB06aSkwscfJq+Mk6XrMERjktQSJEaoCEoGr6R8goBK7yHsOGOg9INlchf9o2gM5g+UA+1R1mquuMN8llW+2+vrOXKpvl33nXiwrnwg0WdNN9AJSzwF8n+0cSWysf4GbYfyHk+H/bZBwcgkHWYoHLccK10uanEcn9lvdlTUKdz9JLhPPA8pPEy5GfErIuT3MOgPpI/JeP4i+Ph8jxvaW9r4+xHWYZ1ewyEldiO31nWAyqqLxbkPtYWCYal/q5vE/IPh8fJ4mnxZiC3oR1nZ5vjBfxeDMzK6u5Fj7h9Zx4/Hw8j8p4OP29p1J4ubN4hxLlD4g14lHQnfSSybqy/reHnFRuliv3CdPh8/HyfMy80U+4DfWJ/G8nxGyYXF8h/LuJH+UFIYDUimB9IvMxJcv6K8rP43yfL4wZHJtr79xOcZcmrfcT1O8zY8mJ7ykFAkyyYt+QiqdXNXtOguBj4g7aekwUcqBmrnGECjvrKzfLAnXWao6jHTDlrtMypBreUAApMLW6r4ATmeRf8A29JaFMrhcH/UNpzcCdeh2noeN4zYMQyqjHluT/pJUxGTA2TKqYQLO47TsHi4vEyIxzEs3T1mLfkArh8WIBtr7Tn8zz8pyUyjbQdrmebx4J9/h35MeDBkAztxLa2NjcflecFQf4TgcRTKf3Txnz585ByMWIFCSD0IJI3lnWe12rPlMCQygm7Ml/LdlVaAA7dZk/Et7dvWKaMjodhiVWwto49wmHI36xSlrlZ1HWA2skG7M68X4rzMqfIMZAG19Zf4z4Bl55AGr7V9ek9vLmzhsWHFT5Tq46KJy797Lkn3a6yXdeRj/G+XjwHMdCouhvPKcMWJIJN/zn0/nvmxjGuI65Go1I8ofEcA4rxLDnp1k6/yX3zrV6Sb5mef3L8V+MPiqcmU8myKCVH7b6SPywH9vGo92U6DsBO1fJb/AC/ir9vK+hnF5mXM3m8BXHjYNaiY5vbbz7byTpZL9HKMnw5HRVv2BCfUzsJGAJhUf3WUG+3rOPDid8vD7vdZPpPUyYWXFkcqDlPtQ9QJe3bLy5zrsucY8/zEx4saPy5ZmnT4iMfHVSCCdWM4h4w+Yc25fH0no+I/tcr+49Zu+PljP7vjhxZ8TBtFsHQEzz/JRkb420YHSp7WXMjsMY0Kn+M8vzGd3OYCmxtp+k111PFDeP8AlPGxNkKFEA9x9DO3wvATF+Oy+T5RBORfavUCV+Pz+Tnxtk81HyYszgA9JvnxY83ma2MGNeJTbWce3ftt63J83q9HXr1mdpz9L/u5PLZsf4rx03xtqonjGzc+ly48A8Zcb+5cd8fpPJ8hsKikXWxr6Tp/H7483XP+S8yfHXHFjVCp5mu0WJA+RUuuRq48zhjQFCZaij/CdGI+h8T8BjVy2Zg4/aBPUxYsQLFAAB7aHpPmPF8nzEZBzYYr1PQT6nAuM4AML2Ny3f1nl/lnaf5X8np/i7dbx1mOQY1R3cjVjSyMmPHx0Oo3nRmQpnVXcHkPao795z5MOVclA+5uncRO2zyfjzbY58yJmUKTtoJs/PD4aoorKuxi8jx2ZKx6N+70MvBzyMcWTXIo1I22i8yc+LuNSf3ft+OvO8jJny40s8q3+s7Pxfk5vIzAZNMSjjQ61MUThYP23xnV4GMLjPDRlJM1/J+M65k+n7uXSW95bb9f2eq7UjEAA1SzlRkL/C2pI5Exo7fGz5WHI6gdpgfJwK6m7oameedXqvaTzXo5SqeN8l0ToJ4Hk+XmdjiuwevrO3zPLwZMeNGbirdAZ5mf2ntrvOn8XXnbHP8Am7/2ydf3YsavuBJTzGxMbXVpWTKhxEj7gdfWX53k+FmTE2Ef3FA5fwnb3J+Oy/0eae7O2ZNn1V5GU48A5mzk1qedkzX9v6wrJmbUkiVmxLhtRqaFzfXrOv607dr2/bhiqsxl/EasAkdYsbETuAd0UIunUzVrFc+LwcuRhpQOsT4hjJUakT0lfIUGMVpuZmviILZtz/SZ/K+0eaCCwDad4zg7Gb5cSZc7DFsNv0kAHGQj9e02EfEpVLGw2xEh8YRiGF11nW6DGAityB1ExdnGrDSTlNrmK9ekRFTbK68dNDMNZpqHATRcZZNBKxeOzA60R0MmmxgZQYUBJbQkGUgFEmVaSmmuaFW+6vaeszIF6TT5WCcOkcJWTbwVipBEZ1iA1EK1yO7CouJKgHpKXghJY32lB14k9ZGfCAlb7yXGgPeWz0/pIY3oNukpEGFR1F6Q0Kl4lF2ZEdmCrd9aWNV0JMnEvJrPSaZTS/WGfo0wVkbj0EMoU5VExwZCjGpquN3YGpEs5aeY4x8VXtOa7xzbyMRcX1mIHFSp3iLPBYltwJ0ut1WgEnxCpJ7y2b2kXpCe2eQgDjvIomO7YAx5Pbp3hcYuBcSrZjOoloo0MqpYQC+kvJQF19ZmcmlCROW44onqZiXBfSQXJFTRMRoHvBmeW6nQy/HUnL+hkqvsPcS8BPy/9JkvinXzHnVAiBOsYNzTRdIwOkIEQEd4SgmlnS4ygCgjU9YTYgxSiNYjpCiAFwjAJ2gaJjUjkToIgod+K/aN4mLcONUOsrCyqpJkZ+qspCJQ05S1UGif9us53Y5H+p0E6Doh9BUJeJGWI25PYUJbL/d9BM8I1Jluaf8ASVb5WNC3cbSVcLd6tI5HkfWJgSYTB8hKMCdSbkAwIqUUpAx66Q1wg6mMIzbCdHjrjKc3Fm6lvxVgq9pNS9vTBRxTXvGGokbdZWQgsR2mYf3Wf1lPKne0HoZDGjfUzTEgYEsdF1hjx/NZ2A3jTiMkUMddpqBxo+h1jzhVUY1FG9fpKXGaXtUFvCCAxDncdJDl8jhB9AJqbZ6Q6CAHHKGXQ9/6yJKoquNQO3XuZeL41AY/cx3nPmYsfQbR4iQVJ6aiDONdGXRq7bzNrOTj+3qZWL+6S7bAy1ZXtjsAaH0jWfC0yFcYQ7HWYZ8x5g9hRE0o/FzP6Tlzt7z66wsm1iTcBCEroIQhAIQhCiEfFt6miYS4UDdjvCazCsxpRc2x4Tfxn7j0nVhxjDiav3dfWRhKp5K8juCCTDN7JzLwAYfsI27Sm8lcvyMKAI1Hp2lOcbc1JoEEX69J5+oFSTlJNhlSuvSK4y1iKVuGKqaEHJrUMOMM4DfWpsWK0FFWaqGbWWNDagaGwCfrPS8nxsKoMYyajWz1nCU55K5cO5nQVyFbcE69d6Ezf1S1hmxq6HIoIIPTapzMWOpnejMiHl9u9f0nNnpjyUV3AlhL6Rj8jJiUrj05bmdg8oMq4r5Mfvc9zPOOs7vExYUUO4LZCbA/aBJ2xqyY7EAb2YtMd6sfST5L2U8VNVBtj9Zg2TI+b48eq1sPWaDh47M2Rvew2Ek4Y1TYSSFX7V2+s5/KP/4kY/8AaAJriyuzHK5NKPZ0kDOfI8g5WGq7HppNLHPXvyDsNTIIIxWO9GdLHH76Pvc0BMnXinFu+8GpVSGYGqK1ceHJjXOCdABrKNZ1PBSGXt6dZzUWcDqTKv6ujys/ykVoAKAmFE6S6Wz/AAiZSLqCAAA1esbEAaazKm0bvGDYrpC4okMRWgEttJIFnSaFLCjqTCUlbiR6CboC1cvrJCe4FtpTEBQ3rpIzWuRHZNLIGsoYcQTeiBZkI9koWo9plkR2sgkjaSopsuPiCjV0a5wslFuwg4YaGINQIlkx0kwoHQ6wAJIA3MGv+GkrQ/pKoAiogdKgFZjoLqEFnlfbrAMQbBonrBgRp/CdPj4MXA5s5tRoq9zFS2SJTiyAgU231nVk8bGnHK558tGQaVcn/JxcOGNQBMcufklde8zz+iS+eGWbEcZ9DtMpo2UsgB1IkAEzTUKXiYI4Y6gdJLKV36xQeTZizFj1iq4RiwPrApE1s7TqxhvjNaAnWc6ZQo41v1m+PlXuPtXaSs9tZZwBtNPCzKG+N9VbQzLMeR9JmppgYM2OvH4/jDyWGVj8Q1UDrOoYMNBsftDbVvPPbkWF7zsQvjAc61qBJYzfXLDMxx5CAdpCZXVGA+1/uWZZ2LZC3eNW0F7StZwhmYmydTvJLFjZNnvOo4UyLd8T3nKwokdpVllBJNA9IWTp2ihDQjhRj4kawFFKv0gTCAm1APSNWK7Q+4VUnbSBb5CxuTJjEDbxvu1+3rLJJN7V/SHhryLDqNprlxm1WxrvJ7Zt5ZBwwJOlTLI3Y2GEMy8W0iXGxXkBYgknlIv9ZTKVF9I+JQ6ivrJZiZVSKjFRCOFaIpb6SiunEC+tyFNAHpHjenIJ0MM8nj8Z31/b/Ob8lxodNtpzB2xsa6yWdjud5LNLLTyF2bk3XaHF9iN9YLquus3Q2i6D23rC24yTDn5e1SDN2wMQMuRrOxA6SsOdiTdjSlkPl+ILxNsbsScs7azXyMi2AQw7EScuVcguqaZHU8opcayeRCEYrrtK0BLQE9LMQHIUBOvF8WPGCdW6wx2rno9pSry9p0/5po4DtePUDeD8NCLCwmszi4E0Q30jxqHVlO41E2GTHiIK+5TuDvBhjw5FyYLZW3U/0lTa5cinG6k7bj1kM3Ik953ZmXLiClK4n9ROT4qbsDI1L8sptjY4xR69IyOOy/rIIJN9IXy9JPBV8JyM45qLGun0M4zkzB/jriWIH8ZP+RkXAcCn+2zcm7kj1gis6/I520XvJJiZ8ury08fF5bY/HN48YF8jfur3fznLzbKxAqt5HAs2/wCpjQDk2tEDT1iFzys7+nWUMjLWNDpvMlPRt+k04e41odh9ZRaeVkQAD7L1HrG2Q42OYknIdVb1mXGmOJtG6fWZty1BkHp5PMx+QuPLjQLlA/vDo0YzeH8qHGjKPuIuwGnlICSApombkZPHZh93Rq1GsYXddvkti8ryBnxrXD/ueomZfH4fkg4n+TFkWwBoRfT9JyePnOJjdlCdZpmGLNh+ZRxycqroRLhzt12t5+NmQZW5jY96nF+Qw4Bk5+NfxtORgw30uHJqqzXaFz6rGMDc69o2PH2gb9ZmGI23lMeQGusGcrNKg9eszPuYESTGoJNKNYMxXMXJLWfSDY3T7gRfeKFxs4ZTyU2vQzfF5eesePI9YlOk58Qfgb+0yq1F7dpKy3z8QgCtak3c58hJ+42xG8Mjs9iqA0AESHGp4vv37RIpWQunSNCWPt+7rLylceI4iAXJBDDtM1LBw2P7h0g9EQASDowlD4zjJJ921TU4lz4myJ7Xxj3A9Zyynk1NfSaKA7cFNabzKKFxv475MecHH9yme343nYFdUxm8r65HP9BPn1dlJKmidDNMCtkyoq3uNZjv0nbycy7H0HjnyMmVvJzLWMniiHp6zbKvy+XxIvFjUGv+ac3neY4xHBgUsw4/3Omnaa4nfF4YzZDWXMQTOOXz49R0lnM8+60bKBlZeP2j9aM5seNm83K57AC9qnT5D48XFsa8myUOc4fPzeTj8hFv2OBt1mpP6tW5OfV3h6nj+Nh8fk4ILsLM5s/l5nytjAoL16zHxvlw5MjZiar+3fUSsWIYry530c3Z/pJk3nli9rnHHKE+TlkV14M+zScfy6jlaJoK6zfyMqZW54/sVa1nMjEYhxGhNzfXmOfb9dc3lPxdip1UxIy5cTseo29Ygp8l3YCwxqD4Xx1jQE1q02w6vE/KeQBiwYvc2P8Ab0np+LWRMrZheV/ca2/SfOYMqYPK5uPabGk7vE/Isodfus6H0nPv/Fzs4dev8mZu468q8mRBomtzy/IADvpp0nqhsL41ydTvPLz5VbJkvVb0munwz2k8xy5AK0HSTgW3BYWs6PgJonSxtE5VF4jcTozvp1eJ52FGOFsXJDsPWej/AJuPEPj8cDjWp6CfO48nFy3UzpXy1UcZzv8AF1t1r8+84jp8rzOeYOT/AHFFAzJfyWYZ8eTI/IIdjMdc7F62kfEB7jL+E+E/K+7Xtj8hifyCxFI69e84/H8zJ4+VnGvKxr6zz/mAam1AmmPMna9bET+OThq9+9y745d3l5uWL410IPImV42d8IOR2ssNpwv5FkkLvvczbPkIsDQSfhE/Ptu668uZr5knXpObLnfJ6AaRj5cqh3+0DSZuygV3mpJ8JbbSXIL5MbqU/lZHFNt0mYxgjSSxJodpci6s0VsnXtHiCa3+kirYCWRRI2qSo6MeJ1HNRYG8rzlxuFzJoaAYTD/NfGjImzaGRj+fOOI2Ez+N3b6a3J+vnf8AogAXvWs9FfMx/GFRfcNPScf+MU+7Wd/hJgVOTUG9ZbjOtkONUs6sZyv5GUkpx9u0vJ5KsaQe5moTXKiopB103iDLD4pV0ZTYI1M4vJBXM1ai50f5T404/wAJKANZbWWanDkdmoEHUTVcyOtONZC1zYHa9JrgVBlNi1msLjn+HI7HgCRNPF8dXy8H0I6TfC5w+Qyj7W2EzzscOc5F2Mi769t8qf4wV01XqJPlZcOXCMmP2uNwJh/mM1KRptM3XiTWx2kz5TOWTGySZeMXjaZmbYlvHQ0JMrV8MLj3m7+LkU3Vgyl8c4yGPURp+UctmO+s2fBTb76zM4yD3lNidWNmFkS1QlqEbY63OsGoFkxkVAEDSJje0ABhWsBNsIT90FuMgLMCtTrrGRoJjkxZGagJNTRiXihY9ZDnm1DpNgr18ZGoix4lXILiGjxkHz8WGm83OdR5HFBS7TLKwx5ARvMSx+SxvcGN8mSnIjfBzx8137TVsON+J9IY2+Mn/b2jU1z+OoVGJ32jrQzTKATS6d5mCVPpBrBeTZB6GXkJuHyBWJElnBFneVUEUtxKxEbNcmF/Voz8kPeZgQuUq3B4SRRnWv2ATHIntB6xq5PFYS8ty1ad5GPLxyn0Bj8jSY4dcmvYyXwvXzGQUk1K+MiyDIBINx2ZVL1j5RQgNmJgGOwihAreLSK4E6wKAEsPx6azO6oxljdwmLZibJ2MyPYbRsxIAMULIrEQrgnYTXLkBShveswgTCWctMTVYlZPuHeYjQgzTlzcHpBZzoqmE0JUV9JkzWf6SkWve+/QQhjEAnNz10EgtqCdQDdS3ZmI7CZtCxqp/uADrFzrKevSThVnyLWg2JlBfcWhLBubPWZdZXOmhV6ws4Fmiq9d5rib48bDqf6zMChQ37xa1CXlS8ny66kzodiiM1+k58TcXuPJkLniNpCzkYWIa+0rMaQV3ixA/wA48xHEA9Tcqe0oORAMpyFsdaNSUHUfpIy3zMLm0xlK8eOnGX4vJi3+0amZAE6AWTtO9cZw4Qte5j7hIXJE58o+Lj1sEziyNya5tnsadxc57iHWCEoLYu4uBraVrSqPi1XRrvOrDjRcalhZPSGQH4mUd/5Saz+XLkmqYMhoke3e5XBAt+sp8jN9p9q6AQW/CuasxUbVrU1wYwcjNexoDsZHj4lZm9AD/Ga41CPkO4NVDKso4qqLtdCcPkmshHWdfk51tW2qcOQl2OTvJNXrOT+U/Hx/jIM1xorj3KfqJunjYF8dsjNbdPT0l2RrZHFRmuJLN9Lq4MymwBpUrCTxI7HSUt4b4axqTx99nU9pLPTi+93D5Ga7+klsRbW6raRj3ytWHPnXX+EZzMWZnPt6CZt7CB16xFhxA3s7SYNDn5OmIf8AUfrEx4kkbg6wTw8xPyIDR2PrLTxnIBJG9Exs+VxylNXIFg6/SbfOfiUVXQTpZExLw9dfWczp7Cy/ben0l8m6aXjHPlXIe6Zr8uTNagt6egg9FRQ1H3TQLkVQ4NFu3aP1CZsrKFJ9u1iJsyY1KJqR1mzYMnxj4vdQ2nKmOgWbe6EaTCxK+RyR+0WTN8K/NgyKbLDWJbTGSgA/3XIXO2MMqbN+7rrGr5dGFGQ0DxZlo/SI+C+Nw9h7FrU5lGYOqsSCT1nZhLq7En211kupdntysmYKcnGlBotNMQsAsNOv0nV8wyqyEWrEWPSc+ZRjvgCFHeNtNPJ8KKeC8RtTbziarPbpNHyFz7txM2YE6SyLI1xigD0lkk58abj0nOHKrXWNXKsGOtSmO3KBxJ2o/wApTpSXXqP0kPkQ4WINipivlNx4bg9TM8s5aguwyFzuxuaLmdbo79Jn61BiPuP8JWmeViWJ7yeJuq17SwU/WNXoljr0BlULjZXB7a/SPJvwXVRIDG7veaADcb9IKQxoADZJO47TQE4zYWx1I6xoCq+3dtxJ5i9faZGd1GQByCNO9zfymVcSovbT/WYMwYDtB2+XXsP5Qvx9BhUuwUfU/QRuv8DMxYJANA6SmYtQ6CVbOSYKD7brpckMRtD6w3hVKwJ9wu9oEEafyk3W0GN63qd4RaqpF9RvG3EEAfbMwxAI7wUEmjIY0Cc241vqD6Tp4WT6CY4iMbWddJZf2k7hoZrPIQesyGgJ/hKA5EesoCyF6yteGvjKczKp6azXziMajGv3HU+gmeJ/gcsNTVVMcuQ5CXJs3rJ7Zzay+sY9YpWgGsrShkrQ7dYsm4FWK0MkoTqNpf2L7tegkOEDjsRrENDGCCPUSJVXuKhqIgxlghhcInlpX6xsBWm41i4HcRENAFNH0iOpgBH9YUoAEkACydhCXgzHDkGQAErtcDv8XA+JbZaZtT6QIKOxeix6DtMx+QdynL7Qfd3MFIfIBf3XX6zPPtzujLi52K9w/pMC/wAftAoTUeS+PIVyfs0Ex8l8bvyx/aenYyxZL4rVXXOCSPeBOdkKmSjlGsTfJTgFeolXxfo59odRCG8NKOg4n6xNsDETcCbgUW5KB1EmKOBd1X84yx4H10kE0YVpCYYystcTtJJJNnUneUVvUfqJJBG+kLMKEIQojijgFmMMQKuVScRV8uvaAXTXaGTBKjQ7zVM4C8cg5L0HYzL7qCCz1k0bo6H1hM1q4QgMDXpKTJwXUWDse0w9IzzC0ft6QZ6dHyKRWX3cjYYHWaZ8aYijgcsLje9ROHWrmhyu+MITdbSn4tmJRgSeWPpUh0BJKHTeplbjfUdZepo37fSDMSgN7X6TQsW5MSF6BZsPjQMcRLLpfLcTI4eYLg+sibqU+MkI5od5kPaxrWtou4MoDTbfrDWYbnl7qr6RnIoCgHXcmQaqusVdYMbHInzhySyir7zbJiRhzT7Tqp/0M5QhK8hKXJkRSp2/2mEs+GmIphZndOakUB2MMWfjk4igr6G5h8j1xvTtJhc+WrEfGcY3BuQHbhxG28ASNv4wHWA/c4onbaSBW80YgUBJrWjAFVSfcaHeaDxw2qtp0uSwTQj+EPkoaQnPom8fIpreaYW+MEVTnQmCZCfUy1VjfLU7mukJbfFUXykqr0wXYHbWPJ4JNuBXoO8p8fJA7Hio2jceQoCixYsQb8KPi14nPmodd1MWPGM3jOWIOZT7VHaZvnxuAuRSrDQkdTEzMa+P2OuzDrIBKAbliYuosgD+ZnETZJ7ztyed5Iycn0cjizDTkJy5cgyEEKFrt1lahC3cCrO0OTJktTRESOyMGU0w2MR1Nncwp82sm994oRQohCEDuw+JhXxz5OduXRUHc953eIEUA40CsRZ71PGDtQS/bdkT2/D8rxebCjaqKb0E599k3yk8znGxyM3kHx9lIH1sy8JDZc2H7vjWgT3nBg8p/K/I/IB7VND6To8fMp8/yuJ9oVrPepjMmf8AbrcvO7/yxvmyAfjCx+7YH1EzVT5T+PmcUqLVf7jObM5/8YmNjqzcv0mnj5gcwblWJF9o7tL858pe25PpNdOccsnxX9u/pOPysz+S4wjTHj0H6dZ04MioG+Q8s2QkiY5+OFObimbQfUxE7eL+oy38YxpqKomHlN8eHFiqiykGdXjquHCgIsvqSfWcP5DJy87imoUASzziWZ1tdXgePiw4DkJ0G8wbIhUuuttRk+VnP+OmFTufdXpONHdD6A6iWS7rF8MPI+8+hkY8jYzY6zbPxYEjec+9Tazw9E+Qn+PWK+b6MD09RMsOMWAda1mfyBFHHedOHGzodKNXceEtc/lZzzpdKmPyWoJ+6a5PGyEnTQaznK0IWYm9ZQ1MmWARUrVem/x+N4oUVzOpnBkz8mpRSycrs2/WRxkkZk+Qw1gjlTY6Rm2Nya7StOz5hlxdn6zFyQtesyUlW0jd2Y+7SoZzl0nMSq4l26zDIaf0jxHW5GU28EnLZbCmZ3qIseQg0donFMakMDOSZS8n1YxUd63lopIqVWdUanpYc+PF44xILyt1nEcYU8m6R4c4TIGrQbSWal+j08qBVUV7iLMyfCqgO516Cc+Hysj53fIY38g5nHpJJnCKwpwb5T/0/Wa+RlJTievWTlJXGO+858uS1F73LkpyWVxQH7hOrxlGQX6azhc6gnrDD5DYn/5esUxbEBm9DAm6reJhqb6m41ADLcpR5LEBMg3GhnVhVPKxlTWo/nMs2Hn47V9y6zlwZmwnQ7yUk2T6NPF8Y5Mjg7JvL8nEQ3FdaFzHFnZSwXdzOlcgWw2rEVJzpd1wcSDrOvH47hQ5NCrEtsaDHZGsWXLyxoi9NJabrXx/ItCNyO8jyebKoTbciTgBxvtY6zVrfIH2VtKiRPly8GalJ16TTHiUsVfQ9JbYmNFR7kMWfkUBqm6QaY+NbDfd0M43vkYU7Xd3Gq+0k7w1JjOtLimwT2m5kRRlaldOLEgTk5FnaacFO0xx/GSOTTqVUCMSdW2EjF1OIe6zsIZs7c+SDQbfpEpHEgdTOwYsWPFbdruS4ntyLlYguRqdLkIh5EmdS5MDIVFSPlxgcQNusQYjD82WhoBvOgeHjWyd+sw5kWU0HeWjsAWJ02jkGQgKADVbVIQg9ZOUgbdZzhyDpKua68g1u5hmIoiS2ViR6TN7JuMJCJuPg0ldTOvEARqJWrw5CKinVkxcj7d5kcDVBsZgzoCgAV1mY8dyLnSmPhRPaE7WIZaFGLCg58j0mpXm/pLGOiR03kZ3hnmoqT1nPhP9z9DN8g1rvMMYIyER6b6eWMOkIXKo6wjgYC6esIXCARSt4oFIoNk9BYlBRpX6zOPW4SwVdmaIBXr1kE7VDWrgVkWzYFXJKMDVQB9ZQyMNpTmJCM2w2mqYqFtv0jx5Bpe8oZByImaltRQJ21EG133EQeyW7mQrEtKYpiSBUhydIixsjpBjdCFka4iVXT6xFgB6mUNEr0qZ5RVQnmgBSt9ZTUGWZSqNB+5hcaNoVHeIisld5LMed/pDI1uCOghJBtBFJNyb0qUho1WsK2xsFBFazLK/J/QaTcJ8lEClGjt3MlsKr7r3NVJvLMs00oX6TDKQ2QkTZweJE5wLYD1lXr8urwcDHIMh2Xb1nX5JCKb0rWWpx40KroqiwfoJxZMozZBr7DqZjzWbzUjEzjk3Ue0TBcRZSRuNJ3kG9umg9Jz3xahsJqLKzTF7gG/WaZeOmP8Acx1+kl3pzXWYqx58tyIXm8u08QhYdBxUTB8vJWB3FCVmNKD6WZgmp16wkntbvyVf4mSm5Er470llAM3ZSNf0lVtgpFIOpNXNf2E1vM8K8cfLqTqZtkYf46lfuY1UlZrz8wPFSdtpOMBlKnprNc2RHxUv1qc4NbbnaJ4anh6GAt8dUACfb9JirKGbETa3NsQZsakD2gUDOFrDHWSRJNtUEYOykRro9ess5GKggXQ1MyL2dNBKvNdI0Wz9Zm+QgaayObNjAMhrFekJIeR267mNWtb6iZGybjQcmAuh1MrWcPSw+Q7Yl93Hjp/HtMVfhzXly5G/1mGVwURV/jNBiXEiWbd9foJnJ92cdCK+RwQaDDW4nRVPAaiLJ5GMclTTgunqTJLcsSuN4jPLE0Cdf0mjZH4jGOuszchmsaGowTQJN1tK03TMMdox1rQiNGx2SBelAHv3nES3OzuTrGjFGBO3WMMd3x46ORxfH9snPjwcS+IDlpQEh8tHQ+w9ZIB5FFNB929JMRPJ3dQw2nR5DU4RNRVkzMYyFIDaLu0pQQjHfTUwWxmj/EbP7t5pzDq2tkzA1xLHW9BIxsRdS4YboefHYmZMps+k3zOMg9QJlxBGsrXVncqxIjhpYNqR33iGhk3C4MWX3HeSWJihBgjB0rvGAD1qCgFgCdIAguaIQho7GAxlTYO/SX8QbS9QI1m0+QayDRGkxLbrkGnQxMGQkfxg2TkKI1HWCRNUdNRLXGzaJuZKKTt+s1GTGq8OJ+pkWk+PiNwa7TK43Iv26ekiUkO73jFVJnRgXA44vud2JoAQt4YnaKjOwYcbuCi1jGik9fWaKeXtUAlTQIk1n8nAEYgkDQaToGOiL0oambcAv2UDuT6yChcksf5QXtrNiCtKOt3GLqgNOsv2qSSPaBX6zP5F+0Cr1uESFKjmNhtHemv1hl8gFQqih1mLOWodoXLW2VhQAPuOpMyXeu+kmWgvbeVcyEQQa7R3pp+s0KEmxr0MyNq2sADVBjrfSIbyiBWkCTX0iqOu8ANahSqANRntAjSA+RCadTAuKkxQYdwij6QCAijEK1wCwewmhFMK0qb4fGKYgzfu1qZuoCkjpqTJvLnby5shJYk7yJtlVSoyKfRhMJW54E1xNY4HY7TKMQXkEUSD0hGxJNxQDSEIoUSlAvWTNVXSx1hKiURqBKZTVyFaruEagDrsZrxVhxYXM1KsVUHpKfMqhgNxoJGeSIwKRaWTp9JQ8nFjUg4VuqBqYZsitx46UNfrILFtTGNSfIZuRuq+kar1aNVXjZ36QUcx69pTSLagdBNmTUcdQR0mTqBYJ9wj+Vhj4jSusHxiWDI3YxMzMbY3KZmcC9wNJNaQsaJkRQKW263NcfkqtK6DiTr3mWMgMqd9zLK4Rk4lqI3J2lZuFkOMv/aXivUGAxh7GLRgNVPf0l5fEIHNGBB1q5zqz43vZhBOZxWxTLjBDgryGqmQp4/SN/Lyu3M6kCgT2jXyidMqhl6VpUGX4DK1njs01XIE8et+X8jI8XycaOwzLyRv5THIw5n4yeHS+0hlvDcJhyryJ4v3O0yyHZRJXKQvA6p2iJBJrQdLgkur48UB6mQOqn9JWRaRWBsNLdFYKceprX6wrJSV0/lOnL8OVUpqcDWY5MgdFUrTr+7uJlqDBm/RTIVNHeUuLkPYbYbiMj2rkJsHQygvw5Abtd7HUQakplxDk6EK2xOxmYudp8hcyDFmY/ChJQdiZifEytjbNjp8ab1uINYtZIAgdPrOgYMRUOmT3Vqp6TuT8N4z4RmbyONreo0uCc8R5F3AXt0jYUxXejVxqLPaFVjX3X0E0bKVsYzvuZmbAIEnkOFAajcwzmtshR1UByaHuB7yT5GQDjyJrYmZEVVRMDoYXGpcMtnVh1guevrMgxG0Rq7gxsMvMEN+hmTLR3iutoyRvBiYRmoQ0IQhAACSANSdhOpfx+TiRkPDJpxQ9Zz4shxZFyLuuonXjz5crDFj92bMfc510Ml30l1on4gMP/1hL6DpfaQ3h+bgdrFhhXIHSp6WNceNeArhh+5v+brB3y+TkGHGo+EEMcnpOc7XfmNcWeOXm+Hh8jBnDEUCNRfSa4cD4Mzux0yAivrO/wAfEmTyD5C64h7FHqJh54oZWY6swXGB2EXttz5iXrMtc/kOcmQYwLCigom3j+IwdTkPt6KJaY8eHL46gf3MimzB1zOEGMctTZ7S+uEk91j5OcYfOLYzrVL9ZH5RsnkeWiJ7qVQANr6x5fF+PKoc+77qm/jkFmdRTDYmWScX4he3mfNdWTJjx+OuNj/fUUw7GeQMeXmS+hbYzpZOQPlM1sWo+secgNio/cJZMZt39nHlYgjEp1U7zs+AcBp7pzY8ZfzeJ7z1hjpqi3EeS+BgzWNQNROZ04ges9fMhGVtNxPLyI16xLpLyjGFbIFbbqZ35c6Jh44j7trnBjQ8u03CBV5HrLYXy2wZj8DBtTMc2LH7WOlyvDdObK5oHaa+ciDxxx6HQyeL+p7xzNjw2EXfcGGUpQFUw3qc/I+2txPS8bGPIHJgKXcy3gvGOAYcra8bHeNcWS64meh5GZfHZMQHt3M18hS+AZMe7aiT8ja8z4nUE1psYY8BLXek6MTvktcn2jcxZvjV+CdRcprlIHM0LIOkh1e7Yayg5Ri3WdCI+ZOZOvSVdYhHC0BqZT+I6iyde06UJ5DkLK6RZ2tiegk1NrkfCUAa7Bkk3RA2nWBzxNWwFzlBpD3jVlDOW+gmg/7diYbmdAYcVQb9ZSmq6WdZDhPk4nSbZVONOQmBD5WsD6yRIrInA8Qfu6zXxsVAknQGZnE3Hk+wmuI1hNdZcL4PIXyuf9o0EyzoVIXqN52YAgx2x2u/rMeJ8jLYGg0kl9H1c/xPkoKLqdWLwlxoHybnpOzD45x0Rpe5mrfCcgRjfGS9iPHyv/dsrQ7Q4/IpI2E6vyODGuVSn2tORsvBDjXcmWeB0YMw4lG7VODJjIah12mpPsBG/WU3FjjI/WWE4c3B0IJG0oObZjvO/M6NjOJV9x69ZK+Lxxg5BqdhC6zQlwitOnxvCDZKbaYEfGw/lPQyZ0wYQ/7mGklZ9j4sCvwB0upj5qDEVZPtvacGPO5Y2dSbnTnyF8Kgm/WTPBfLQZ1XKjdG3l5mx5Dw7aicQN0D0kZWb5RXaWwx1KFQnS7mGai9gVc6PHRjj+Rj9p0Ez8tXGXgi6VZ/WTecJGBIuhM/8dy1V+s6saY8ag5fuOoM2ORGX2jbrFq7jhXAFYXqSanaMHtpt+kjEt5Use0amdObIgXe9Y1N1yABMgvYGHn+SWpVPtqZeRk9/wBZn94oy4sntCOQd5bZT/GSqEGp04/GVsZZthC3GAZiKmvKgFgFFabXUYVS5vpDLLKDVzJd7nVlFqf4zjla6tDW81XGCPrOayZqmUqlSFlBxFX02nZhTjq205EyFmFzrZvYCekJbWb2CeP8YxZFn9Ym8jH21kZMoK0u8Jysa9dto/k0oyFQhbkOT02gUmWm12jbP/CZEGrgq8hC40+Tl6ycf/dP0MRHHrDCQcn6GPTXXy54CEBKpwihdQHVxX0hCADeB11gDUZJOkB2OPESbMYjAJgAIO8bDiSBtGV46wrWjCBACfSSx1MvZiR0En7ms/wgCFV1Op6Qd7bTrvE9DQS/HAL2w22+sH1SEcC60kjQ3OjLmGqjvOcKW1gl+SO8pELH0iCEtU3UFSEHUbwWk3T/APOkyyGzXQbTdl2E5zvUJ1KUxNAdBCqHqZeJTkYL0G8NaZT231MhlAInS6+/+kxzDrDMrNRbAd508MaFb3OhnNj1cVNM7G1PUyF8yNs2VUxBU/3D+UjCGyWxF6/zMgVk4p1JqdpCoCBVYxp6yeE8TGOTipAO/WZnGpFroTIyv8mQsNpSasFY6Ei5ozG+f+3jVFazWpnMDxauhE6MrLyobURf0nJy9wkhHW2agp7gzGjv3mTueRH6S0zABQw+3SMPxTk0yGQDTekrlzYk7wca/WVqfBZMhc2dgKEMYs/SDqFCjuLMvBVMT0hfTZUK2WHqPpF5YI+M1VgXNzkUgcewEjy9ca1qK/hDG8tU48ePQgVIzWWobDaZ4GZ1saVQP0mmW/frotUfrJU9uHKhRvQ7RIpJA7mp1ZsXLc+1NvpNVXH/AI6BRQ+6+pJjW5eFHyAcZCiuPtUes5VT5MgLDQjb1m4CsVGyiyTM8TKMxQfaDY+ghl2Y/FxqLvidz2mOfB49q+1/dUGzWpPRjQnPkzclCjvrM875JrY4/HKcUvkevScmU2a6DrNsS5GBAGnUyh44YkhdUGvaahOK52xEJyU8r3qZhSWCjc6TvHHGVUmgdT6zTFi+YOqqA1lu3ECNWdmHDHixsrjk/T6xHmTyyGzX8BLyE4119zMaST4+Nnd2elUaEHvJ9U+rJPGyZcnxpvVm5oQ+M8SPtFEes6EITk7Gr6jtM14/Iz5bYtqB/SNNYZAQQT+sWwrpNci2Cxkqli+0prM6m+spcb584w4hdnSMjltDDkfFlLJoaqVZm8smV8fJWFa0fqJeLIFZSdQp1Ery8zZ/7jABj91da6znJqFzXU2UsSW0S+RUSW8hjjIH7ibmRf8ApIvSoxJ1aKwCWemw9Y1GgHeY3KDkEH/btC46lx1Y9LmRWibiOdnPbvLyEcQw/WSM5Y5mFEiEbVyNaiCj9ZWyhHVmMpQ/rBpCusZAiqzHXTcwJmoK8QAKPeTwYkKBZM6ceJEIDKTX3GS1m1LuRXAUToWMimx0f4ma+TqwIF4x9rCc5cxEkDZbPeJEGR6JCjuYY8fM9pq+G/t3ENbJw0GFwP7bKFPrObIHxtTG76jUREECr26SfSISDeKEcrRR2f4wigat5DsqpsqiqnZjQYsfJj0/mZ53WdSNkyjgzAKNhJWO0XyK4gBuW0MeTIxyC9l/rBjzZUx/am7esjyLGWgBUMpyZWffYGZ5NwRNOFhlALN1rpE+NlKgjcXDUYRSpMrQm2CySP1vtMZr47cMgJ2O8F8NlHJiDYExz70BoJ1in5MAQoGhnNlTqNukjEvLEbzRfdMx37Rhtb77yt2K6lTv0k6iUddTCr1hERkxgWYyNQIVJijFbHfvERUAga2gI2FVAVaXKxi3EXLSpeDIMbhiILuOx8uT4+IP6zlLtv8AoZsfJxg1xJB6zlZyfTWSMSJJOtbHpFHFK2cIo4DvSAFmKKBRWoqJiuVy7QGuMlgBqe07RjK4wONN3nP4rpjJyNqRsDNf/I5Hb3/bJd3hm7f2U/GiG000M4mFEzpdwx1O8xyrR0g6swxU2N4UavpGNJYewVOkrVZwlBVIJBNiRBKIwSDY3ihCi73jvSu0Qj61CNA2O9bUVv6wYIV5Jen3CZylYpdddxCYkEg2IEkmzvGRFCjke8GYsbY2YRQCEIQohCEAhCEAlKxXY0RtFCAy1m+sGayDVRQAhFEEaHY6xQNmtbEYrYwFOvw8pRXxt9mQV9JylCAD0O0pmsADQjf1hLy1Hjakq18dxPQxYRjts5BQrYF6CeUrsGE9Px8iOGOQciF1TqRCWfLiy+OGDZcNlAbI7CYXpc1GUBmUWqsdu0zyKRtqvcQsSCavrAVrfWKwDCrBI6QoZrOnaKKEBwhFCiOKEBxRxQCOKEAmvj528dzkT7qIB7XM4KAWAO16wPY8TD5GfAqEFPHbXI/VjOnzsw8bx/iU8XalUD/bOLP+WPIY8WmJAFUfTrDx3f8AJfkUyOPZjFt/0zll83ieSWScbvy7vHf4PD9/t4G5weLfl+U+TKbCkkDpOj8lnT4ciDQsQy/8Jy/j82Px0bI+rNoFiTi32WzieovAT5Hns3QaAdhO9PITD5Q8dPtq2JnnfjeTea1DRrv0mXk5h/lMw71L+POfRPW/V04eWbyCWa+BOvpLVz8eSjYANGY+FlGPHmxj/uZNAewnV4+ML4THvan6y7jOMAQ344VvdycjBsmHuN5tjBCLhYVjXW5w5mUZm47LtLKjTBkH+cWugNSfQT2MeRHUPeh2nzS8ixPfebny8qlUBoCgJO3XV8V7Hk5VVgLF37hPNz0ufiu24ibkbyMeusyLcsjH00jrMTzUOx5FhIORyKJ0mqoWJJ2kslKdJpVYcd3W86LY4yjjScuDLwav4GdYyF3VK3ipfLBPFZwzdF29Z3If8fxwo0LGyTKxq+FC3GyToJzZTkzPR0A6TO6msfNYu4a+XqJthzlcQTeY51THSJq5lqOBHMamaxbzI1asOJX/AN+9zFcGXJkXJ+1tLj45fJ8i2v4k/gBOj5RgxjTQXx/WTx+qOdvFxh/edGO80VRhWgeQ6Gc6uWbU6EzcuLAXaOS6MTEsxI32mPlPxpRud5scpxKDW8y8vg/Fx9DHsnlGJ2Vd995Q8MsebHji6tOdXo0dp6C//iMQxg+1RyP6S1eZWQ8TDiBd3tekfx4kxB6t2Og9JkMjZ3CH7V2nU7KOCbhjp+kJbfY8t+OHCoWix1izWuP2AADcw8t1Jxf8p2kPkvGxOl6RF+FcC2Ou4kcCg4zRHK4OXUCZYX5li0oxTIwDAbT0/wASEfGSdTe083HRdgdus9DwM2HG/Bdq1PrM9vC+3X5ucY09v3dJ5Qy+/jdk63OvysozGhqO88vLa5NNDHWF5ruzf3sXAbjaeeEYE89CJ2eNkpNd+85vKflkJHWVOvwkPrUvEC+QKOswE7vBfCisz/d0ltW8OjHhQZO/aVkdQAT0NCZHyFTDzu25TPn8uF3J2MkZN6bKL+s5fL8k5SFH2ppH5LH2kHcTnMrXWe1K1GblzwnOs0Jqh0gsWrmqM0xIHcAmY0RqJphYhxW8VmuxnCoVG46SPFytkyEvqSK1mmVAgBP3NvOTkcbFV3uZwnhbcmy8WHtvebL4/Dl6SvjsXetTL5tOMqOgvQBA12Mw8kURWxErERWpkeU6lb6iTOSeXDlNn0ESNWsTG5IJE06Zw68S2eR2mlmivQxYsi/EL3gWB1kYYDIUbi2wMtDYdu+ok+QUKgj7pkrkCh1hc2a1bL7K6zm6yibMUrU4NBZlOKIEgGjcdljB7aYQOdTsZQ2Mm9pxcSlNesPmyai9DIzZt2KZVomRyEgsdopWsdf+SvAKZk+UHaZEG4BTesE6xsuqWZnya9DDn7eMiCRp7mMeIU5+hlJqmn6mGFGbIQBJfC9fLCG0UcoICEUKogiBIiuEIIDfWEALgFnaMMRtFCBRY7GUzAla/WLQjbWDLQuEMtTkdxEmn6ya3MtehgJwP1jBKqDGiBvc20NCSOghPoaJoS/XaaKvUjTtIXJbIe12I2yHQD1kS6GILUI+VUTrM0U/UzUqDSjbrKVL5KAI6zLrcbbtWw2iH232hZwbC15dt5r4jBeZPpMVO4khiNpFzixuc550e+8jIwJNbTKEp+KkPFridixsxSxjYi+kL9RhJXICN+k6cxYIBerdu0jHjXGvI7nrNLDLrqasSMW8udV93pGQQC3aaY7K12k5fav1g3lgWJ3+sBt69IoDaVsDU69YNvFCAxoRc6MeM5r4Cz+0d5z7zvxOvji604EV/wAxElON5cucD5NOmh+o3mnitjDAMnIXr3mTUQH3Lb/WdHjICdxqLEVm+Gq+OebFdVHu+kWdGyYwvXXiI/kGNhx1A1PrNhjc4vkJ4ke4elxrLn8UDhwPtI6mSVY5eP8A8YOvrN28ZitnZtT3EyAYZApFUKo9vWRc9qyZkAZFHNqII6fWTmx14+JwQPk04j9td5ljYXl/3D7f0lN7sLE7lhx/1lPo1UBOIqwvuvvUjyryZ/nxDj8l8lGwlDIqYxy1041LZ/7aKg9vQ9R9ZnabxjmxBCxx5mIXfTeX/j4deLEk3Q7dpopwq5Zk5ldCekhWRmJGhHSW34NaKuVFVGGii/0MjNmH2r9x1MH5vZ5e2tLOuk5MgIcVr6xISbTLPkZRvxnR8nxLxU3y3P8ApOfkQp47E0xksbGp+gmsXG3M5Mij/brAOTlOtgG/rElIpJ3ImdkYuW3M6SDpwH/IbgzcUUFmPosnE/yZmbpsAZCsMAKnUsmnoWmWq4wwO51jDJjryXwPoZkQeNrMjldyo7bzpx5VVVQje7McpmMSCBexgjEPyOorWW5HEka6yUIPJulSicn7lO28zybj6CUdbPYSDsLhqFuPUQ6QENoUoQhCmJ0EhsJ9JzykJF9jvDNiRcBZNCOrIAjK1CrRFG+plBNzM1fj0szUDl7mP/TIzdQUsWRqZQQLSjc9YfICQF1A1JjX7073Byaq4bioJJ0sTQ80Qqd+ommO0f6WIn46kjTvIzrHFlcCjqvaD4EcNkxkCteH/CQWTkQhr6x8qI0/WVW2A4/hyKRbiuJmijHVswB3ozkTKEynkLXrDyMinIOO1b94Mtoz0rmtQdZga6Si7EafrJo/r2hqcFCbYqQMSLNUD2guNSpY2ew9ZV1jGqljQnRkwPhRGr2tvpdToXwmzsp8ZlRq2Y0D9DJqb6ntxKgYe0gkd9JS8lQ6frLcIGZM44ZF0Nd5PFQaVuQO8Jow5jjU99xGGDIWJ13/AFmbpQJm3iriDFcw0IuDjyS5WChcQIvRvrG6OdSRtrc3GXx2xMv2EEgV0racv9xxzIJG195J9kZ1R1i49TLC2dTQhajbWaa1mRUvCvJ6g2o0l+KCMo+kFvD1MGMDD+lHtrObP44RQQCL/hO6sePDydqFafWYHKjpwU2pF1MS8sWvHOhMBLzoUyFTIm3ScxagEe7abLhtd79RME7TVLUg8qA3hmk2JwSQPaBvMwSTfaeijmwHXkD1HaV/hY84BQcC11JbiTs8o94Ts8nwV8ZOXycmIsitJyKAT7tBEutyhF5H06xuNf6R2dkjbWpU3lnRlKpPTQSgDfpGXCigbg0cQNTIYjp1gz3JhZCjhFCnC4AxmoRMIRwpQjigEIQgVyNcekouWUA7jrImirpcM1IFwYm9NhKFD3bjrE9VawewLJsjT0ksFvQ6esXI1V6RXC4IQhCiOzd9YoQGx5G9pXtJoHSt5EITGiUfu+3v6yGAGxuKzt3hBhxQjhShCOAQihAI4oQHACEAdIQzpoIFfaDvAilB7y8LorVkFod63gZylXTkdoMAX4rt3jd/bxG0BuKo9DqIUQdeo0lIFZ1QmxUTOWOuyaAQiDobmodxxZTVagyHBoMBoesvBkwhWTOCVI9pHQwNFxJ5OPJlLccqiwtfdJ8TMuN6y6420YTFMpxtyU7GGVgzll2OsGeno58H45Awfk5YXjdP9RPPy4jiPtJKkb1UePyXxkEa13ifMXcvf3bgwcs4ptlOAqDjtW/cJjCwRxRwoijhRq4QRQhCiOKEBwhCAp6H4/8AIL4eDIFFux1PpPPlKpIJ6DeSyWZUavlfO1v3mgxlnKAarMsHucA7T0CP7jEaDjbESXhGviYhgwnPqWIJNTy3bnmZt1u52Hyb8UYE0W9T3nMEux3km86tszIgZbyg3xHWdK+eFxfEAa5cjM8Hjcm5OPYN4s2FWYti+0bDvNZEbZfJdirft3IHacmQliW2szryYhj8RWr3ORZ7TFwvE13AiRGQagBUk+5uRltx5FTsOsVqbrYSq3Ql147i7jVFBLEaGZ+Pl4qwr7us3zf2wtbnWT2yQUr7thtrKLYx4746t2I4mYvlZsY9N4kyMWUVqOsmHKRiKg3uNZ2fjciLkLOORI0mw8cPjyH91Tz8eRsJ4jQk0Y3dhlzXslwXN6CtBOcfGhdjuBaiaZcOq8daG/eQ+O8TBvu6GZmRb1uuJMag/MdW6CN8t5AW3EeVSmMX+k53cmj1nRmcvQ8fLjKst6tOTzMobN8Y+1dB9ZijFQSNxMwxZ7Mmc61J5dGDEX02E6sOFUNt3qLxxaBuk1zMEw8hveklZ0eScSOMTAGxyE4cwXQr9vaT5eU5Mq5PSjIRwd4k4XPaMlWKmuB2QGuoqZllGhlq6gEmVb4Zrk4cq3M38O8mUBjfGyJzNRJm3itwyA/pB2nDsyBcvkKqahd5PlIPm+IfrBsuPChVDeRjvL8bE2XNzf8AjIynKCiKB2mHj/a3edXkMDl49Bpc4WyfGzLtYllX6NMXHi56ycXJFZgNTtJwguePedGUqntXZZRz4/IZdDKKlveZmyF8p49dZuaCcRtWkYt88IxuPjYdZg+rRpoalnHX0g8VlUpAToIytC4YTTGF9LI5kIDoJYDICBsd4/FxMXLVpN/IQLiLRrPvHnsSxo9Jv4nijO3uNKJzk21zfxMoXKAxpBqYrV3OHU3gouQqutC5nk8WmF9pt4nk/L5Ds329IuZzZj2uhMzWLs1l8BHTfaaY8ATKpP1mnlngUUdBM8uYB0I6CaRplzozG9gaExwhPkLHqd5z5Gtj6zW6Va6SYrqzL8Pvv2nScDPqam3lZ+Xjql63rONbMRZONb/OR9ZnkzFj6REaeskqavvKskSTFAioQ0pXI0lu50A+szAlot6mEuJNneKWw0+kzMLBcYilohJ1GkFUMV9Z0+L4iE+41Iw4i2vadJBQELJWLWfk4MYFg7TjIA0E1ynIG11EwJ1ieF6jjKRLaIEmaotamVbUHf6RVyah1lMhux1iUENcgs+M1XMvjo0Zs2di1XrJ4WbJhJb7UlVxE6/FAGSvQzmTGB7pthY/L/0mO3het5jzoQhK0IRRwCoQhCCEIQKUgQBDGjuZMFNG4MWSRQlZfsF9TMrJNxs3LfpCZ4UtFGiUk+3uYK1AjvKxC2vtB8tGIUV+gmRanMtvcT6bQXxM2RBkUe1jQP0hJk8sbnQmLgtvudpi6jHk4g3x6y8uXmR6VUVbzmNqoEdd4v6VpIfkTyrQ9JPNuvTaRnCPpLT3Xp9RIL3rBepG/SVfSXFMa2kS29YjV6Q1ChGRGv3j6wOhPHUL7vu0JHaWtG1r0mXzjkSeo/pJTOfd33kYy1YPJWXrtDERyHI1J8Y8nYn6yHb3mv1gz03OVFJA6zLM/Nyo+0bTI6zXHhJGh16+kYuScsyNIuk2bHQmTG27CVZUQjar02mvj4y7jTQ6QutPESj8h1rUzTKUyuzg9boy/Ix/DjGMbjVh6mYUQNe0M2sH0JA2uX41nKo6dZmx1M6PEFK79NpFvht4lO5B0OtmdbsHYYVb2A6t6CcF/G4VdgLP1M6kPFCq1z3PoLmaxWubJhXIrB+RX9vQzLIUy+QSugoEnuTMgCzMQKUGj6maeOMeMlsje86cYka3jP3cxRRkyUbqzB2/s4wdBR/jHkAGVyoq706UZkdkB2G4mkg5/wBtca/cSSxlL5BClNx3/wBJg4Kt9dvpJB/hGNZrux5Vog6A7eplHGVLE0NLb/hMsDYWCKFNr/WaZSmuPresz7ZsSy2nA6KevrOR7UkXr1nacYYqGbiDU586Ir0DYrf1mpVlZFz8YQbA2frEI+BI+sVVK0pmJUDtdzXEvyDnk+xBoPpOc6/WbPk4oMQ6DU/WRL9E58nyZC40BqPPjKMqkEaAj1B6zrxePjbxlxEBs7sAi3rrrrOPyMz5XAY3wHEfQSr9GmFOKl2H0kFhzPLQdI2zMcQUDTqfpMTvrJEk+Wnye0gdTqJd8VN7VtMUIVgx6Rs5eUwAiqiatB6SkX3UTJolqG8L7KG+k0YAmsg4MNDQkunEgBg16giBEI6vbpFCiMaQAgYRS7xE3rACBgImBMNJWMMzgKLJ2EDpTxUGNSxId9arYTEqy5AGFC6E3NrWTM9sDQUQRly5AWW769pnaxtV47F8jKutbtDyCB7AdBqfrNkGFHcqOONjsNaM5PJPFmG9nT6RE9ucnUy1JqxuJlGrFTpNOli3pveBXcRcbjyG6I2gD/OE9A0hoH9ZriwZM7eyq6kzHjYm+EbKDpufrJUrdfHTCGV7J7CHjtQLaUSauUjjqbPX6SOYXkR9VkZdSn5BXHVhRHp6TLLiGDAHu8fLXuJOcLkUIrURqCN7MxVfLP8A+Ff7WF3vJz8mRGTylINICejEWameBS+Sl0J/hAeO5cqBaru22k1wrkP20Md1dTX6NcScG2MqCV93+k6U+F0O21X1j8VAFKcqHKy3+kWXx/7T8Nz9pG0iObKcWNtFvWj9R3mbeQy2E0Q/s6KfSLJiyFiWIBJ79ZmUarsHvLkWSDkWNmWiCrMnGNDNekpahjpNfCKDIzOaAEw7ySdNJFz06PJ8ts4UbAdJljdhoDUzlIR10jDOFZ3DkHqBRmcrJ90kSrPCllsfbMgZeUihXWEvmO/GVagxo17R0nNn8nMrtjDe1Tp6TBsjMAL2kkkkk7mTEnX5W+bJkFM1yVBY1EFJNCbBQv6yreEstDTpEACR3ml2aMzJ10kIT2D9JMre73kyrBCEIBCKEKdRR9IQhQjqFQpQjigEIQgErk1VekmECgamiDvsZjHZhLFZcfxnuDqJEZJO5uKAQhCFEIQgEIQgEIQgNdTRNCKEIFEggUNRvJjViu3XSKEOKOEKANzFCECgLEApGh+kQYgFehhZqoQ25D2np0iFDU/pHubO3WDLxat/WAib+sASAR3h0hChWKkMNxqJpmyjM3PiEata2J7zOEGNMbkKy7qdxMyCDrFKL2vEj6HrCFC9KihCiEIQCEIQCOKEAj1H6wigEIQgEIQgEIQgOMMQpUbHeTCB0+J8aBsmQ1Ww7mdHjZBk5sxrnpx9J501xZjiVgPubQHtM2an6Nc+RAxVBQQ0Ilye67nNZO+86/G8csyr+4/yEuJXRzyMqYwPa33VNlw40Y8mAJ2BkpiPF1Q2ybfpKZOSvkyAk8dJKfDLN5WN8WTFvx1H1E4FybA99ZvlxfHi+Xq2nGcksi4pmtiRA6D6wxjW9/SdGFUJb5BagaypbjXwvjGIs4BrYTHLnLMwr6Qrjqui9BKXDzLPXtAk96ms8fEpqaNz0cOLxnT+2bcAcpwDxyxBH27meh+OwKjZOO3G5O1+pOfrrX8d5GIDOMhACmhc5c+H5WbINF1IPepzYvGy5/I4XxDt7vpPS83Jhw4DjRgeAAA795i8dvrW5N656i1Zl8YO26gE32MEbmCWNL+0zF/Lw5v7ePRPjF/+oTnrI4BDexess62lskyc/J/kGVnVcZtV0P1nE4oidQxFvcNr3k+RiAYHtuJuccOeuY3ZHeZiw3rN+OtnbpNcGEZCNP1lXXX4bhsVEagVMPNy0Bj26zrUeMgAU/3BuO88zzWvOT06TM8pJyjIBQ7zGWzE7yJpqAmUDa0ZMY1FdYUGUrDY/wAZEIGiaOC07fHzO7Eroo0E86zO7w3CYjy66iSs9oryPZqd95wM3JiZt5OZsj+g0j8Tx/lJJ2G8QnE2tPCIUlm2AkvbFmPXWalRqF22mGRqFHcSozRyp+s1XkSeo6zMYy4BHTUzrxMoHIbEUYW45+AD10g+T9o6TTIpu6q5iyizUCXckVFjPEmJohC5w9TwnUeORfvY/wAoeeQmDgNSZzeGjA8zsNpXlE1qb1kzln246gLBhOzwPFOdySNFltxq1jhLJrOvwwGDP1U3DycAw6HrOz8ZgUYSzbGZt41i8vOzNkZiW6nSS+PISv0nqnHhZmJGgGkzbgMPLSwdIlHmZcDqvIy8YLYtek2yMtdx2nK+XharsZo88M81F6GwiRW6RKfdN8QABMNW5D/cFreW6oKFCUgDEGGccQresM6yzYEWm6GP/CHxjIDoZu+P5PHJ61YmGDyR8ZxP+khtxjnxfHRBsGZqxEv3ZNO01TxuJt/4RrW5OUKCwo6zFlKmjO/HwQ2NZz5kOR7EEvKsGFTj5Hc7TVVUArWveNU+PALkY8lsRIz8rUcMZYRrm6nbrJynjjK940xDjp21lox8rKrkcJiuIsRfWPPj45Pb12m+LE+jNp6RPDW5ODxeOAdf4xZyqkBRoJ0jGxF/wnNlWjrKzLyQBI1kP7dZXye2pNF994VnjBZrmjR8CmneaLiLQtphv7Y0lePRyWf9pgV4CT45vL+hkvg6+Y4YAQhcrQgIo4ADRuWEfIbA0kTfHm4L6DQfrCX6MmShcmpsFsWdugiyINFG+5MErKErhR12kwogYS8QX5F5/besCDY3m+IEJfePJ8eXLX2hRQPea5CuNgqjRQDDN7cRWDxwoGTP9g/b3kN5xVPixilF0JGR2dG42VnPUJJvN+xu5dix3MrAFL2+w6TMmNTVw1nGOr5FFk9Dt6TFmBX9dJmzEm+8WpFSJOuKHaWvtu9uknjQ9TK/Z9DKtQ5syesZ3i6wouPSNEOTIEXc/wCkkCzUBnWHEwA39Ja6gCAkPEE9TpJ62ZppoJJA5kHQCRNNU5MOOx3nUirjQ493br6R+PjATnXtO8TMNLFXpcM28s2xgq2SzQq5llVd0Ok6BkRTrqhFEDvOZtNtpViWWgD/ABnd4dohetPu/hObD7yF6nrOhmKgIu2xhO19Jyvz5Ox9xmd6fURuVBAXaZlqH0gjE7zu8Y4k8dQ2pYksO1ThOpvvLVcnHTYyWNXmNMroxLGxeoEpPkCtqf7g4n6XcWPDwcNnB20TqT0lqMzO3IcboAQl+jXGSoVAPtFzF8rMQa1ub4s3Et8gpkHEjvIV1ANKGZgQPSIyTZlyWtUaoH1koxahXu2P6SMmN1Xl0I1MrC1Y+Q3Gn6QuJ8hVGYAaCtoYPHTM9FuKDcx5uTsHonSpSr8aDuTqIv0WXiNT4qYfsNvMmxsL7kbyky+/Iv73P3HoBL5fJx4jTX3GZ5nlm6xdX4jIzUBVfUTN0JAJO+03CDMrIT7h7v4TILQ4nXjNRdJQeQqBxISVB925g3UA0BIIai9/WFXjQDl36SXQn3AfUy8b2Cx/aNTFiLlGc/8AbX+sHLTxS3J8x1KrQ/XSYHEBko6KdRKyOWRSugGhA7wxrztm0CC4OWjcEbg32jYTnbjem06Tg+UBw98u8xbDxNE6xsJjM60BHpsBr1lUoIqXmqgVoGF1jqN4ozRHrAijKoJJ3NwgdoXpANOkUekRMAgKvWKEKonSImzcUIDAl/bRGhg4Oh2uAByMoHU1CKTEXUsWoCb43KKQh4r1PeUyroq/Ymg9TMnsmh9q6mRjdWS60QdG1lP4/JflIsCifpMcpPFS251AEMOVqOInRowzjUtjXV29oP2iYirEt2YEodgZnK3NWxuF6AQUXpLxYmd+I1IhDVTdbzsw+MUUMdzv6SsGBMeOjXNteXb0hmyhRSt9QJm3eIxanOVxKFUCzqTMmyEoo0rZe4mbkkizvM+Z0TsdDLiyOjGDqwH2akGWvl48WTkBzG4XavQzmx5SpYDZhRkqvvo6CMhjpPltlD+0KW0obVNfCUHCbHuvac2PHeTiOs3QnE9ft7wVrmQIrBTbEWQO8xx+Uqpjx7g0DLxv7r3L2SetSc2PEf8AuKARqCp1kue0cedh8rqv2XoJkSTvOn/HwEWc1WLXT+U53Tie46ESzG5nhSMACDuYmc3S7bSYpVxpyCiusi4o4JCjijhRFHCj2gKEfE1cdHrCJlqqkWYAgbDWBYkVAvkoGmwktlJMiKDF87IPaK+vrFFBjRujCQd4A1CAQhGBAUJYAG+0g+kEp1pDpAHp0jGogIaxirAiXfWGzQHW46Rcf/pC6JMokMum/aERFHdxQ0IbwhAdERR3CAoQhAIQhAIQhAIQhAIQhAIQhAIQjVSxoakwFCX8eS+PE32mi+LlZQQp31uE/KfLCE6c/hPhAYOuQHfjuJz0e0EspQlFHAsggHrFxbShdwulHAAk0BrLGDJdFSITYzjljGSaOhlZMHxmi1neDYyjCOwLKpIG5HSdK+FeIZC1gi9I1xZEx88WoO4EJezkII3FRTrfPzx1kFt/Sc7Jra7QsvyiEriZMKIQhAIQhAIQhAI4QgEUIQCEIQHFHFAIQhAIQhA1w4TkNgXXSeti8c4F5t9xH8J5eHy8mEAY9O5nZiyHLkTEGsD35WMzdYv1dnjeK6MzMfuGw7ScufHjVr7EKO5mB8x2zOceq6gfSYLhyZipYGhJJfZqc/HklEnS2HrMnwFgcmMUvadzhMWRW0Y17h2izM2dvaOKAUANJrSXHBhxZX+0GjoTNuJTIMK6j9x9Z14FZGGFTyH7q7yM6gNWLVgfcY9lZZ8fBeAFk9ZPylfFFGmDUR6R5vJORQCNjvMfu58thA1XyQi0f3C77Gaocjjn8nAVqB1nE6DQrsZ1+Jk8ZE//ABClyTSgSdvCyR3eL4ahflZuTHWwdh6zDysGHOSVBVh07z1eOLH43FfYn3WZ4/zX5Wh9hNA9Jy6bbb8Nd86yYzTA3PiBRQazZcJ4LjGutmp1ZuKKUSrIFkTYLjwoGPWdPycmLf2koCyBqJ52Unlbbmd/kZQGYjZhpOLNRoekvX6lvpWHD/kDgNCp1+k9RExYsRoAcRqZy/isJYO53IoS/O8zFgxnCh5MRTydrzkXrxynHhTOjsRxcglTPGcsH4vuDU9dPKx/468T710P0nl+ZrlLDYyynXyzq9JLLULMYpt5poukFIBsxsK0kioVbDk/tgcZG8XKjpAve8HJ48fI30m7NWgmAyEChAuSQe0JZQ/3adZ6Xj41w+MORpsmv6Tg8bC2bKB+0akzvzK2Q8V2TQESaz2viM8jIr8F/jMXxNlviNprkxhXsG9J2+OgChq9p3gjlTxguEBzTNMQpxEqek6srE5Dk2UGlHpOPycxOWu0q/QeRmLBdKAFTmDay3bkpmQNQ0DrNMGJs2Vca9TrM5r42f4HLAakUILucPUZcSDimybzi8kizfeZJ5BAYf7jcedi5J6dpGM5ZDUmel+OzrjXif3dp5ZsT0/BxJi8c58276JcdvC9lZFPkZSegmzZGx41xIaHX1mlJjw8zpymHjj5GDHUbVJMZ5+5Y8mRmYEaQ8tWXEoHe5WRwuXiukz8jyLZVP295fgxyZCamD6zszqOC1OR1l1erPabo2kwIlIeneGq7ceVMYHLY7R+W6/GCNjOTKDSr2lu3Lxwp+4GRnPDXH5P9hkPbScuNCWE0XGfjrqZaqEArcSm5uNAEQA7GNwWFg2JLIHFjeVjJUcZGUVQvpHaheUeVCwAWA8ZzQvbWFGdm+EGcuO+QInT5T2gStRMcAuoiz/FplskHpB8/EUOseY6hRMmUlvrArD7zzbYTZ/Is9lEzBCJxOk53cnQbQSa628wjHxG05jkZzZiCkjWBUDSMWSAamUGrbeILDbaUdGJefufp0jyZ1xar1nKMrCxcMmoBkTOeVnMXGs18Rhz1nHZEvC5VorU68s4RxSqK0hNA6lQjaV1iXFYLXoITflM0xIG3NDoO8jYGpfAgqt6k3cFblQEVidb2kDHblm2uRkNADfjLXJy32hjnyM67GqBgEU4+NW3eD5TkXi2igyWycT7dqhZuYEwXZ2A0NyWC7do/kJ16dRA1R79IXneQvAEE9NY8mVspvvJosQpgyMl9toPbVWxjEwJ9x0E5jEd4QsmfuIQgYUpvhx2Cx2ExE3OVRjVV3G8J230ZXSj11EzJ9sb5NaGw2kfthJCO8Q1MZiENKSw1jpN8WFS78jR4kr/AOrtMlA3lsdL6wlrEaNr+sYPG/5SWNmNhRHrCrVHeq6neb4/G1t9SOk6UxomNFXXS4sm4Ox0EzrnexM+lDTpU581lfpLdvdM3NmaIzFgVIbqJZMgw3HT4iAIch3uhLFgsR/D0nLjzFF4+tzbmx55BoDsJM5Zsus3JILSLBEbfYfWZytSAxhiCD2kwhp0L5DHMMr6+npN0y8f7mTVT/8AkTi2lPmLY0x7BZMYvXXUHXIh5DUmzKYAn2aACxMGIUADrVTQlrRV3A1P1hms2e1YE3roJKsUQqv7tDNGxty4VX+095i1qxU61oZWo18jNTriX7MQA+p6yzlXKqk6Fd/WcpBJN9dYElRXeTDGjt7iV/due02OcLhGJNf905Vat5omUYztZPWKWNcSsGVuraySCS/HYHeb43LAh6BA5ASVy8lLACgSBJrLJsZZOVVM9eBE6RkbkOQsEVU5mqrHeaiyp3Wh13/SUXIxDFsDqfrHjUNQJoSWTUga8f6Q0iyB/WaBr9o6ijEyirk7EQeW+Z1RFxodd9IkYZL5bgRsionIm2bczFdGJB0EynpWMM+dVG5NSs+RDSIPtsE94/G0cOfWphfuJl9r7/QCUx1v0kjrCVTBAGu8CBX1hVyaN1AZWhFUZUiA1NVAOFw+N+guVfHSaY8gBAAtjt2kTawKsNxVzRcD2OQoS21yFfuyMdxsPpNSuoS701jUvZl8DM4JNJ3M0K4lUgNv16zLEvNjZ0XQCdA4AsgXYaxS1PNDitBSoKs9TMCSKW9WOs1yENiToo/mZiK+SyYhDynlk9BIVqYHtKYjU9TpMxKsa5VDDmv6zKa4iCCpkMAGoQTjgCb4lIAsj3HUDepITmNPbU3w4kCAn9upbvJalrbljA4DZdSPSYtTAsNukWTMQtIPc+l+keQFcSrte8kjLmyP0mYGsbbmB6ETTcUuhm9KVLitKFSVxjIhINGr/WGIW1HcyM1SsV93brNWogAHQi2kuAF9NZlizKqMv79gZU8+GuJ9z12WY5ub5CV1ANCUvBMbsTqNvqZm+YC1T7TTA9Q0iycocOBX7bsDtM5TOWYsdzvJlbghCEKIQjgKOEUCl1NdZfr0Gkyj5Gq6QmKA2jK66wXVr6CMe4kwiAI6qVj2MTbiDUEUYpTimkw1BCEIDihGASaG5hBNAFA9Zonjj9517Swi3qNe0jN7RzcTJqp0uADfTrMHAvSVZUSlOsmENGTRl0GGm8zhCYDppCBswhRCEIBCEIBCEIBCEIBCEIBCEIBCEIDihHAUYBOwubY/EysvyMCqDqZSggH4+ghm9oxGJttiekBxB1skdpeMEtprkPTtEVF6aknUQa1HkkEGqIjfJkzG1Ygb1MiGJJrQRgDhd03aEyLA+Nhes6MbJy4IPu2HrONy9e46iGPMUdXGtdISzXUWLEhx+kEzrhbiqAEiiYs+TG4ObECpO6esn+3kVSp/udQZUUyBAtCixuxrNhmUg/I1kbTIBlccxQJqafFidmViFZdr6yIEIyZgcf3eu0zy5DyZcmMXtc3y+FYUYXAfc2dJw5fkx5DjyGyOsLI6Mfkqg+MLpXWCMx5e4LewmXNFx8KvIevpHjZACb9694GhxY6vKRyJogRMnjgcdeQ2YHSc+XKC/t+3tJBJs7VC5fltkC8bXXpUgYkK6Cj3lBLxjIuo2K9ZJyMuim16iU/Qm8cUKOp3iy+K2OtQbF6TVc60SRXabpkxNj5MQQNYPysebRhU2zujNyx/qJmCd5G9TR3ilX0O0At7QamEZBG4ihRCEIBCEIBCEIDihCAQhCB1eNgxMl5LLsaxqJ0tjXxWPjoLyOPeew7ThwZ3w5FyLuu06vGPIZfKzHY6nvfaZu/sx2ldSsvj8VVRyIu5JOdiQzcQNdJhgZ/IznJXtG3oJtkb2ZGBvShKz9F41xcFZhZY7mJQvyOu4B9pmh8cDxcZY++rA+saYVDop15aybDUg8cbfGNepixBFK9Q4lkchk4CgAQJyozL8YPeWUcrDi7KejSlojIehEeYF/IfiL1nT4/hgWcxCodPWLVcgU/HXadfiJjVSMlaa2ZaeNixsba1/aekTFGB+MX0HrM3niBZPJy+QGQf9oaCc2MNe1gT1sOFcWEJkHubcfWZnw8aZSeg106RMnGG75ebkbKclAkTtfyiyrY0AF/pMfjcZC7C1JmbErzxnRjqBLkL9Cz5+ahhp7qqUjLmyhR6AziJta7GPE5TIrdjLi3q+g+VPF8YstWugE8DMzZHbId2NmdflZGegDodaEw4jjUnWZz8krIOQRUvK3LEO/eZldLgCaqVc9p6RRxCVVakWYqh9IXAIo4qgAgTACNhA6vG8pMWIqR7id50f5Q4sF/d1nmTs8THkYVW8mRmyTlqo5kDcztyn4vGVBqSaMXj+PxYXuY/KHHx8gG6a3JqRyZmCkpfrOTKw39Jr5N8Uy9GE5n2BmtJEk2DJjuKGwIQhCrwpzyKPWdORADxmXgi84mnkNeRivSGL5YkA5FT1oz0fOVvjxoDSYxoJ52Icsq33szu8ot5OQY8d8Fmb5iXz+zJcuTKqoTYGgE6Xb4cahd5BVcChFNsYmNqSx1E1iDEfc7ZDbVYmGZf7K5e5IMbnivM7MNJnmzXgTENgbMN9fe/BrlZkUHYQyqCtjeTi1WaEWkYz7ct6UYLoRBxxYiNBcNenR7dCYib1raY2bqUT7aEM405agmWrAmpliIbQy+OukJVLYev2zV1Ci+kgHSJm0I6Qi2BYcgdOkRd1G8hHoceg2mhoqNYGL24N7xYQUBvebe0DXpMWyKB9JF+imJJsxFwBfWZHLYi53vKuJfIWiQgNrtBqJ0iIhv03Z1IsaARL7jy6TEGbDKKCiGbMMawrQ1BgQNIKwUayIxYEGDNpLeibmZ1MrRDWdvi4cRYcj0ucUvETy36SXwucxELgRrpCtJQpQY1V6S8Y4sGYWB0jLITosJb9ECiKMosLFSWazpoJJ3gxYc1xhbQ1UDuYXdVoRvAKP1jJFesORJirWAEFdtogTtLRC3tmz48aGhqRvCazYgAHqu0zbIzcr/drKYAaCPHjYIXP0AgiVUBSTvIPaWRaySpNaQsTCUVreTCgRgRSwKod4KVXv8ArGzCJjqZO8GAmKOoQqsZ3E13+m0xUgHXaWre1mPSGbEupUySSZqw5L9BcxhY9LEwTGFJ1oEmQmUuzXsDpOP5Xoi950KVGNQDRO8zjF64p9ST0mZGsa5V4H0mfyAsTt2EpJSYUZJsSm1qoFSBruZWkKLadDbAdxM0AABlM16wlQ8zlnUGRCwGAhHClcpMZfbaTLXKyqVHWC/Rt8ZIW9ANB9Z0ovFjy+47ekzwHEyjLmf3g+1fp1hlzpzRgdA1NMud1XkveRaO205WBLn+MrI/LJp0MEssSf1mlnDNrBptJBBM2zKQATMrqGoVGrgAbEoPQI7xjWjW0Ggk6kHXYwx5SiOnfb6yCbY1sZXEtqYGi5v3H7hINWR31EXx6XADqekJkUKAiL21rpGRwXXrtMxvCxo+ii5DDWMmx+sTAg0ekEIsTuY9ABJhCt1zquMKBqARfqZhCB3gwxVG4CKHSBRPaMk0O/eRHqf0gCnWjLFdZnsZRYHSEsNqBFG/SWGJPtFVMRvOjDVepgvEaYsgAI48WqlJizKMeM8DydvuPaDEen1mIf7m7SMxrgXilnc6wR7Z3XaZ5swcBV0A/rGMbKpXuIM932MhrGB3MzVbPI6Af1llGsc1PAaCIngq6a66GFhonyafuu7PaGRULGhR9JVNj1cVyH9Zi5IP+sqkDxNGUQC2m3eRKDDjUK0scSIHIy0t6dpldxm6DNsdBCY38fJ/cDMOXEe0es0z2xF7GaeGuJMHJtXIJ9BOXPmLkDtIz5vDO94l3AgagDRsStOjD7XOJjpvc0bgr2egsTnViMgPUw8g+4a61rDObWlcseprWxOc2rWRH8p09IHICtHfrCyWEWv6SIzV6RQ1BHFCFEIQgEcUcBQhCAQjigMEgUOspGABuRCDGmIiiDJZrqTCExTMWq+kUUcKUIQgEYNGxFCBoXO177w+Z69ehkRQmRuMoYWfu6iTlCkBkOhmUd9ITPgoQjhoo4QgKEdRQCEIQCEIQCEIQCEIQHFCEAhCEAhCEAlplfH9ta9ZEIG58vMwotYGgEzDuQVX924EiMMVNg0YTI0XljcBdGMsA4sgJ9x/1mAZrBvbabZM65XXTivUwllXebI5vRTv2jKBaG57xN5ABAxD2r36zfI2HIgbkFY9O31hjn4c5suQdjMSCDRGs6awMlc/fevpKKocYTJq+4YdoWXHGGN76xoxDDWvWDpxJHaSRDbRszgkE3J5sW5E2ZMd9YMjU53YWDRE0J5qrvqp0PecoJEpMhT1HaEvX4dTeO4ZcuJhlFXXUehnPlyF3thxPURc2T3IaB6CQSSbO8EgbfSFmEIaaY8nHrDIyE8ku+omcUJnJlifpCzVQgIBHpAEdYhvADAaGVoZJ3gaBz16RuqFOS79TI5nY7SbO0JhHQwhCGhCEIBCEIFJjbIaXpvNP8Zzop5N2EyBO10DvOpvJqsfjrRNDl1JkupdS3iHGqh9cuTREE1+LH44Pj5afK24GvEybfw8oLHnmGtb0YvH5f5Qy5TRJLEmTlN9qP4840+TOeIbRF6mPKpxoniLqG97QyZXyeQuTKaQWRDxQc+Z8znaOfaX9V4ycKZEH3sKX0l0MfjrjGrE25iwV5HkvkXZdKgFOJTlyacyQveExrk8lXUKASQKM6MT8+WRaBVdP4Tzw5VSEWwd2M0RGVgt6ZN4wjq8NkxgK5stZnAzWzEdGsfSPMGWypvh2mJyNjUnctGDu8jGvjYBl3d6Ik+Pk+ZmbJ/2kWzMcuVs3jJzNsNKmmJWXAybcxr9BIOnNxzeMqpsTZPpIwYwDewWLw8gyr8SaAafpL8pgqjFjN39xj6Jn9DGd2srr6mYf5b485DGww1muEhfHdzsm59Zl4mAeU4c/wAZeBXPkpA6aicGZ2+Uv1qp7b4EQmtk6TzPLxKuT21xbURLqziuEfd9YwjcttJsmIHICR9JTtwyV23lXfhIJ6RFjdScuRgaG0jkTrBIdm6MVVGCLuBOtSqkw6GMEfwkEkmFMRQEDAYIjI0sRVpC+kBXGTcUtELuFAskwOjxPF+QfI32id48nDhU8RuDUxy8cWNcaGgPu+s4mNmuwkvLL08PmDjh5G2cm/SGbOmRcyfuOw+k8lMpU31G0tSzmwdTvJ+JljV8wbxlwgWwN3MHUcb2qdDY1StROdzzfiNpYRnRq4qmzrS0IAACzrKusYTSuR0G8s4eg3g/JliyHG1jeqjBN0dz1lriLE6bSWADV1g4engbxMGH3U2UwyZUx4rT72/jrOHFjDZ1W51rjV8vHe5m+WKRCqoyv93aZlwznsROjzcVIK6bzjFDlfaWUwvJf2qo2nNuZq1ka9Jmi7ntK3PDqwisdd5qE2A2keOCQBuTOrgQ3E7iTWK8/wAnGQeX6SMW9Tr8vExx6dJyY9DLGpeFZE4/SZidzYg2KyOk4SKaoJdMWpuWMhsGLQ6Sag8tTlKmu8RYnTvMySdJYNaQmHqDGCRRvaC9biY9oEs9n6zI3cbbxQ1IIQiuFOM7SQZROkCYA0YRQNTmJ0ksSZMY1gzDG0UdGIgiApeL7pMaA8tO0lWeQa6bRdYXDlpKhljtJuEIBUcNd4baQGWiMBV67SyBVjrCFX85sqErY36TEURXXpNMeVgfdqo0hKvmK2phJ5mtd4OVd/adx/OC4yd9I1OBiwnJb9Aal5TwPEaqJqCuNKXbUfWczmDdqT/KUB1kA63WkoEgA7iFFU1N9slMVvX7e8MhOmmkeJiARBzmk2Eq2u3SSbLUJsCzGidOkrGil/cKPSDflzEEEg6GKdjJjc2RMsgXjxUa3pCzsz4gLZkbnTeXxY0N51Y/GCUxHuEluG44/jarAi12nZyAZkrQycmEO1jS94Sdvlz8qWh13kTQ4nD8QPpNV8dbpjqN5V2RzR6zVsW5HTpM4WXSAO0CNahrNcKHI400G8C8eOhZ3iLBl13Ok0dqo/p/CZ4uJFnezIx9QBW8RI5VKcigb3kZKDA9SNYWJ6kSCKM0etK3G8RpnWv1hYePC+Q6D9Zp/iOLJ6C50K3tAOhO4+m00O/vNVsJNrN7V5hUg0RGFLMAOs7nTk4KAcdyTIVVRuVe+zX6yr+TD40IHG99TKfAtWpuUyva46FjevWUoVAzMdLoCE2/ICroa16x6Cz3jsBeZOnWRkyYyCFNUYiM2bmCCdpkwj/fE3YytzghqampsY+I2j8VAzkEX2m/DiHLbDp3hLXEBrOjEt79dJgaLabXNRlCZUvVV3qFrcYbVlG42nK32sDvc3XzaYnj9JzMSxLHcyTUkvsFiQF7Rqo4mzRkwLXv0laUhFEHobElmLHWKAq4MPiRuNDGy8a1u5oAlXyPoIm4/uNjtJqazilcTV9JMqiEIDeAyQTOjDiwMadjyI9tDrOdRZmi5XxH26E9fSKl+jTN4tENjPtI15aUZh8WSr4mrr9ZriTL5GQ2Tx3Y9BOsIqutXaj+EmptnF5cK4MpJBUgjcHebnDkTHYIBO69Z0KpfK45lut9ZXw4i68mJLRqXtrzuLBgrHbr6SnxqHC49bGonZlxYlcrsO/+k5coCOCn/wCTCyqwjCqnkv8AcGxO0aZQXp20veYMTre5knQnvGGa7M+cqOK1W4MxbLzXiauZOxP0kgiiD+kYSLyZWyNZOm0z3jbQD1kytQ4o4oU4zZAXtsPrJnTgxHj8zmlG0JbjQE48QFWNv1nLkABH85vlygsiDobmGX7yRtDPX/dMDCENGWNg9oiSTZ3MIoUQhCAQhCAQhACzAdHeKdRxYseGsjnkdQg1F/Wc2l6QkulCOFQoijhAUI4oBCEIBCEIBCEIBCEIBHFCAQhCAQhCA4oQgPpAQEIQXFCEKIQhAIQhAIQhAIQhAIQhAIQhAIQhAI4o4ChCEAhCECxkpaA/WNaJpjVyIQmDY6SgTd3UiaApWu4EFDMXNnU95OxloRxofcTFlQqaI169oSfCGFQs1XeUH9pUi+xkwpRwhClCOKAxVHvFCEAhCEAhCEBxQjgOxWm8CVI9ZMITDijihRCOKAQjAJ2gVI3gKE0TDlyfYpPrAYMxNBCTCa38TFhZS2Q22pA7CdCpgw8cqrqdVnnUy6bdDO3GVzMmPl7EXW5my/LNHwF8vzOdGNgd5Pxu7Mx+izYMfIzgqKxoNB9IIWJPY3LE2uQrkyAY0BYg7CdmHAMPjuMhosRyA3HpOfD5TeM5Zfu1E0XOjeOMbG8mR+RMl39i66MBTASuJePybE71JVA+U42PKj1iUjL5iqmygD9ZGAE5c2vuBNSoeP3Y86DdIeQa+AKbNWZn4z/GuYsdWBEOakKGGw3hWbuxyMB9p3iYtoo1vpLVAPe2xMaKqvyOxgSmItxA1Y9J3fE+FDzr9ekXg5FV2cjbadfk48b4lLmmyahZm3nD1+jjwY8WAF+X3DSpS4rGml6kmVnKoUxhaNSirKLY7jQSw1y5cnBDgGt6kzp8L+zh5Dc7TDywKUrq2xqJcq4vGZma8n2qPrFnB8Qj5rFnBOrHSZ+QGbXoBOYmmBO+9zfHmGRSp0MuYWe1ItYVb9wNiczsS5PWdCuOBx9pn8PU7DeCVjkHtBkazfMoC6bbznlanhQFiWVVSNbkLpHQHrAYK3tvE4I2EsEAbSWJIgZxjeI3GBCryUppdZnBt4QQTt/G4y2QuRoJxTfD5WTCKWSp25nAzZLyNR0s1MuURYkk9zcUq4Os2wOFYk9tJjHcFmmXdjvNsWIgWd5ngo5Be03y5FCgL9xkZvwhtaAiyDjjrrKTGV9zSMzA6dpSeU424i5pgyD5DyO+0yqsZMiFzddDZiPaO+seVByVxsROeydJ2YlZ8YVuneRLw5y5V7Xeeh4mgs6sZxt45DWdp1eI4D+7ZRpFStvNyVjUnqanHl4nGSu5l+bkLsVJ0Gs5XJCgRIvwgt7eMadRIMAaMq46/EzccwJ2AnSPLRi7HQ1pPMsg6RGx+sYn4vSbyFfDXecQGv6zIMRNMZBDXvJ4Mx3jJbY8Y1vecflpwzMOnSa+HlQEljrF5eRMuT2x7ZnFcytWsC2kRUg1FtK2oEVHrvM+s0DdIKoua9ZnzN6yiwknU6QQrionpNv8c1y3nX4+JHUdCIL2kc2Pxvl0B1iy+I+IWTOjNhbFbodROXJndxqZEltZQhCVso4o4ClpV6yYCErXQxPJFxqLMIAtzfx8dv8AoYlW5r47quSj2Ml8Et2OGEISqIR6RVrANdo4bax3/GAukZboIrqBNmxpAWommPIF1q/SZ2YesFmuzx/HGVDkJqzSzTRhxJ1AOonMvksmNVXcH+sSZqUknXpJyxetaFvbXaZm6lD3IT/CSdDKRBN6DrKQ8SVO0XGmg+vuhoZHvToIKQBfrMzLUWOMGcKQEkntNHa2sHaZro1ROeLkQntZYr7h+sFYGr7wxq2ZWVBZGtTX4VxBeejHpCcePZsgTiy17unaPJkKLV2x3+kzos9/t2g6km5EYDIeVzoGUAfpMvg9vK4KvSVq5XQ7puPuXb9ZmH9vKqPWRYUxWSaHS/5yJjVWFBmOrTnyimNbdJpxPEcukkiySf0lWcVnsPrNUYpisGid5lR3lmyK6CFpDIao6/8A1kAkbQII3j0/WFWuLI4sD6SGDcje43nSrNyBGwFS/iJBJ26yaz+TjBqXhW8gv6y/jW66S8WIM1r03gtasSMfLvrMMZbI9k0o3M3zP7QBsNBOIMQa/adxEnCSa9AFaA/aBJT35C5Gh0UTF8t47GinYfSL5uQpd9qkTG4x5ORyN20nO1tV7Ft50KSy/G7VY1kowyMceMWq6XGkZZj7wB9sx1LXOvOqoAD9xMxfGoRW6nrKsrMEat1ER1IJ6wZSIgNR2ladHjGsrBP2iwZt5FJjBJ33nLhzfHzr7mGhibI+T7zIzZyzGpi1uVXUbQPeVsoQgYChCEAhCKFbKysQoWztNFxI2p2Gk50Vifbp0mxxMfaW0QVQkYv6mWD+xBVf6SMie+yKvttNwqYsV9Tr9YM3JlXZB/rGprAqvAFhr6SKs2BQnTkxKcg4DXqPWQxYo1H7enaFlRhVC55dBf6x5UDOOOi9SZCAhgZYJZCnS4L51rhd2HwqwXFdtW5mp8gV8eMWTpc4lbi19D0nQMiLZXepLEsbKDiXlepGs2N2jKJ5r58mQUTp2nb4uUviIOpQaGMSyyab2cl7FdTMc4X5CTvuZt9xFgAsDR62Jy5Gth1rQywnlD3zAPaTkFESnbUHqN4s2nHt0lanpIHIaSaO/SUpIoiSx102hSIiltVV+siFhxRjf0gd4CltldxxY+0bDpIhCqDVrudge0b7/pJG8CbJMIYA4knfoIoQhSlIxUxR8b1EIrkTog33ktjYAE6gzqTwlF/Jk46bjuYsuApgJDBiu9bESazs9OSEoC4cCQW6CVrUykQ5G4ivqYipq50ePgBBZzQOwgtyJZMKAEnmLo0enpEXwMvH4+J/3g6/wm7eP4xAHPgT13kv4WMAcM6s52Xb+cms7PmuXYwh1owNStCEUcAhDeEAijEIUoRxQCEIQCEIQCEcICjhCAoRwgKEIQHFCEAhCOoChHUKgKEdQqAoR1CoChHUIChHFAcUIQCEIQCEIQCEIQCEIQCEIQGN9Yo4AXAPWPkSOJOkRhCGBpcKJ17QUldd/SMNSsP90BaV6xbS0QsSt0a6w4AiuvaDWcJRQgX0kwuiEIQCOEIChCEAhHCARSuOlnQ9oCusJqY5QUk7S9tO8Gs49D0lKo5U0oKC3EDWE1DArXE3cmyTrOr4ENciVPWMYsZb41HIn90J+Ub4M3NOC+3Go/uMO3aQr5fIyjHitMQPTt6zTEuIKPHOhvX1ndh8fFgXTTlMcRI4M2EjMMfCx1bvBx46v8SYaYje56GYBcbOx/Wc2JAzl6u13ll1b8fLAZf8fF8eJbyH7iegnO2dsbDS61InSxrPkNaAVOLPybIxHSXCIyC2B/3axDVwF0qaHGxqt+0z4tja61EqunF5ITKvAbb/AFjx5DizMSL5A/zmvh+P8yNmApiCP/rKGNQK+5upk4ZrjSlYhjoekYViQTt0iZR8y3rynSEUXky+xQKRepilY5XpuA1Amj1/bB2MlguReaLUOIatbqNHRi4IeTmkvadA8pPI8wcf+2qzgKs7AA6DpPU8TxFxJe7sNZjtnkm+HKQ3keQclUgND9J1MMdg5L4+kFItuP7bNTkbyOWNx13uWIz8xqPEaA7fScR1PrNM+Quqk61MmNEGbahOxNQRWsxMbNTTHk1AOx0JhfSMbEPc6GzAKw67TELbnjsJBBLV3kSyWt6546E5qN1OpVIXTftEni5WyKKu5SWRiMGSrIodCYqo1O7P42R8ZCanHuJxGw1MKMkq7qhpqJL95S7SmXTWVGAtjQlfGboamVjWmrv1m2NQCSNSIW1h8bGgRQ7zZ/GQ4+WM7TdSGFkWDvMcgbH7lPtPSRnbXNxINdYiK3mpJB5VB1DLyG4la1kBcriBvJECbFQoMYqIC5phVTlAfQdYSs6YbTfxsQNu/wC3YGdHzYFBVcfJ+kjhlyLRHG5nf2S39lZWTgddSJxLqZpmxsm+seHHYuWE4hOtY5jOrOtJ2nMosgSrPDu8bCuHEubILLHT0m9jIWZa471NMWLFkRVY0K0EMyY8GK8evQzG8sZby4MmVmJH8YhkochNCEUWdm6zJAHahtNxTx8szV1k+QtEDYjedBdcPHiPqRObyMvyHl1kWeWEIRojOaAuVozqYm6TRsTq2oicDiO8Izj1EF01MCbhQCRtHdGTKUWYGiUdZBF6wLEGhKx0QR1hn6stjKqxBgQY0NGFIKZqMWmuktBWssi9YZtaKvtFazPIr4wcibR48wUUZT50ZCokqOQ58h3MyOsZ0JEUrpIIQhAIQhAALlcRtJBqXjok3BTAFSsYswqvpKDBRpIzSOQIaEzVzzJ7yCbNwBrWGusymBZqBGtTcBPT6ywQRw4jTqAI1n8nLRuE6lGP/cPpVGQRhJoaHv0jT8vowMXWbZcRWm5A/SY0d5WpdUaFdYib9IoQYDFCOFKEI4FpkIXj/OVdt9JlGCYZsbbzNtqlDeIjUkQkRXWXr8asNwSDJPeWCTjob3C1scfDCMu/f9ZHwF8QyX7idvSMuXxDF00v6zZWVMLKdX7SsbZ91I3+JgBxfc33HrOXPmbMSzb9JAyNR5HbYRH2geokWdedvl08gqqZAcsxY7XtErhkUdhRiUi5DFswBI6SEayZGR+TWNoJvXeVc4PISzfWNmGOgN+s1GMY1DHezUwaib6wRoXuiOu4iLEHbWZq9X36RjJZFwYC4qiJTGtB9YmZWsdjoZJ1HrARIOkvDj5knt1kCpqrhMYUdTyhb9GwAoDZRHly1YH7tpkpYpR6kn9DJFnIAdpGcKzqP4TfxT/bY7G7JmYSibiLfHa9DrBeeD8jJZI6dDOYysh1/QSJWusyHZqpWN+DcquukkRkDpCqfKWYt1M0weUcGN1Ue5/3ekx499IcdCZEyNsXLM5ZjdC5pnZQioDZBs+kwxNkSyNLEAOQNanrCWc/o0oO47AVIdQLX+E1xqAPWZsORMqRkI4iY+ohsbnSGtw9OspoRDQvQ/wjYggd+smFEUIQpxQhAYJGommM5NAOsym2DmeXEgMRVntJUvheRmYquyk0JoF4KR1BFRDEqlbPNl19JoQednXWq/SxIwpF1Lvv0mAA+PMSN9vrNHylhQH3aE+sFSg2M63vKjnQaCxcQNAgb3vOik5UNFAqcy6OQ2wuVqVFHX0jLHifWCiyY9Pj9YaGMazdfI+AuANxp9Zzsr4yARRq4nJLEneEs1qczObJ1jW7tusySgw57byznBfQe3tCWfELIQGEhmLV6RXZswhqRoKCa7mZk3pAm4oJBCEIUR7iKaAAAQjOOBFGKFMQhDcXCFGKvXabY/G+QAhhXWZsgV+INwbF/GrU4HFJoAnyUmneVkcBAvRartMV1ez11/SRny0d2ZiP2ekn4MhBCGwdxAMK9O86FdSR0safpCbjmXxcvKjoBuZq+FaKM1Ff6SjmYZBW5OoPaXjyc8xpaUjrJybaP8JFC5Et06gx5UYikW77TXB5AC/Gg+w7ysnkjFgGTJqXJAHeo5Tbrjb8b5VchRB211nIysjFWFMp1E6h+Qzcib9p6TLy84zuMn7yKYjrUs321N3ljZMYrrFCVs61oazb+2uEEqPkPU9vpFhDY+OewAp07kx8FzMcjNZNkqN5GbWJMUbKt+02OlyZVOAhrFAqKFwuARQhCiEIQCOEIBCEIChHFAcIoQHFHFAcIQgEcUIQ4QigOEIQCIwgYChCEKcUcUAhCEAhCEAhCEAhCEAhCEBiEUBAIQhAokUK3G8mEeu0ILjV2U2DrJjhVLkKmzqDuDE5Um0FDtFUCulwnBQjhWl9IUo4ERQHFCWnG7aE0gp+kYAEokMavQRjHpCb8pNnWUoA6XcCoU6nSUPiBBLaQmnypeIg6KoBLamL5UYGxXaZsbNDWDFgAAMbOus0b41IYNt0mAyMARuPWSN4MdRzN5GUKAAL39J3nDgT3YrIQe5ztPLw42ZtP4z2RhORVwoQE3aZ7alzw5RjwAnPqdbAnRhbnlGXIxIApR0Ey8x1DDBioqa1EvMvDxqAotoJM09tTk8fMCvJiv8AKY5PJTGtYgWCijJxH+0QP2LM8Kj4i37jc1JF0vkHxFq97a1MAjZMZKmnB1nR4vEoWfUi9JjgOmQgaCEdPh+MiIuXMfcxpQZXl41QnHjTk7bH6zIMMnDJkNBSP4CdS+SMuUso0IpJmy7oz8XIuAHx8h4mtTObDnVs7qTS0Qk0y+Ofc2Q1rZnDwVmJU0olnPJ65dGXifITHtpqZrixK2Z8mUk400Uesjx8YAObJ+3QTq8ZfkcWPaTZkvhFnEow6qBfTtJwYMCvyX3GtjLzF3LhftGgE4jl4N7TRG5mZNnlbxUkHkWT7gbnoeLnugfu7TixujOK/WQ+Qoz0fS5uzeDeXTlzfG+QKfcbBPpOLH70yem0FTJlx/Ixr9oPeaYk+J/fswoCIVzn7Jm3SdWQAHgvXrMcyhB6y6RjrLVOXWqkqLJgQaladGAojHlrNOIyZLIqhpOfDVib4swbLR/SRi7yhCWz8exoz0sHBW5UaG887xUY+We1mepmOPFgyH9wElPbDH5WMZspP29Jl+QXG6LnUUx0M4Fazfea5XPEITp0lxcyslb3VN7FATJF9mm8aFlsEaSlS/JW/pDCx5XKyB2ogSF5JuKuF9N8bsCU6EzorEQBuO05hpMchZW0OhkxM1eYhXZOnSY2b9IiSTZm3jYflY2QoAsky+I14gRV42dJPBS9dJ1qnhopGR+TftAnMyZA20m6hqqC1O/QxY8JfJxuhvc38jCDhGRNxvNfCXAqfJmNk6BYt4TeBg+Lx0bLQdthcf8AmewDGvLIbmnkZvGVaxjQ6KJGNsOFidDyG/aZ+qMP8bKTeQ6tLCrhIQn1MvyPKWhR+k58CF8vLJ1mofqjyWLagaCY4U55VXuZ3eYiogrUk6iZ+NiAyBiJfTW5HqN464lBXUgVI4ouMnMdDsI8nmYlte/WcXkZS5BB9q7TElqeFeYEXGuNdetzlAoWulTUE5QCdekjL/bajsZqH0Vj8nGQfkF1Ms2EOwbFs3SVjw8jZHsO82XEMeUa+2tIw8eGK+KqsOf8JrkT4l549K3E2fGWx3WvSc6s63jy6g7GNNQ+c5a0mWRbX6TsXxiEtBrMseO+StuJZg5eBMPjIOs2tWycVG0rjb1C6wKaRAFf1mrKOfGZ1qRBpFaFxKaMKJMVEGGlObMFHWPjdSq4wjdFtZQFiu0EdQglBSD9Y1zZkJdd5zZPa1Ca+SGXJp2nOb6yRvrBFC4StCEIoDjqKMQCNZM0xrZgqlVmHpN/itP9ZuMa48NtuYlfGVoHXtJrnrznQq1RKjMaAnY2NGc8jNvGRFyVXQmLeG+vbmRwKXIq9B0ls+NqAJU+kxDEbRhvSUsWcTH7TY7yaoa7iKzdxE3Byr5DRFbxKaPpFAijBhuBekCukBZNCPY66iAgmxvSWzrxChdusSaa1pLOFrBIpW1BhLeeWEB6TR1JqhtNMLLhU8gCx2uF/LhiuNmOg06mdLYMaLxvkOrdpmc7caH6zMZHogbHeEu36OjJjx/IpT7aF/pLrFbNjHTac2MijZ1mgcDFSims2ZWbL4RjwlwzE0B0lojDUb9pHE8OQMkHJeh1ka8+15PY5A1PX6xlGCfK18ToT9Ysd8+L6E95tmzcsRQfb1hHHdmMg1rKxpoWbbpETemwho8Z4qYwCSwG8WIcjR23M6iqrVDUnWSpbjnx4Sfu0lKoVttek2y7L0JP8pm7Cge2kRnbSZidDMjvGzaCQ51vvK1ISwb7o1EDq3rC+y2lJZlLjs0ft6mIGr47QWjInEchtJxrzcKdouR1F6GCHi1j6Qc461W+RBoKKE5i1vy2mjB1UD01mJsaGROsdPMNQXqa/SZ+QdVIOhEyVqNx1YhcyphFHK0I+QA0EUUGNEVsh9BvL4d/0lqRjwgbFt+8jmQR17SMaSoSa7/0m4xqoPHcC5gMnEkjc6RcmL3e+kGWtGY4iK/hJB09TJ395OtwyMvIcTtvKYipYoLfUSQbaagBxQ6wtrIm2LdImNmI6QhRFHFCiEI4ChCEAjBI26xQgdHj5aYKdifcfQTfkX1vdiROC5XNzSg+gkxm9XcOC13EuiOT7s+lTBQujMSxBAbtc0OQ8qG/WNYTlbjVfqfWc3U+s0YnkVJ3/rMm0UQ1CHWC6kD1sxbTTCgI5ddpVp52ORy7dTpMTNH2+m8zgi8x5MD/AMomcZihRHFCFEIQgEIQgOM2RELupbAgXCI3EUcD6QAby0UM1VvIE68CCg2x7QluE+ClCg0dxMODlwo1bpOrRmIBvoJaYwiEqLdvby7QzqGxXgAb7+051x5HYhRZUVOtyVQC/qZOPGUVnGt+shqEx4gnFvvOgMWRUWiG1XbsInyqboUekjiTV9Yw/VqtOVI3G5nRhrkwGvSc2P2kkb3VTbFfIhf1hKWW8ZcjckEzlzZXy0CbVb4/rPUbxQxZW1JF31E83GMYen+0GjUS6vW+2PGAT+e06VxhmZk2GtGDZEoe0X0lX8mHxtyKUeXaUuI7sKqdH+QrcTxp1/d3El2LWT1g/Ks8jNjf3C0PSQVUktiNdaO8YYMxXLtVA9pmUYajUd5FhHeABO0K77TQ8K4bdeXeVdZn1ij1hAUIQhRCEIBCEcAijigOEIoDihCAQhCAQhHAUcUIQ4QhAIQhAIQhAIQhClCPpFAIQhAIQhAIQhAIQhAIQhAIQhAIQhAZNxQhAasV2j5m5MIF8r+kAwAIreRCA4RQgOOrXf8ASTCBVRQvpCEEIwB1i0gA7x822uKKA7JhCBEAhrvDpKPAAVrAVmpWJQzAE0JNjl2BmxOJFFGzCV0BfhFlq7LM38hgWKtRIqYHISCb1uZ3Zs7wk6/L0PBAIbM+4NAym8ls+Uon/bTrOE5W+MYwaXc+s38XLixYnZ9+kzZ7LG+dzhxcV3fea48ZHhWdztOBsreTlBOwm/k5mpcCHStahMd2Hw1PjWp1J1kHwhiQlTQbQ3GuTLgxolAroTM8Wc+VlZsh448eyzO3fPB6aL4qMoBPtX7vpNuWFCrKQETtObyMxYjDiPtbc94glKMZPrNefJuDzGbMeCaJvfec64BiW2+47Cd5RMWMOxuYOgyucjGlA2ifQrnRspLGtNgPWbYcvkYMbhxxLfb9ZHkcsZUA6uLrtHjL534tqoIBPaM2JF4WzDE5Jtm2nHltDx69Z6GUhGKrsug+k87JyNsdzEX2lFYLzvTpNVQujdeshcTaBvsvUzuw58LlsWBaxoNWPWO1+CuEPk4BQdL0E7Macvc50UayU8UWSNW3Ep0ZMVN9zbiXU1IC5CxApV2M58y8lBnU+RBiTEoon7vSRkxWABtBuOZMfFL79JLcedHadAFi70XpOPIbyEyrOa0BxqpF6yUHv06zM95qoNLC47/HTj7hudzMPyHlfIwxrsNyOs7Rww+N8h1NaD1njv7iW9Zmc39E6z3TxzZ15IB1E5xdWOks5HAAmls5AduQHSbswCgzl1u5Zcu1QWOvDnVNa1kZf7zlx+lTIqQLM6MCD4+XXtDPhiCSRekHxEg6SsiFX5H7ek0UqUDKfrIa4WWjU28bFlzH4cezHU9pvlwD4vkO5Ok38MHDy4nQiPS/lsaYvx2HGbNuV69JbjGrcSoJaPG+XJyA2g+IheZ2HWZ/Wp+jDL45yZeGPSx+k6MX4vCtfI3Ijetphk8w4qXFq56zoTyCTxU2wFt9Yu+llntHk+LgC+0ag0JxNiRg+v27TvzH2hQOlk+s81nKqyjUmXqX6MsGNs2YD9q7/SdhQIDk6Dac+MMqWNDHlylsYHbeVLzSy5S7Drc3V/ixEncicuNDYY/pH5GQnSX0ZziRbmz9YZHpKG5jU1iMyWjv0hqNPGyNyGPox1m/lqXyewaKJngfDjbnua0+s0/yWbjQ9xOsntL54jfDjb4lvftK8jDyxjjoRKwJkyNyJ0mvGz6CLUjFHpVxsPSaNiRrJA2u48yrjtzVAaThTzG4Mt77TOb4OXZh8kHHXbScPkADIxU7zFcjA3cZtgW7zUmVZwMXFSzEy8VseU5TY0muPNxxkdekq2B2/uEiZgktGLIuX46fJlA6QeIeHExtq0EHx2RQne4RSMKddzM86BDQ3qZl1nazxY8fDkw1EwzOtELNsT3ad5h5OI4m1GjbTWLGXNtrnQvkAAegnLGDUNWStc+XmRMSY7hvBJiY4QhRFHCFEIoQHOnxSOVnpOWbYSFBJhntOGvk+QzHiNBOdXZTcGPI3JMYScNPmYx48j87B6ETKXjPuk9LJNRCHSEoIQh1gEdxGPSAtblEHTtFdSr9ouEAJAF7SvldqBNgdJKsou9dNIl1YDvAouRoOsltrO80+MMTrXHr3lZMeP4QVNv1hNjASlagR3kgdIzXKhDS14mtaPWP5OHJdwZKoSC3QS/7acWb3BunaGb92a2BfSdX9vH4/Pdn29JzISXAP2k7S2BX2nbpCdpqS5YljqaqGspApNQNcivaRSauGkgAEX2jscyp2hjrixOwlAhogjroRL+YnIO0hqZhw67xOAsDV8nJ/QSXNgD+Ei+vWTyJ07QSLr23EVujHYA0gX0oSLypOS7jSBVWN7HvAMzChsOsCdR29IQhyA1OkgkbCWxFbfSRYvaVYmdHi4Q5Z2+1dvUxY8Jy67DadJVcSADbYyb6S9vTLKwOvQbTmcg69Z05uIU/ynK0p1THZhVwow0UcfGIioBGhAPIi6kzTHZPFQCT3gpWXbm38JS2fcf0i4Hl7tpZYDbpsJEqCjQvWwNRNW9tL2FmY3oZSAg6X1iII19ajvUdoHTTpdwqdQZeN+OnSSQa9DrAVAR3hUZNxAwHQ1hoIrgYBDaEIBFCOFKEIQCMEjaKECg7ABb0Gv6ylysOuu9zOOEw+RI13lE8jpsJFR1BgInSq8fHsbnW5z1oD1M0yZOIGMbAUYS/DIn+cVwuKFPp6xQhCiEIQHFCEAhCXiTk4B2GpgMWqgyvkYgnpJyvyOmw2iQ6Fe8M+tTCGx1hCnxI1M6vGx5GXsN7PaY48TOPQdZ1YlIYDkAP3GSs9qo4Uxm1NtECRjyEGtqHeRnycXKp9tfd6yvEDZQbFqpBJhnnyDhyqoLactfoJjly5FTgLCz0c39w8m/6e84/K/uJyA+01cQ3lyasdZ0qWYAtVgUPoJgoAYAzZUJyDtUrVq8KEnQbaywGRgU06wVxjcJ3N3Ly8eTOTQElYrm/zcqlgTqeswZtNBV7mJ9baTZIqHSRfyNWhqIvZEkKalKLlOGhXSxtLSzDHlUe0i42WjpodxDFZPjtgSJKkow7dpZzmtRr3mfK77yNTfZ5CpNpoOoiNFBe4kwujKuDaAHaVyW9RpEwo2u0KR+kmVyNRGAoQhCiEcUBwhcUBxQhAIQhAIQhAIQjEAijigOEIQghCEAhCEAhCKA9K9Yo6NE9BFCnFCEAhCEAhCEAhCEAhCEAhCEAhCEAhCEAhCEAjhCAoQhAcIo4BAaRQgMm4o4oBHCOoQoSiKEQFwFHxoX3jKEC5SlWpar1g1HG4EUJbUr2huoIpezCazrSMCzUrYMOnaLiQAQNYXQBcVdAZ0p4mcqciroRczHjZivIKd6hNZo5S63Ok0xOqKztq/QRrg91Po3QSjgS2Aux3guKxeVnYMLHH1m/iow5Dcvue05wMQ44l1cn3T0lPxil9oqiZnJ8M2ubKRgZeIvj19Zrh5uebbk3OTLlGTyFH7Fna/kJhUULY7CKfRj5HkMz/DpxB1I7y2ITx9dwbi8fDy5ZWH3GR554KQut6RvpPbFnbIvMmzes08bKExOSdSdROfHopPaZ42JyE/rUuLjsd7+4+o+k5Gcu+u1ycmRsjkzXxzjX/uDkb0WPC5nLoxZBjxurC70ErG+LHh4oN9XM3yYURS+U1eoWcbup+3Y7yeWXZ/kqmMFBZPWZW7OS+tazBs2PiqDp1mzZB8XMVZ0AkzBml5M1dSandkxBEP8AyjWc2BGw/wB5vv6CZeR5zFtNjuJbqeajO4Vjx2YaTkNneW7lgPSJcbtqBp3lbnCsSctKlrSuA20vDwQkE695jkNvY2Ep5a5vJa+H7FGgnOWv9Y8rqwFDUSBVyLJw0Tbj3jyUqqBvIBJNDaPICGlPZXYlYVtiTsI8aA0T1iYFdO8J9F5sgYUvSGPMy6jbaLiqrrDEQxCgaAyJ6XkysyMD12kYyQADteonR8LnkQugnPkVlcCtOsQjpzZvmAVBSLtHj0b3GgBMDmCAIBqd508A5OulaQjv8fPjYjCg1q2MXl5gcbY1Fk9Zj4WMLkb/AHVQnTlVEYA6sdhMWcrtx5uLAx1I1PWd3iYsSli2jdpi+RmI2UbCZcwrGjZBq5rzE393Z5DoSVXet55zYwMhA2mnjsc3klL0G863xYwCQLF1J44LrgCkkX06SciKDyH8515iEykEVQnFnezptNzk9tLTiAd5m3jNkIbaZLk1mrZ2JBB0EGX0nPapVbaGc90s63Iyr6xY/FQEczYhZcnLmxoSbnZ42LlkEebHjx/ZN/FHFL6nUyFuurFoCBXqek58/kKuJ+J1Gxl+RkA8YAGi5r1nl+Q1FkMk5p8LzeY2XEEJ16zmsyTGDNZjWK5SlfSpnNFXS4KltTFUDvAGBfKhQleNlGN7/hM1DNsCa3qViW2vtCXMrtDcac/edYmzB2N9RJJJ1PXaczPWSukjMmrBKvpNcxObEA24maUz30m/CtZdNx55FGu0U28jGVaxsZjDpLwdSghJnX4/gO4Bc8ARd1N1/HKMnH5QR9JNjP5OD41C2ZJx6aTqy+EVYhXvXQeklsZ8dAWo3Kmub4nq6kUZ1jyFK8T1iy4lxoMgIYHeGpb8OSOUReveHxneF1Ecr42gUYDUQbCAgYA0IrgE0wrbSK0mmHR/0Ml8LPLK7jAuUU0uwPSQDUqCENI9B9YBGaG0W8Y43rtAKBNmDVpUY4B73ERYXYEIvHjXUttUMXx8qY6d5mXbXsYoMaZK5NxOl6RKwA1k0RV9YrgxUYIArqdzEpA3ga3G0Bs3LQCgJNQjWusCuRau4mlkaPqBMiQI+V7wmK5AHTS5BYhr6mIn+Uk7wsgvWaKb0rSZTbCPuPUVQhazBK7aGIm95WQAOa2OokQCEfSKFUCSQBNTjAOu/aZ4yVbTebB1RTerGRmlsNdB2iVrOg0GsQ5ZDyOwlMQG4joIQ+SkEkbVMDXSaAWPSpLbAAaykdviH+z6nSTkbm3EdBZ/SZY8oxYyvUm5kch5lhsZMTNtbOQUB/Scxj+Q1XSSTK1JhgCib2helRQuoVpyBFTOKMC4MwShkOgAiAW9dBNQcdewV3MiX9CGHIwD940Xi1trx/rKGZjxQaKJYxKASzaR+qW1mQSSTuYlxjrJYm7BsCL5CB6wZSYAMQNhEdoGK5WlMPYpij5WAO0UBGEIoU4QhCAwhCAQgYGARRxQohCEAj3NCEpRWphBVDWIkmM2dZMBg0L6xEkmzC4oBCOKFEIQgEIQgEcUIBKU0D3MU6sGHFRZiR2kS1kmMFeR1ktW40oztbHhxYyLIY7EzE+KzgNYGmvqY1mdnMx5G+8eIW49J1HwsaoOeSsh2HSY48TKSW0A/nKuzGgyalE0GxlhQuMqdauR8ZdiV0FjWa4cS0xysDjF7HUmRmuUK+Z6Gi/0nsgYMGIIgoCv1PUzixvhcWi0VFfpI8tyygroFks0t246GzB8jBTYQbeomDsrMaOjDWcQcgGjGmQowO/cS4fguv7tHUCdSKCwHecrsCCy9Yzn4rQ1Nb9pSy1nkdufqpqJ8jv9x0k7mzFDeRY1FSYD+cZ7wKU3oYA+70iUQOhhFltbG80DFxXXpMk1lNQUN2hKmmxsCwsSCbYna5oHLe1tRNseNGx0de/eDc8uYN31hXaaZsJxag8lmXIws58A3Kx2TROkksK21gp6QpsoBq9IioAsG4GoX6QJhCEKIQjo/pAALMdXtKA9t19TJNqa7whVW8ULhCiOKEAhCEAjG3+kIAQFHUJQQHrGIVGHEy+AhwE1hqahxlcFhwWMTU8YcZfFYcFjDWdRTQokhgBtJYspAEgkbDeKUocq3G6H3VJkUQhCAQhCA4oQgEIQgEIQgEIQgEIQgEIQgEIQgOEUIBCEcBRwigOKEIBCEcAhZhelQhDL2KrXvEDCMAcT3gBZjvEDUIQCFkbQ6wgXiOP5Acl8etTsRgAzY6rYA7kzgE28d1R+b6hdh6yVO0dz/IEVOZDubPpDMh+fFj5WoFtXebYlb4xmyr7m1A9JiqZWyPlelHRepklZ2yL+NTkVq9wFzDyPbnCdWFtOkMWOu6ipyt/d80KOmhMoXi/EnkOz7r9n1lZ/Jfm6ke0j2yuGN83x4LORdWJh8K0y5G5Zdm9JPaucIqgFmtjqZ0+OhzlszaY10FwweKubIUB9qjWp1P464/GOPE3tBvsaktnj2ZUZslIUXQAaVPPc5nADH23pPQdgy6DUCpxDG5cDqZYmkMdLvod5lgHubsJ0ZWCH4z01Mywq2pUX3l03hkq3kPaaYsbtnDKui9Zr4/jscwOTRCdfpOzK3v4YxxQD+MlvotR5eUZTqNgPaNpGD4cePIMoDO4pPSarj4qS/acuX3Ma7xPGEt3WOf7qEMDk5l5C1B1E0Khbdv8ApleKDkZqFgiU9OnyMqNqmo2E4cuK8fy7a1U7MqDD423LIxoegnMeRTif4RJh4cmwm6FhQ6ETLjZqdCqKAGum8q1AWPQnjW02GOgCdpiot2OwuoRDYuQsTKq3nUaXrUwykE2I1ZRjGsb+43JU0PrLXTXpA0xi1sDUScwAX1nTgGMIXY0pMx8l8L2EOsmpPLPEgze0nQbzsGPDixg7a/qTPMFg6GpvjORh7joNow7T6usZjyOvtOlSn4EhSNSJh8ZB1mXzEZr7aCMTEZcbLlN7E6TtxMTSqNTpMDkGZaOjLKwkghu2spf9ncSMBF/ef6THy/L/ALhfoFpZjlzsQztudpxPkL6GZkWTXWc4vAt3erRfILyMNfdOME6ektC7Wo6y4v4tsLuuRwmhaemp4YV113uedgC425t0l5/KLMEXYiSzU9tMmUZWZx0E5XFiVj5qh7NGLrWWI5jpFyNSsm5qT+2VteLJRozpV7wseonGo1uNmbVQdDCWbW+NjkNnpPTTGPgB6tPLwAqL7zuTyuCANsJL4Zvlh5R4rqfcNhOEsXYsdzKz5mzZCzdTENF+sRuTEGEtVswYUalXUgGdAUcPWYp9060TkljpDPauMggzbFk8VF9+Iu/e6Ezc+4yDvC+XqeP5i4ltVXEhHuFWWk/5ePJkJVAP+YD/AEnm2TN8WbDh1VS7VqTtJjN6unNlBccV1FUTtIyLhyuS3tIGtdTL8Tn5Lkslg9thO0fjU4m/uIsCTZPKTz+jyFVkb07ztB5VxG5AEvL4inDXKiN5yuvwgcGLVLxS8uvicTOGC3VLy7zBqyBTwUugNV1+szyHJlT+5oRqJjj+ZBY0HeMiztZ1yX9nQv5Lyl/tsPavQCNfyK8yzpTd5GPHnKnKa49TM8q/M4KCqGsv4wl9ejHmf3Gdlsk6GdHLF5I7LWvpOF8TYqLUfSCMVOhq5SyeY2y+KEXnjPJQaPpLPxth4EkMBddzHlJC0ppSbqYMSDZkp1tSE9s0CkrQjxKl+8+2b4gqMHxkEA7GC1gR7fUbwLKcdfuE62TAzMXbi7mz21nD5OI4n0PJDs3QwTLWB3hFHDosbQDUxI7SSdILvISctciWLFV1mfAgX0gT2miq7AIx41tKz4ZBTGONnlG1rancSdCv/NClHvFK0Cit+sA41FfSPl7gTsJTsC1gaQhY1UsORpesrP8AFy/tfaJnZMY0B9YM5Kya9I66wXQ3Dc1Cl3gdJYrjr3qGXjS103lT2lTrETcBV0doUA28imFvaDFgKOw2jQgN6RZGvTtCeyGpjoVIlAnaFDLVHodppgNEnoImW0HcRKCEuKnpLnkxMmVF1hTAgdSAIyTt1gKG8AGh0iO8Y7ySdYF/JSBB+sStV3rpUmWqFtTpBwFbQj0gp91npKKhVJk1Scv0hCJZz9IjoaivtNKDGxsN4VnXWE6VVSpXSj1k/EhvjpXeTU/JzyqsXNCvEkcbC7mNVogVQIlNYgSlAJoHWMoOksBUu9xBagIWIHTqZWi+2pSlQrN/+bkOSeJreRPKgLHYDrBizEA7dpRQogB66mY+7lKNVQWwv7ZGVOOo2MCOK+sXIgUdoJ8ohLOM1Y19JENbohCEAqEoEVZj5rsRBqIRkDpJgOEUIU7ihHAUI4aQFCOEAG8ZYn6SYQKLe3jJhCA4RRwFCEIBCEIBCEaqWNAWTAUJs3iulciBYveRxKjbWE1aIFUM2pPSaB1UclN1+2ZO7GgZnciZrpW82ZeR01LX2m6Oj+4aIDQPTTrOEua07VD5W+L4+l3GJ+LrTMXdydRdD6Cb52QihRAFAicXjixvQ6mNmU5SqklWHXvCWctGbihqpzMxBI/nNXI4kfqJmAGPeVYlWZdQagGd2Ck7mtdo2UBfWRDUw2BVyp3BoxESsoIez1AI+hgpNVAm4Qqo+kBRRwhQJdWLEzmuM6FYSpB1gxvaTCAKxU2I+Z4kdzcUIADKVyDYNSajqBqmTX3DlE6oUsCmEgaHTrNeLNXDXuJGfDCjL0VfUylxkmx+sTYwOu/WNXWdxgAyviarBBkXUqmVAk0ZV6ekRMAAlUdL0WICaqRxHLroBCWoKtRK6qZmb6zcXjNH7TtMOsLBCEIUQhCAQhCASwDxXXQ9O0iWFYcSRQOxliVPWUEJ1uSdzLCPpUQP4/WHx+sOD94cG7y/sn7jgO8OHrDge8YQ94/YIIO8fxjvDge8BjP+6X9j9y+P1kMtTQ4m7yGQrvJZ9CDGuRlcJdAW1dpEvHzIYJZ01rtImVEIQhRCEIBCEIBCEIBCEIBCEIBCEIBCEIBCEIBCOEAhCMUBrCFFCMawohGYQhQgN5QUsaAuAlW4OpU1YP0nWvhsVDBqNbTH/HdsRyDWjRHWTU1iNYQ6wlUXGQAYiKhAIzsIjvGKo9+kAFf8ZSsFa9wIsa82q69TAFLAOwOv0gdL+b5GQ/IftFAAbaTtDYx4658p5O2iJ6zBHbyUGHHjCY71PpN/Kx+N4+NdbfH9o7znfsx5vgeSww47/e+4+s4ca5EY5K0m+H+8xy57N6KO05/LzsMnxofYugmppOeI9Dwxhxq+bleWroTkVyM7vWrm6k+O7YULnUnoZ1kckXLk1dh9o6CMy6bxYrwU+JDkVtchpvSLN5C4mfGTc4vmyo+hpdwJm78m5tqesn486vLuTKh307w/ysWpUajrOZ2TKE4+0fuPaJsmMjgg26yxMU5+RiQJ0+PnxePiZTXNtJzYGvkT0Ewy2Gu9TrLZvBPL03yjLlGJBoNSZh5GVcb8Bqx6zDxfIZEyV97DeLxkfLkJOtSSZ+kLPLso5MTEkgDeGHEjIXPQaR+Yww4viB953EzLlPEPev6yyp8MiRkWydBdCdX4xKwO5+0nf0mPgeO2VSzj2VqZ1DiqhE0xXVd4prJ8/wDfBB9l+25jlespbcHUzPymK5mUbA6TN8tmhKuM2IORiJ28caYQ11p/OcbJsdrmzY8mXGOJ+0awX035hwAvScuTTGSu5M7Fx4B4vDGeearJ6CcRXKiWw9l7ybpGbvyAB3G8kaRtV6TTD4+TOeONbMrXg8GE5NzQJnb5niZkxYwijiNWI3mbeJmwcLYWdK7T0BifDgLZsvK1+3tMdu3jEnNeG+S0CA7G6mex9Z0eRhsrwUgneSoXCxGZbJGgM1KrJFLT08fj1xUDYamY+I6AMTj5MSOM683mfBjptXbYDpFtZvNjHzHTGjDd2E85NfrHlyNlcsZsirgUZCOZYaCFzIzII1HWdqBUwb23UTlyOrqKFHczM5HUAA6Qma6fIA+AMND2nFVmaZMpcAdJA0NxGpxAdq6zfGUx4gTud5h9YGzpLSzWuTKCKXrNvGwNldT21My8bx3yuABp1M9HFkxYC+P9xEzbjN+I5/KIx51xr9pGhk5cfBwCdxYjzsmRlYbqJm+TnxZmFKNZZo53EWtS2ZNqLduklnPHiNFlaNcb8ede3uYgoqywHpJAJ0uMUu4s9oHSMmLiLJB+mkzy5PbXIfSQchduTbDYDYTNjyN7Qk6q4qDq12LFRsybAk+sRvisi4XGiOi9zExVjcgaGdGNCV5gWNh9YLwz+Ol5EgXsOs6MTniFqYFQcwDa3uZSqFzWugF8YS8p8jGUf0MymuT5RXJuX1kcqOohYQhXu4wHG9dJv4iK+ccj7RBbke54pxeP4qqqjb3Me5nLm8onyFCuTQpq01h5OThjrex0nmjIy2ymiesxOvtmbmPRypmRQ5Flthcx+JTqzhT+6+/pOfx82RgVZiT0Jl564Ct5qJnOFl4c+CvyvqekxNhit7SDd3ANRsi5Wsa4sh4tbUo0Ah8+nFRr3mTuHawKvpKAOMhhrpBZEOSzWd+sRGs3xtiFltPQxq+I8gRV7GDc9MlJ/hLan+vWUUCGwLXvJQM1kaGVN9rx8eJveR8wDUBt0gq5OBYDS6JmReiCBREGa2y+QWbkR/CJsvypXXtMwyto8o4lOuM0R0Mi5GJBBo6QjYknXeKGilLvJm2DGWbQXoYWeYWNQHp/5SsgYe69OhgqOgXKe+xkHkxobXDHtpzXgVItidTIyYyvuqgdhAjjp1lPk+QANuooQfozsWLjJCsQNR3k30j4jhy6wo0uIxgacv0kwqlrc9NpVBn067yB9srGQDr1hK0ZQBRFE7STiKjlLysGCV21+sgsxWtwITlB02hdw4+2/Wor6QqYRxQ0dxQhAJQiAHePaEaptcqrAHQSFNLL5KK7SMVlkWpEpmsxDbX9JW54WF9pJ3kbx3pFAofbUXCmporNVKxgFvUwjRaB0Gg3Jjd/eB/GMgfaN5LLQLHvUjKGfkAInPtA6RNQ27xFiQB2lakISxoh9Yk9uplMRwPrBVYmQLTanpN+N1dDrU4waIPaarm4gE6k2DJYlnw6GKitPu0MzcaEnpoIlcG+R1XUfrJyZOVQkh/HXA/uJuSyknIT0mity9x/aP5zMkgMQd5QMAMWmxkc6+olZGARUH6zNuh7iGofNt7hy29JMULiuZqu8LsaxKCxobwgafKQVrpvJy0TyHWTUY2qExMIQhoQjigEIQgOFQj2FHXtCFRq+kI7JFdto+Aagu/WDUxR1CFKOFQo9oBFHR26x8e5hEiPSBhUBQhCFEISvbW0BVAcb920dEa7xHeEdHyYQoJQaD9SZpiA+LmQFs6TimpzucXxdJMS9WuYqEU9QZeRkZFZRXIUZx9KnUtMit02hLMJ8a8VYfQzEj2zcsDgahop0mINIPXeUmoI0kytSPSNcTN6Q1pJy+0HQ7j6ShZYnrGcfFeXXa48fEKzHUjaE0nNadZWAD9e8yJJNzXGwXE3eEs4STaG9wZlKXXQ9YoajbMwyJjb9wHEj6TMDaTK1KwUqsxaibYk15MPb1m6qi2xAI9ZNS9sccRlseTX0iKgaEayqmEv4WGskqw3EGwqhDSEAgIQgWu4mgAsg7yDjyqAxQgd6g7U9jtDNacsYBNbaRtfx8kpSuunWc5Nj+cpGNFT1GkGKR+V2fd0MrE6E8cu3+swEba6yYuLZqJA6bTM94VUtACZV8M5YAEp8ZGoENAo7mDSIia1I7bzStJLLyUV0kTWgdCtmZZeF+39ZnCUkEIQhoQhCAQhCATbiw42dCLGtzGaKCGFitOssSpO5lj5K02kHczQPkH7ZYUH5YVkj5P/ALYW/aX7on3w98dt2hbdpAgHlf3KgC3aPk3+2X7hH5ZDl69w0mnyMP2yHcsKqoufNIfjrmZnXCCSVPKv9vWYzTGzBjRIsEGpnMKIQhCiEIQCEIQCEIQCEIQCEIQCEIQCEIQCEIQHFHCEa4OAe2Xl2EnL6bQQHkCRpc7M2DEuGx9zfaJL5S3K4I7qI9oSqolYrHSKEGKoHUTXEtIzfuOgk42YLtdmhHkyMcgcrxA0AEI6v8vjiIqiBQ+s5FzMFPYzpGNWHLf0kZMJdWKjRdgJMZmOTrHQAuaY/HOTGcikALuDIfGUo7qdjK3sTd7xQhCmd4oQgEvGNRQ5MdAJE6fARn8gBd6Ovb1kqXw7kz8QMZAvGLyMP6TBcA8lvmslF6GZvfI+Pi15mie8785x+LhTGu5pTXUyf7sc4ydDiwlgfu7Tnx4sbAlhZ6TbKz5aBNBRVRYsZBIrcSz6o5XZqroJ0YfLX3DINhSzlZipI9Zm51vvLWsb+SAAhB+6SuN20A0hiwtkx/IzUibX3mnyDH7TZZtjIeOEcTjDIRvtIXHk+5Rptc6sPvYk/tOpm3DXXboJU1guD+39w5t07SGXGXpzTAVNRj4+TxbTltLyYOZJOjqNPWpBzYxj5cKI9ZsrfAr8d70mbfGw5XxcbiZ5uf3DY9ZMMaozeTmbI+grUzbMFGNVJpWOv0nP4rW3GqA3nTnT5CD0GwhL5deLLhXEqId709BOR/JGTGK0905szjGAMZ1rWYYnKn0BuJFk4dPmWvkm9faDOdAXY1FlynJkZzuZ1fi8PyufSX0viNcmBVwqx6iVixBhqaUjU+kXm+WhPxAaKanN875WGJDSnSTazjqXyvERfiGgJokbzDJn+QHGi1iJ0J3mmTx/Hwik/uOALbpZhkRFRi51GgA7yTPPlfDl4e0gC66y/F8s+NfZt5bh/jRMI3FuZk/ju2o6bmazV49u9Mv+Q/z1QSgo7mbeRjYsC5nL4y8EUDUjbtc0y+Q18N2GkzevKS+WebIDkUKPYu5keTxfL8jjSqUd5Lg42AbY7iaFfkU9SBpLkN/q58Gf4WJcXewmpYeUGtdusyHi5Mw03E7vHxJjxHHsepin6OfB4SKbyag7TpGbBfxugCbL6TbL5P40ccblkKjStbkP4R5ckYZFOvYiTz5OfPlx5Vx1S7HaceQCv1noZfGyDUqVW6s95yZsYCzRPLmgY+J3gBK2VSxjc+4bSlSxYmlMMfZdyOphm1pizDEoG7dK2v1MPHQZM7nIwVVFse8xYlgBsq7CWhABJGpGlyJhk4jnbhQQA0TIAxlVbqTMyCoJO5iRSWHaVca5lHMAdpk06OJI31aZsAoo/dEJWX27bn+UnrH1hUKZ0U9zJuUQauT1hYZNyY4QFqZ1JkxovFbsL7iep9JzLV2dhrNB7m57cukJS4sSD3mgOp7gVF1+kanrUJVMQyAH7hM2xAglTsNZowCgNFjx8iS+la8YHMR3mvjYflY2eIUWSJ0HGuTHbaV1mAV19ovgdfrBuz4NjkT2q3NfWTzAFMpH0jyMOVDaLKw0A7awQ8XAPYcAestnZtF9wupzE2B6SkGu9QtntucTgg5BxHQTLIADLJzsLLcgu1zMML94qEgABN7SlWzZN1uJf9sj2m/SXg+D/wCUlRtp1gtZcPlyBV0PQQUKh1FkTuyYcCFGxWXOwO8wyul+4jlsVHSJU30wbOzHXboJSty9x0qDYw6jJsLqpmwUNpt2lXhrlZeNo36Tn0I13m6+OMo9hruDEfG7Gu0EsjCVzPGuo6xvhZd5EjXFBNmEUcKJeLIyNYkQEl8E8t3zHIiodxE4OEFbu6IMgWrBu20TszmzKxn2Ac63qTA0ddjJjokeohowL3mgIZPpMyCKPQxA0TWxhMF1DeEBCgafQx8aNdYVZqafG3D5OgNQlqVPI0Y7KWveIL7xex6xuOsJ7IC1I/WTxBBP7hNcYFH1ESspBVhr0MGsoBbNSzXSSoJNCF0Moul1MVH9JoqcdeveOrSx1g1kq2dZZxe4LtpcArXpGXOl6kdYLb6bDCKrrU5sisjcCbqdPIKgYH/1TmY8mJ7wz13eUjUy8g4moqqo2bkNYaTFCEKJSHjZ6ySOsIFDIQwbqI+ZYEH6yI1W4MhS0xkyggFTTbkeywzb8MslADjJf7qGwiskVAabwoq2qU60unSIKaLdouWhB6wp4tWIM1YKF5E7bTHHfIVNMu31hL5L5KxFepMnkSL7SYekLgJs3CKEKIQhANo4QgKUG7ylC8T17SDCGR1EUIoU4afrAC5XA1tCamapj5LqNY0wlSGOojd60XTvIlvqA4htcxYFTR6TTEbNGPKAx00IH8YSXLlZQuousJWgddYzXaIdpS1y12MDTCyg2QJtlyhacAMP6TnypwplOh/lMwSBXQyM5vLbIWccgAO/eYS1yMIUDrKs4TC5XJRsJJNnTSFKEIQquJq4qiljIR6npCckLX9Ymq9JpoZDAdIImEIxCip0+KuPizZGobBR1M57lI5Q8l+4bSVm8x1rjRU4fczft7fWNcWJBwq3kY2XDi+Vjydj9vWa4MbENkbc6n6SMXWWZFVFK+3WiBK+MUCv/wCmT5IvgBoSdprwcAdR0Mp6iWxgeOeQ+k5DQFTty+3GA41I2nG2wuF6oI/iY2BA9IypLqo3IhmoUo36ytfDOEUIUTsGEcFKn7gN5mvh+TQY4yAdQZ2YvFytiAY6DWusl/VntWAOMGmBGNNL7mY58rElLtbtT2mmRHFo2g6CYOCRrusYkwhtHysUdSNjIvpNcftpiLvoZWq1xqzjqKFkmMY6NE6HaM5/ZWw7TJMjHGVOpH29xIzy0yhRxDAX6CYtiLn+2tV0m2DECpLm6nWzIiY6AUbEjrBuONPCPIfIdK1A3g3xYWHtNGdGVCznidCNJyZ8wyIqEUynU9YJba0fy3U1iyllrZtdO05SeRJ2uIijCMakwVCA3j3lUpooBFzOu0KNQVb1USmo1S+skjjCfRsHAGslmVxYFETIm4wTIfifPf1k8j3hR3hKoJuKEIUQjigEIQgEIQgE25u7DkboUL6CY9ZuQgyVjJK+uhl6pWR31mwzAdJkfv8A1nQMmOanvnEqDkF7QLgyyyE3ESO8fuiLELj1hRgAaPmO8BdywB1AlE/IvWRkdGXTebccZ7SMqJxJWtJLojxXRMvLIgyCj7ToLmB3M1wqzZQqKWY7AazNgQxBFEGiJn00UIQkUQhCAQhCAQhCAQhCAQhCAQhCAQhCAQhCA5phCcgcm3aZgQ3MI6uX+T5CY0pVuhOnycYV/uvjpPOxcvkHH7htOhnyZnKjWtzM2cxmxzvXI1JMtlIYht5JGtTTRCdOPBjbEGJt3OijoIvHwIzj5WpJv/bXm2PQDQH0kZt+GeQ/GAFXUbekZVmArXSyYLkOTkD9qj2x4Pk4Ou4b+UERgZmzhB+7QToRg7ZE6jSpycWXKpGmukQORMxCmydD+sYZKvxMq4sjI4tWsTIuAGX10jy4vjausy6y4uTyU0TDlyEBFJ9ekkUSBPU8f++nBf7eDGPcw3YyW4W485sLq/AiztprJZCpIYUe07suX3/F4412uPLjGPFb1kI1v1iVNefLxZnw8ihosKudS4UdRkyY+K1dDrMURcr2iUt/yEq66PC8d1IysPc32j/WWzDLmCbjGbJ9YHyw6kJft05Qw4WKNkOg2/WT9Wazdrt12BnV42TG2pNFRqJzAWjqP2zmw5Cj8u8lmmDyNchYaAm6mLTp8gfaRqDrMHXSWNSr5n4BjGwNmbYyH4FlvhofWc+MXpOvCFVTrqekrNaYFouBpetTRaIBvXtILcFtdWyEKIZFKG9pET5I4r8v7gdDIHm6jmNa3m2XKlAZNiNJ5rsXYmScrJqvIyfJkLLt6S8eQjEw3odZiutiaYsZZWrQTTVV47lVevuI39Jt4+X2M5NnapmyqikD92klF4Gt7ksZuE+tk/pMyKE6MmOqmTDtKsox4SRyM9fxEXxPFOVhTHWv6TzPDHyZlRzSXZnV5vlnO/wYfsBq+8z2+D3z6ebkYu7Mf3G5WJih5Tq/xEGO3bXoO8nJ4LqEK9RLpsrMZ2U3+sETPnYn9t2T0m/j+Dzyf3GAVfuE6yQdAAMaKaUSW4foyTG5Wl2/3TRvF8jMgx4KPH79Znl8nhjXjsNDJ8fNld/axXGNeIO/1jll0N4nkJ7QNVF0DMBjZUGci7Nces6cmb4kLk+7pZ0nG2VMqnivFzuwib7ayZ5deXxfH8pRkCZcDaUCQR/OJfDbCts4YsNttJz+Ovmmm+5FOgfb6ysucZclu22lDp6mMv7JszL/AEdfjYUDAFtwSeOs0yeKi4yyOWY/tNTg1Rj8GQGtb6y3zO9YaAbJX90esWXzKSz4bn/ASl8nGgZhZHrMUzLyrFwx4BrqSTUwzfjmxg8syZMgrQG9D6yDiJUoAGb/AH3Usk/Ut9PQ/wAlfIw/GHNKb4sNfqJz5PEw58LMmasyn7TovH695z35GD+2pDHYt/t9LmrLmxsmLJxAeiYkLd5ee9qeLCjJnf5HirkyFvl5OdK7VOXJh+NbLcmBqh/WVZYamgP5Rs3sMyUlmAlZRxWupgzlaEcCTvGbqQhATuZqq3X84Rm4tRFgBfIFHWGY08nDkONwwhfTvKomrfavbczjzH3HuYP5TMZizE/U7yHXrQBDrUYalgKu+sqmWHEiRA6whQNYQGkOsAOgrvNVHtAmO5nSimr7d4SkwILGoI44a9JbsCHPUmZYqJND0EJ6WEJZSxu9QO0pCWZgdDKQEPx6r1k5qRLH3NCLs5BxH/bXT6mJDaG+mgEtSBgBHQTDHmUtR6yJNWMaFS53G85H+49peR2VmUHQzOI3IIA1GATpAo0qunHnwrjGlvrYMzbLz0IFd5lwbtKGM9wPrGJkIqOWkZdhVHbaPhx15XEQtbwGMxDBtj3kt72sHU95SKhYBjQ6mdWPH4zDkKAGln+sJbJ6YpgzuKIpR1O0RxqhotZM67xn3cica6a9TMn/AMXI4J9oGmkmpt//AIEOLEOVFiZZCEBiaiOfCaRNF6mNcmE42PGgPt7mGeWTnivKt+8XDFkXaj1MMuRSAmhG99ol9wIx6EC7hrGL4SpoRHFkUWykCMs16nUTQ5nAHI8h2MrW1gYA6zcYhl9w0gvisWq+hMiztNZXepgN5Nx3KGy0YwSpsdRULZ6r6SSdfpCCzVQENLMQhTWuVHaUy1tJBrXtL+QEEEa9IS6EZADyFnpG+bkCBpMutwAvaDI1SnFXRA6ykKEENMlxsTU04cbA6QlwJp+ukllNwJIOkrndDrByAoI7SQADcQJP6x2t6wKcj7RJV6FQvW+kQAL1sDAoMWutoi4elAr1ghYE8dTHiCtetEQJLkithEJRYVXHWJYUz9oPSTVmWRp6GQwrbaCJMAahCFO+kVwhAKlAldooid4FjIdfWHyaMP8AdM5SqWgyHoB9YibAHaIhhv0hAotoVkRiusDXSBrhXRnPQaSch2E6PaMSgGtL/Wc2VgzWNpGZzU1pcUtBftOgMFxMzcdvWVrURzTihXXQjrAYgylgdoPyZSlRmOk0bGgAKm63gXBU9CITfhIFRchRBG/WJT0i+sKZOkmOKFOjKRQxpjQ7wD0O5mmPEHFmRLUsq1xU2B1gL2JvShNGUJQHfQSziCiydRvDOseZ4izqNP0kcu+pg5BOm0mVZFBtZbe6ZA6ywwAgqSKMQlZB7pNwsHWO9IibigXzPHj0kmKOAo7JihCiEcKhChHCFKEcaozfaLhACdQOsYWzRlrj4iyde0HoAVvIm/DOtfpAC4+hk32lVZCVpvCgP0gNBZk8j1kRYoMCdaO06MflBndn0B6dNJylhcQ3qMM10q4yeTzc2ANJ3YkDUQfawsCeXVaibp5DYynE7CjJYzY3/JZmyZMZJFheNDsNpzBCdxoNTDkuRi7n3MZT5lVfbs2hlOWGU8mtRoNBJyOXIsUQKP6QLkE0dJJNm5W5BKxNxyK1XR6yIxvC16SeZkyOSSa/lNPlylLBvkZxK4xoFGpOrGU2U48S6+67kxysdGYX7T2sXOUIGNHQyk8nm9vtWkbAMAREOY5GFEiOzKzCmvoZI2lb9Hysay8arX9JAFTqxqDiBhLWmED4yf4wYcgA36RY1b4zR0NyWzEAK+6DfvIwyXyjjJUiwNj1nMxsk943bkxba5MrrJgjqECYDgDRisxQKujBTR02kxiBr8iAVVyXUHUHSQY1PTpCYUALMZgNIUyNN9pMfS4oBCEUBwhCAo4aDaEBQhCFNRbAbWd5syqmRgrcwNmGkxSiwB2vWasEDsEPJehOhl6pUUC36zq+PFXScyAlgO5nWfEXuTNdf0SoKJegETIOglnCAa1klQOpls+iI2jgdOsNO8gFq9pQVTvpEPrLGOx90v7A+FT3k5vH4IWs1NPgf/dIy4sqJZNg9Is+hGPj5cmHOHxni21j1mTHkxJNknUzfA5xeSjhQxBsKRYMxysWyuxFEkkgCpi+GoiMVCKRTMUBHsfWEFGrqKUzMd5MAlcSAD3jxqhPu0qVkbHoqjQdYN5xnUUZMrGVDWy8h2gRHG6kG6Kg7XGuNmFjrBqISrK6VREVwpQhCBWPjy9/2jcToLLxDvjCodFA3M5Zsjjl8uT3BdlkrPaB1YH2igdl61M1VywVRbdp1Biyt5DGidEBnd4uEYQuRipdhsd9YtyJrzcfj5jqunSdHiMPFLlqZmFC5ugy8m9nts1U4PIBBq9eojym23C8rL8uYsPpISrJIuSK67TXHwurpepMrXiHuPbvGSeHESeNMD0O00QWTUIS2uMsw0HSapla7A4jv3EXGyVIsek2wJ8jkcaRRuYJXObd+YGgOkeHBkyZrG+5nVjwj5CBoBtGwKEuh9wPu9RJamsM2I/Izn9uk5xiVzyM6MmcPkIGineZK6a0dIJpjxVSnb3A7CWaoY0JAO4HeHy4yhRr5DaRhyLjyBiL1hOXdh8M+PhYtXMiyT/SYhVyniToNWk5/Ly+UfjBqzQE6MeAYE43dauZOfaVGdwmJ/ppIxquPApI1rkf1mfkE5fJGJPtocprnXjjIvTpKrmx0XcjY6gRnJkYhLpRrUWEkY2NRY7DEncyqzfnzrYHeJkGwMoHlloxZQQ1dIVAc6BjYG0q+RK79pAWyZpgQ/IBC0IvuqdAS29ZGQcB8nrNsRdiHRdCKJO0ms1DuEyqd1XX9ZofIGQcuNjqIzhTQFhyHTvM82UKKxjXYyeUxedFyDX7RtU5SEX7YM78bHWSqlmqWTGvRooZiR03mjnGmmPrvMSwRWUdZmT7R3EpjZGLLr+kpLuyKuYoxFDsbmylnfkdEWQsavvW4EwYDkfWU+QlzX2ylUAByNT0lTwy41oD9Z14sOM5cSIbLC3PaRh8c5WbIdMSiz/wmuNFCHIvtrrJau41bx8bZeRN9AOkpcahz7r6VNMQPwg1bEbyePBCRuJmVlzfD/dZrPExvgGO2DaEVUtWscj0kuTkIA2mhxeQePEDUmdviYiqAfuO/pOa1/y1sXxnX8+PEDrbEHaS1fhy+bkLNw6Ca/jsOQnlsu1nXecrlsuQaakz3cCL4uC26DT6xbkM3hn5XjoMQwgk5CRVH211ucmTEgxq60upH6es6w2fIxy41Gg+4nvPPKFlZipaySWJoX6SdbUuJQ4kLMD/AHBqvaZJkyEsz2R0/WaslAgso47L1P6zLIAoHIanWu4mwLzX3GqMePKCx5aof4yFIs8j9Igp4lyeIH2g9fpKrqyKpRlXUsbac+VGQqWBa+pOsbFQoCvpux/0l4vMxriGNlDFdiYSazZirF8d8OgO80x5wvtdQq8T/E7yUy8muhvcbBnZSKN6VADiBHLGOLGgq+kzzeNlxi8n3doHHnAKgEnoes0xZ/Ib2MvLShy9IVKjGEGutbRo1izoLl5/HBxHKl8l+9e05+dAXt1kyheTXyCtqmMrIwLWNpMNzwDG2w+kKjPQQED32nR8XsVk9xOhnMd53+PSIoyC161oYSuU4+JFxGjOnyEUe5TyQdes5Sfca2g5IjQ3JuNjcUKa3YE6gy0V69ZybSgxA9SYSzWj+4hB+srCOLEHcbSMWuQX+s6GKrkUgfUQzfgnORMhYDWtpljw+R5LVjUuROlvkCs5XVtB9JGDM2LCcWIXldtXB2A6TMXpm88RkRmQHEdOhEyONlajoR0mjPkJ06dpvj8LyMvuZgpPU7y7nlbZPDlIGxBJhx/2L/GegUw+KBZ+XJ0voZi2R32AVvSWXWfyYnAbHusnUgSXx6jX6zRw4c0wOmpkfFxPJzp0HeFm/JBlRh1AiJQ2eNawdjxDKKixDkbbUDWD6mFLaqCVl8VH7dustnOhIpeijvM/aF1bU7ypuneMWWFmVhRSdTSDczMBeJvptFy9vEbQYostEC+PSRxJ0uMkCuR06QBFEjaTFUeCDayeszL3pEWJMRhZDNdI1ZkNjS5IU79IrNwqqs/1l8QRXaQcjGIEjWExTcl0GwnT4uR2cE0dCJzcyd4sZIb2mtJL4WTmJhAR7ayhoSNRvJO8oGjcX1gAGvpHxHEsOkV1DXYQGByGm8XGNbHuHSBJLepgIKTtLRF4FmNN0ERZksdZNwnNVbjUfxjVtyx/SM5bUJWgkACxAa2SajKtQJ0rSIEqTUfImiYAuh12iZes04gIe28hSCKMJoQ2DGFBOu0ZUKARsYh7QbF3tAQVlJKGSorWXyyBeNb9ZaDgAGg1DqdPWIKBNWdGv02mPIwLH9IOP7YI2kF+kYYlSo//ACJDKzuEIStCEKjqAjFLroYitQJl4yoNt/CRCFdTUV7XIOJKAv3d5GMjlb7DpNjlTetJGOZ4S/jqqjvAYCosix1MTOcjgLtN8hohBqGGv1hNrnfmFAbrqJNcjtr2m2XUKO0WQEFSv0uVZWLNr9Joco+I0KY6SFQEm+kRQ8bHTeF4CCzrtLXKqltNK9szYFa9RcOJ430gwAkH6wY2B3ilcOt/pC8EouNxVQU0DezaQyAXa6jvB7RHCidpaYyTrBqKmyckUO2g6CLhS7a7xuCwBMiWoZyXv+Ep+QWm1J3iAHMXsIO5LC9hAzqBjJo6RGVRCEa6kCAUSYjNlVC2uoEjJx5e0UOkJKiEUdQ0IozFAIQhAYhcUIDiloE/cT+kTKAfbqO8JpVKDMBQMEXke31mrIMN9T/pIlrIc9pSozb6VLUkkuRS1Qi5AevpCahzpRkkS2N7rXrJYbSrCskV0iMZihQJoqE/bqZmN5uuUKPaKrvJUq6VFIOhmTsKIHoZBJY6xVBhiyIcTEGI0l8qFDcDWURVw4n+EpCALbYQDamhv0g1PAytAAJJuMQoNhr7xuSxFxE9O0Vwh1W00XIyLxB63JBJFVQib2moPK8uRXTUU3SZiqHfrETcS7wSZGq0Ab/SdGJgy8QNVGs5bs1Kx5Di5Ea8hUJY3HlDFaEXX8jOV3LsSevSLfeEYskhVCoGKGhCEIBCEIBKBAHrJhAZgDFHAomvpJ+sY1FSwl7QyhVsxEUZa6HWDjYwus446hUBCGg3hCAX2ijqKFEIQgaYE+TMiWF5GrOwlleDMuhokWNjMsf3ipY2M11Slj5Fxx3vSdoxeT/u/nOTAayKQORvSp2/5Gb/AO3/AClmJUHHmuiwuSyuBqQZpzyFrKfpE2o1WvWa4+qMT+kYH01jKA9xAopHaQNQSdKlhcoGiipCoAe82VgBWsBcvIsWm0jO+UoVyKQOk6PmQUCDJzZ8b4mQaHpccfK/u5EdsPk43X7loi+8x8hnfM+R9WYkk7TZchx+QjgAlaIvUTPyMjZczs595Nk7TFIx6RSqjK0NesilqPpLQodSNRBb432k2emgMJ5JjZuTGd9YoaPeFXDpNMAIcMF5EdISpK0LH6y/kVF4rretzsbGMuMaBCNzOB8bKTpYHWTdZl3yTOzH3G5tjT2c70G3oZjjAZwD1nTkZRjKgUB0lXt8OdmLmj33kkUYGEKUJQRjsIipBowulHrUrhQsxn+FwmguTxB2XpOvH5Fg5W+8mlHYTkAF6xg2yiqAMliV6WPMMP8A3CbOo+s5nAyklhqesnymLMNZtgONgtm2A1EcTlj04zjUHXaUFT5ANllZBqa6GZ2p+6VpoTyY1rWgmgU8KH1MyVxjXTW5QyUSV6wjsXDxQEahhqY8Y+MtezRJlalJ/dpQl502LGgNpF7ef2aOqIAwUl+o9JH+RhTm6+1unKU5JAAM83zCQwU6cdIzU80/gzuzOgBD/wCsxdMmE8XWj6zsx51XBjYjQNR+kz8rMuQlb5DcHrHOkt9uW2GvUxFidb1gTY9YGpWlY8hxuG7HUzbP5uTKx1pTsBOcQobxhkel4eILjOR/ub+kz8nKa4j9Jk/nPovQCpnjY5HtzcnLOXzWw5jHxAsmSuBks5G3GgnaudRjBQe+qOk5wC+W8ugG4jlGScMeQMRctsDZRzv1A9INkXKjsoriYl8oDGvcGq9IVyke6r2nR4zFswGwOhMj4+blgNCdBNPFXIMnALq2ktW3htlQZcwxD7E3PebZAPiAxmlY0APSbLgKKVq2O5nM+T4rFaobmPPhGeRazqdh3kMaxO/rQjyZvlRb0JMM6+1MS7nU/SWceUTVeMWPWYqxGMkbmaZn44uCn0mN8cem5mln/VIH9smIC1muJfYxO1TNdoa0AGrlHIQvEfWSQ20rGhbIFq7OsDXEHdebmkH85fJWJF2TtNGVFxsg2ScJYhrEJOWo8nKgKA6HSbsuZvGWtFB9xPecQY2DvRud2DIubIiuaRdSo2kpXVly5V8ZUUVpvM8SkoObe5jr9IeSzZnGNdMa6mGZFCEqaZO0zGfonNmQYyqdDQlaY05E9P6yPhV0DVtvKfH8qW32psBNYOTGp5821J2EpReSt5oiKq8jv0nRiXAF+QkBug7x48r5LxsVeQvIa9BOvysoZCOgOonOmTHiZsl29bTHNmLLy77iTNuprDN5eUkBjaLso0Er/JbOQDQXahtU58wAKj+MhH4kmXI1mx3eR5GBSFxrqNORG49ZyO4bUbiSx+QX1iQEMLFDrKY0LIqKbHyHX6TMsSLJJ12lMgZvboPWFcB63BMZ8SfSPgSNJRLVe5MPbwvqOkLtUmIFSS1cdh3lLkKZA6jiRsJkxc+65TMAwAPIkakwjofzNTzx2CN+t95OLy2BAI5KNQJhnscbNxYCVa/29SYMma6R5GUhww+7fpvA4MBxg87Zth0ExyZQSwU2nS5aqpWxQJFgGXUzPo58mNsbFW6dZM2b+6un7NyZCYwzUTI1vHJhS1V0EDjYm+ktmCEgbQDchXUwms/jJycQf1nQ2TgoUanqYioUcV1Y7mUEB4j+MnlLRjLgkleQYbRPiQC1INiyOxnTwVbWxdWZjjVMhcE0QIXeMcvws32iz26yKINEaidDsK5XRU+2URiYnJkaiK+3rcrU2uSHrLdQG02MnaBeJwlsdzsJugQoz5GCnoOv6TmsDpc2YpSgDX9xis2Gc75KVzS3sNzJZ1XJSjiBvUzYnle3aAtmswY7MKJwJLfGnVz19BN1YOeQPHGBqepqcK+PnzAUKxjYtoJXBwOINkfwkxmyfLVsofJ7ByCjeTiRWYlu/SXjQrg5r9D+sg5CqNWnS+txp5XmGMMQmiiqHUmRwDE3qQNLnOps32muPkzFV3YVC1PwZGNrqDLyaKETTuZs3LEES7odJzZHLZCFFDpB5INkVSQLXa5Nitd5qWKIARSkaCZKvuIAuUi1skdfSZZAyseQq+kZLJqNDIZmY2xs+sNSGSWP+kCNNDtEprXrGBcKQhdGB0igMsWMUBGBZoQEBZjOkBYj4knWBM0xYyzUDFQvbSXhDc9Oxi+CeYyFCNULnSTLU8RQ67wVJ3hpGf5TRMWgZtoTcZ7j6RkEUe+00tVteh6yQ/pdbQmo5GiD1iHfqJoScm+klCFOouFImzZil0GalG/SWvCqOhWDWTK16iMrx33m2VlKgrv1mWp1MJLUneVWnpJsA2f0gHI/jcqrJKDiTYMYXjV9ZLMHYEQfoLupEGQFDxPSNNwTJZywF9I+YoDtC840yO3HatdJkSepg+VnFHp1k6mCRY4laG8OOkgGppyFQMyNZojBFIr3d/SZ3CCtF4EWRtFxTVukzBIMLMGH1jG0QGsfUQq9GroRAit4pVchUMs3IJ0kSmQr9JMNQSgGIHaar47aF9AekZFIT2hL2no8FAEEfrGzqdt12jxPWMnjet3IGxJ3Owk9s+6paNk6mpAYkcexuDMVNnqKko25PaUxYF8mHWJTaEdesskLjsTFdQ0LFZMbUCNQBKXVAp0qR8rAaGWMnO70AkOcSwUnT+UTKqjTeUKAJXaSFLtUAdvaANjr+sYexQH1mgRQAKs9TJyON+NHYjvBpqNOVUDoJZPHTsIm8hdOI22EnM4ogbneEyjkOFndpLvoF/jE9njWwEknfsYWRS0fd+0TNjyYmPYVfrJlWQQlKAd5QUQuswLhOpfHRxa2PWZ5vHXGthwx6r1k2eE/KJx5ONCtL1l5s2J2NJ9JgNZ0BsIxgFfd1ipZN8Oc1em0Ok0cIy8kFEdO8zG8rWijCUr1odu0fAMvIe0dINRCusf21pr3jAJHIwaViq6woCuplClUn9x0EiAdbmqZG9q9LkhDpexl8OIurEiWw2VQSQOVdpJDswJ7S8RFnpcaoWb/APO0JqfjK0zWU2MTOtVj0nQxAQIdjOcti/26bWISBSSLJu95m5s0NpfMJ9o17xe199D1HeGp8s9YTQKChN0B3k8Qa9ZV0ALVk79JXHmaTttIKkek2GHgvJ95EtCIKKkfrE6cBZgMgGw1mTMxJvaEkul1hcIVK2CYAkbQGughVQCzVStOIkQhMWwoiIqb9IFrq4y96bQHdCpBNwhAIo6NekIBCEIBcIQgEKhCAo4UKhClCEIBHFHAJSC9KuTGGI2hGgWouRDACAPLvY6ySrLqYZ/VTEE31gAGOskm9YlIvWFzhR4jbUx/t7Qoa1rFyHXSQFJIrWWwBF3JupSFcUZIPTWKFEIQhXR4K528i/HBbIoJFdgNZBJIJO/WThZlYlSVNHUSj9s1PCXy18MqmZWOlazv/wAzxzpr9ZyeBhXJnAcAqBZuel/j+KRY4WJqE1y/NjL3ZqQ5Uro06PjxByKQiRkQcdAty8pjl4N0MZRydDpG/Mft/hKUvtwjECK4OpmyHSiRJxAlqZLnQuFGW+Fd45WQxwYA6fwkeSvjnA/EqcgGw3nQPCxsNAb+sz8r8bjx+O+QXYGmsm1qy/DyV4/5GPkvIaWvf0l/kMZHl5P7PwAURjBupDmsqEHUASfIJ+Vjysnck6zN8Msib1jDWRf6w4gfSNlA17zIpypFKKmRNioAnaMJyvWoJwiOUOIB7zUeLkZLqr6mF1jxLHQTowcl0Gl7mZole06NKGNwaBhm3eHW7qV4qdTo0yz+Sn/aUe2quRTY8bd+pmIAbfeZkSRquJkAyD63MizEkEbnWdDZQEGIDWpk2nSUl+WRFsYJXLWABJNbmV8bbytLY0CD+hmaq76AFj6SuDHQ9J14cuLCOKi2O5ktxNxmfCy48XyONBOdmJ327T0cnyOpLX9Ok43wMGH84l+UlYi9xLtAe7d508OIoAHTecz4wrG9JV3SBfI+mveb4yVewdpzWdl2nWmBwl0bOwkpSDK3I7VMVQsfdoveWyPjs1QG8zTKdQTvBPo1GNCKu+0WPGytqNPWdXiDGCrEclO4m+HImXJlQpXH7Qe0WmIwfCvFmvvL8rKmSqGnWN8eLGRyoX0uTnxYwf7baE0ZmWal+pu+MYwL92lVOTzvjyca+4DUzdvExMVVmIY7Tm8zxn8aqPJT1iefJHKC1Vegk61C9DEW0m2gdIRWTGIURjXSo1CllBNAnUz0EbGQVxqFQmh3NdZLWbccWPFkfZb9Zpj8bLzANKpO86MKBi+TX410H1mlAkV0u4TU5PI4f9lBx2J/1mPO2BJvlNK/svex2nNjNOuuglROTljcqNA3STixszgVpOjyirFFUWd2P+k6PFRfjLN7T/pC7wlSMPjfIBZBofWNTlyKmSuBG59J1jFiyY1CkXuLnM5fGyqdeR39JjZU/Zr5HlZOICaADUzz/fkJJOhnQQXVy+wNTlzOUIVfqZqSRfLq+H2Agfb0iznImMOg1qiOomnj50cYw2g/dKfInJiNmveSo8zi37usoAKpDddoZH5D27g6yGychTdJWuXQq1iNTDGhY9gJrjcEBeneLTnXQbCE+UEMG1/SbDLjxDT7zuZ15BiZULlbr7R09Jx5/jKsAPd0qSXTziMmU0//ADznJMd6axXNNyC6mmNnW2X+MlcbkBqNHb1ndhUZUOLMvALtUlqW+maeQExgtqzbTTxuWVclaliLM4mHuofpPb8DAuDxeTbtqfSS5JrNjn9yYSCK7R82XAx6GV5mRcrIibDczHyPbj4XrvLLwntnztDr00ExUnRugjBGshToR3mlD5j8hYGCjJkXQ0BqZlsZqjHgQJGsSOp3MhtIwT1jIvWBXjuELE9RQibKOXt/nNceEtj5DczJ8RB+kYnGhWJcMxupWRixAGusyErVSD2gxqVAsnbaLHWx23iz5vloLoq7CZhjt0gzgnJv0MQBjJsym4iiNQe8KjrrrNsuZHVRwCkDWuslgnwhi3uOyiZgQGd/SUKolztsOsj6y041ruepgrfw8Xj5C3ykgge2us7Ti8FQMaqbIs5L2nmByrUu/XtI+R+RIO+8YmWuzL4+PihxtzGQX6gzPCC+UjqPuJ2AEzxZHVrU0ZowfHi+3iWPuPf0lS/Dry404cgK5aRf4jfH8iMPbqReukYdsuHk3FmG42/pE+VRj+FVCs+/WZuxZOt9uUkq/NiRfWIZMYfkG06iJ0LaCz2qYFCDRGsuLjTJwdiwNDoJFAHU/pDibrrHxAUsd9gIVsDjalOv0h/itk1xUa3W9ZPjrk1ZaAA0JmuFVGPlu5snXpKm4wOF8TgZFIloOVmbFy2K3bkV9vH0mZQqFNEIZMSssgF6RqgJAJq+spgCRRsGLUH3bbwOzPnxriXHu1UL/aJk2TQULoa/Wc70WsazdFDKOIPPr2kwviNUIbD7u+g6CcnkMS5A2Os1yZQq8eo3HrMCeT3EJPaFNGdOFxjbk32zFlAFx5HBQAQXlq/kschY/QegmLMefKRrAmXFxqX5e49NI0ZRfc7TC4XB+LTOKYAG9NZlUDcYu9IUxoLMQao3NCpIgMm4oRQGa0o/WMMRqIoUYDu+sYetpNTXDjWw2T7egHWC4vGwIAItmOk3xIPmIBBoGcbt7rGnaaYC3Ox2kqScysBC4+kKuVRdgy1PsqRQG0e0JQdoCBIJiEDR8nLYURII0uNxxojYybuCfRQtdRoZJJJuMsTvJ6wq70EA1ipJMOkJhldIMAEFbneInWNqoesAVWot0EV3vD3KKvQxCFMha0OvaISiARfWIDS4B6QNg0ZSjWDizcIneM31gBKOoqBnRENZXpETCmqhjrK4gTOXzvQwl0qN30jH3WYKbFdIOeIrvAq70EaMLN9N5mjVEGPInvIY0yZB9u47zNSAwJ2EUJVkdDZvZZ3PSYjJoQdQZEYhJ1kWcjceINLGpyG6HSpA01OvpLXL36DSQ/Za43Y+7QDWSQvMoNo2zk3Q6AR4lIBb9Yich6Cab7ETNeQVtJoxV8lgaGVkKKvFRZMpvpzRjaUeNUBrJ4sTVQ0Ze1CjQDedGBQMfM7nSpzhVP1mpYriBO56SVm/CGye89ouQIo7SICVrFhFsaywgupOMAtcGya6dJE5aEi62rT9Zgx6QLE/rFvKSYDARQhpviAImjKsnEVXEGY63IfITqNzIxm1WXMUZkxmlIoj1mBYnU79Yb77xQ1JhiMmKb43wBOLLr1PrKVSnCVAGhG5MnyFSg6aE7iT8fJeY27REFlqRn35ZkQB2B2lcBRB+4bSSCN5WmrFdBvUR9xAkIaM6MCgcnP6SM3hBwE67CWUxonuXfrFmybUd9xAZAV4tqOknKct/ayCtVuhLy40U/22tK0v+k5Fd1JUa1tLXKwx8X1AMcmE41q95GPIyX1ErNkD1x6bTGyplWTh0ZDaY++5mIq2A6y3YDGpA3mQcBw3TqIJC2bXaF1/oZeSiQRsZlK1D5E77SufXttDGoLAt9o3mmRktloVdiRKgBslUNBuZefITS3oOk3V8eJTw2cA1OVhzc8BpvUJOb+iJQyV026x/C37tIxiFanWF2IPEkV+pjCksEMZQDaNLGT9JTUluJpdh1kx0ZS4iesLxGcc04KL/wBw6RHITpQg34RCEYgKEqhUEID2RddINIEgUIwORmjMhG1TKyNoRXG9jI+sLhvrClGIVCAbRxQgAjq5MIBCOEKIo4oBGN6hCEaglTQNSwobrZnPZ2jDEVCWKbU6ipNVKJ5AmRZgilJ6S/a24r1EzU6yuZvUQVJrpAVEd4Qp6doqlBiPWItrdQJgZV3vEa6QNvFHjkZDnLD2+zh/u9fSLpUvxj44xZvmVi5A+MqaAPrJAsek1PCV0eFiObP8fIqOOtT0P/GY1H3MfSef4q5vnIwfdx3M7h4/5EjVx/GVZnxpDw8XIi20kv4+NFu2mg8XzNScij9dYHxs+zZFIEpn0cxVQdGaVxB/ewP0mvwk6c006wKga81/QyfsYjHi5mvlII9Jsvi5SLGc/wAIlDBgVZbO2s2+Py10FGuxirIj/D8haIz/AMjMvI8fzcOJn+TktazpDeb/ALL/AFEjI/mDG65cTMla6jaT9lsn1eKw/uJel1Zmnm4sC+QfhcugAskVrF5C0UcbNsJf5Dxm8fIqnIr81DUpur6GKwwLAJtvIAL/AKREgiu0ENGZMMow1rTvGhsfSaIwNIdppwwrXHWEtYIUDe8aCbMOTBufs6CLJjwhS25mTOQBW3SRPPhplavYmo7zRXIUcxqYsGP2fKd+gkZnB0G8J9FEh1PQTKhQIP1mgtcf6ayMJtaqWLPBIOL8jqIO9v2raX01k/GXcBdydoEe5G5Ebyky3d/wmz4eLlWH6TA4SxJU3XaF4vlZyDkrLqW0ImiYGOVWuwCNpy6r0o95v/lMgATp1kpZfTuZiSQTpc5fk5ZLraYnLlYnidWM68eAqArb/uiTGcxkye7kx0P7ZGRgxorSjaVkbllAHSRl4hhKsX4y41YNk93+0Tqy+RkuwaE5sCg5BkqwOk0zhH0DAHsJm5qe3XjTEyDLkYe79p6zh/xkHkEqLx9O0p+PFVAPJdLm6sgdK1rcesRY0xKqYjQog6CGXMuIrl476Ey8CnJyY7dB2medVbxsg6rtJs1bfhy+T5GPMdBRBmLeS4ah06zAt1k2d5rIY6T5TnIHvbSbHM+VKOo9ZwCbI9LxG8ZCzPCMoCNptM7naBjK24sCc2ZUBvH9vaVZfTKOKOGhLTM6AgHpQ9JEUFj0PH8hP8ZcWxUkn1kjyx8rEaLVTjVyoNdY0R3alBJ9JMZ/GPUxqrYBet7mcdKMvG9BpOlBkwYrfc7CcrozPYFXrUe2Y1XgMi02nWGXyQMh4D27E95kE9pI3G8nI4KChRlsWL5ZOKtzqzQm5yNzDE8uOxnLjXkQx2WdF1odzIlPLnPxtjIoNrc4msm7m+emvXRZCYyU06yrG3iIWUgb3HmX3cf9u81xgpjCp7T1Mzfiib2b1MjO8uR1ZDpsZmZ1HNjPtI/WYvwZiRoIbl+YWJgDbdNowzl/b9zaX2mdSlcqdN5THpr4mP4KDF2G5G1znzYgooCiN7nV4fm4MODgxLOATQ6kwD48uJmK+7p9ZjbrPw891wLiAsnN17TBfuF7dZ1J49ElxyJleQyYkGPiCT/ECbal9OgefgGNeCAFNEX/AFMz4+Rke+NBv9Zy+NhL5lrbeejk8xUSgf7i6LUzmeGbxcjgb48bca+09d52DzX8hPjRaGgE4MvLJk0Gpnb4YGNaO/T6x2nC124PDCDlk3Gs4vyJU5Bw6i50ed5PHjjxmyw904hjZtTsJnrvmpxGOy6xKRUvMNAJKDSp0PTMgkzpxriACrqx3M5yDyqdeBcbEY16as0lXs5cyFMhUwAsGb5UGXIxB9o0v6SMeLkSBuJZ4N4XjekAB1kZNCa36xDGytY1qaL72rtERykUZQPIynWiRIDcTDSf3eksa9KvaJwLsbR2NK6bwArx+kTENVSndStCZiCADWaAMdFEjoJp8hAAAr07wU0TGSS502/WZM16dBtNAgY9zuY+KElbAC68u57QjHXpFVamXYL7X9JXt1JH0HaF1CtxII3G0t/Iy5tGbToJPHQXpEqi7Ogg4WvMewNXrek2CZMiA2C19D0mXxDiDfEHUkxFkH26dpU8utvixFXTGWIGtmhfeQwwHKWvgpA4rXU76zM8zojnjX8Y/wC46HI4DKo4rYgnjGmRBhxuFrImSiGrWx2mOErxJHuyX7RVyVzZGYUB2A6S1yHELULy/wB0K0GDKwYN7R+47SVPDGa4munU+sXy2tFiWO4kljS8QNtZA1ysG5UGsVRmoD5AOeT2DSgJi5NAVVbmT873Q/SUb5sBxjQC9x3ruZADMuoBbrIL5QLL6tvBXZVK2AD/ADga48vjI95MZPbXS5qudcnIYl4uBZN6TiY8ao2dz6R7oTdGSr6zIGbmdf1PeAK6e3brNDj+PHjdh92o9RIbG3Hmf33UCPk3sXBS10BZ6CIDWF8dtDAZ5Cwem4lDEW/rMzcq3I+7ptCEQBtJjO30j4njy/lCl6xXHFALhKCbX1gxFaQaiMqRv1gDRuMkk2YBVamBYk3EYQHd7x8zdyRCBqye3mxonpKw6P8AoZiTNsCsWuulSXwTzGWlRaiEZN1KJEcNjDcwFAwhALO0fSAF/pFcA3gDRuVvsNZMBnWAGkBHoN4FcBx5TOWx6CNABq28Ika2IhvG29jrJqFGssaC5Il2DjPoYSkjAEnvBiN5ECSdIXFA2PWMtt9I+ICjvE6dRCIvW4RgWD6RQogu4imip37aQGK6SXNn6QYECu28mCT2UI4QCEIQoAs0JVdO0sYwB/zRHYHodDDOoMQBJoakwPaNWK6jfvCtVVVoNq11XaU2UAEDcHac9m76w1uRPx+WmE++ztNyActzHgVQHqTK5FSxO66Ql5N+K5GI2khuIbXcfzkglmuVlWqAlPozXezsI8r8mofaNpBhDWeyhCEKpSYVd+kViqgDCAioA1AknUxQCEIQqls6SuOtSFNMDNOQJ9YZrMxRtuYoaEcUYgUuQqK6do1aQJSmtKhLFZKBsQDjjRiYGpI0MJ6AUk6TfJk4qEXtMuZkE3Bm+T5a2dZoGV9KozIQG9yLY6ERidBdzRsJG8keZS0BWlCZ5PIbJVaVHLGXV8ADRnMwpiJqXtQT92xmUrXWU+Rqu20QhC4VY1FbwK0d5AM2THyHImh1uRLwjces1TAMiE6hu80GFFHLcHSQuZ8dgGjtDO74Rm8fJjUGvb3mQYjYzr+V/hKbqRr6GccNdefLQZmDcoB9B1JOszlDSMMjZlU7dRekzdCnuBsQR632iZ7WoSSmhUSnfjoOomMZuVc5DOWNneKEKhRCEIDvWarjr6mZDTWajkBzMiVGQgaCRA6mEqxRXS+kUasR9DJMCqiIgCKoxFid4BCKOFEUcUAhCEBwihAcIAXGRCJjjKmKA1NHXaP2mRGNIBHodDFHVi4ChCBEAuWoVtdqkqvLTaaKljSj3EJani/QCpn1mrivT0uZQsdODCjePkynIqspAGM7t9JJ2HSXh8cnxG8jmoAbj8ZPvPqBJ6iu81PCXy6/DzNiysVQ5HoAAbfrO9fK8th/2D66Tl8JPLXI+TDjDKf3E1tOkZ/yAW6VfqdZVnj2r5/KJI+DX6SWfyLPLEaO+kP8n8h14/xk/N5xuwpvfWF+/wBkC1/+I9zpJKY2GqMPSpop8vWkB7+6Ph5J0KA3/wAwjfqf68IXALBCGdYyML/tmyJkF8nQhNR05TU5fNFn4v4ESb9VkxSZwi/9s6dos3n4mxOpQqSCATtEnk+Uu2EnvG3lvlV8b4CrFTuNJF/14eH5V8cQ6AUJX5Dxj4xxE5Fc5EDEKbK+hh5agY8X+4XyMx8ivYepEVzZNx3Xr0kzbFiR9WNCWVxKKFEd5E/L0jG6qtVZklvdc0YIMd1RnPdmQnLUZVI4nYy/hZiCmqznqdCeQVUDoILPhqBQptaGwmQUHKP9u5lICy6as52mj4Hx69doZRmFJY6yUXjjJkP8mvLeb/HlfAKFXKvoIq/EGC8iTt2Ek4+B+RLBOw7Tq8bw2XEMmYkAbINzN2xeO9Pk0JFAdJn8pvyjzWZ/dVsW3MWNciLz+369Z1licoCAKi7TnznJkb5DqF00l39ll9M7XJ7SPcdu0zOF1NES8fyUeIq+svEWDkOCTKvjw6PDTFgBdhzc7dgZp5OdRisfcTsJyrlY/YKWC4MuRtBpJZzrP6pxqSWaT5JAKgb9Z1JhIode3Wc3lkc/pLKsvLVMmJcFJ99W06PHx4cajIy8mcfcdtZz+F8PxkZBZYyvIyuycUHFE2qZsGfkZOGQ1sJtgxWiveh1M5kT5BxJ9286/FQ8xhvXtL4i5xuLXyGwYcgQEsepnmt5DkHXfeepkxoXKjWhX6zyMgpyCKo7STCc8fCYQimmlSkkQDEaCCxo2ZipWZ2Yo4JJChCEKI1UswUbmKNWKsGG4gegv41cY/vN7yLCiUP7KBsdDpc5h5mRuXLVmoAzTKxZsfjrqd2+pkm+3Oy61AtlLEkmRZ+fj/CdXxANjHVRrObyDXlEjcVLqYnCpDOnXWcz6L9DNvkrMxurmLm/1hqEuVlQqOu80TmwDnYbTJE5MF2nTnQoqoh0qCsmomydSdpqHGMAVOaiDc2yfsvcwUn8l3BUChBEYpyOxnX43h49XcgqNT2mmTNjyLyRAiroB3md9RN+HnOli9pnoLE6WF8q1E5SdZqLDoUB1MAh36d4UTGWJAAGkK6/x3hnMTk3rpO4YFxg4wdLsmeZh8vLhHBTQnRjy5WUM7adpmy1m/NdPxhcbZD+k898PNvkJ+onU+RsrfGp9qyShVOX8pYk4YuGxr/bNHJpfpM0x++22E1d9Qe20yyZCQAOvWXFmurxkXmxAuhI8s8UUrpRixZ/iX0Ohi851OPHx2Osl8knLBs7O4c7jSN/JJJ46CqmIF6TQYjVkV2lxrIQZnpfWWw1IG4lqBjxHv3meJrfXrGIkj2x48jYwQu7dZdhmIEgqSwrrA3tUwAKbcmzM8bMrHTcazqw+OFW2mGUlGJJoHaMQsecqvcyRkIYsOsy0uaBqorR7A7QuGzJre8zcdR/CLKbcmtTqQNh9IMtBSDqd4WQiWGhgFYix9JbJxonUEXXWJVdhaiq3MGoKkby1pjQ9ogq8mC9TNM/jnAVBP3C4LfSC4AOnuv+UMaliD3NfpALZBP6/SaJlVPeo1GouE/RWQDEbbZvtXuO85/vNAUBvNgpzc8+aygHtPr0EnjwxbVetxDwjGy8iaoCBdSQANOphjQMws0OphkUISAbFwvGqysvFQNSRqZKCwdLkTVcmiqo1G/1g9EyaHpXSSi2T6S3WhyJ5HrMuRskaXBPDfEV5dWUbwzZ+S/Go4pd1MFZl2MdOxLfzgznQpCm4ElgK2G5iqxcqzwAOx2hVpxAvUnqfSCF3NL019ZCniT1uAcoPYaPcb6wmLBJ31vaSrAG616SORNeksUtnc9IMMg9t4wjOaG/QSPkNgyvlYEFfb9IDbFTUTrFS2RfTWVkV+ILHf7RHhVC1E0NzBUkMwUE+0aKOssqFAUG6/lNkBHMoLAOh/1lfDSb0TrrCfk5Mq8QKN3tJVS+g3m/mYUw5CoyBzQuu85tQIjVlnFBF7SkcIu1sZOvXbvExBOmwgANmzr6S2AX7tyNu0lGCmyPpEzFjZg9iFxQgOyNIoRQCOEIUo4UICEMdzAkE6CEXrAdHrNsGUq/YVMmsi5eCuWvYyXwTzGcUZiqUAgDRuFSgt3fSBMcCKj1OsAP22JMphUUBhyDY3i1Y/zhHdbQFGx9oERNxs3JQK1HWD4ANbx8r1MgQgwybhAekYFwBtaEQHSUQL0iBo3CHw3vSGNNeXQRk8gfSNXUcR9bg5Xx5WBvEiMVIOwh8gV7G1ayEZi2p3kTkMnA72DIbQ1LIZjGAv7h+sq6yUWQJbXfoNpaoORK7RMpvTaDeTyAFSRvWswmi8lOu0QC36QRMIysRhSjijEKoOQR6RBjVdN4oQmAxRwqAprgCtkAMyjBINiCx1NT5gvRZlkYFyRtMgxBsHWEiTq3wAOTewEeUilH8DH4q0pfvoBDMCQPSVm/5OdvuMUZEK09YbKKWy8frIgEIQhRCEYgKEo42ALbgdZMGiEI4CjqKVCEASaErgYD269YA3ZgFGwJoyca7x+OgduV6LNcqDiW2PSRm3nGJplJHSZESv8AWBWx6iVZwiEcUKUqxxrrFCAS1A4lpI79pTe1OPXeCpMmOEKUdQgN9dIRqmFqLtoqi/rNmAHj2ddLMwyZL0B0qv4RnIz4wg26/pIzZbjq/wDjVu85cp5Oa7y/lYYVUacesyDUTfWVJGqA0SOkWNFdiSPb1E0SlF3a9JOGuTV16Qb5T8SHN8QFX9pkOnxZODa1NHDjKHGw6y8gVgGOrDaRd8Iy+OMahjZBkZMWPgMmNtNip3BmuTOz4+GTfvOZibI6GCaWxgT1ijo9tJWjFWJRAEkIeXHY9LltidQCeu0J+6WIGm/rJjo3R/hHXSFFXBnJFdIa7SSKgKOKOACBhUZECYwCYo7hTqKO7EBrCFCOgPrGCDvBqI7jNdILXWBMoAbwMVwKvSInWFXtFAfIjWFg3YihBhkVFKRC30lfFpvcGxmI7/jLC5Omwh8ZY8iahNQBZlcCNSDXeagKo0Goj+UAUZE/IlVdG6iDY+W2nqIa3pJbKymqoypyh8bLqdu8zl5Mhc3M7hub7dSePnHjLnKH4WYgP0uFAkA7XErN8SLyPHU8b0/hKAt1A01m54SvQ8DxcWQ5GzsVQEVrQnb/AIP4/eyf+ozk/GeGvk/K2UtQagAanf8A+M8Yf7//AHQ1Jx4QPC8D6/8AUZJ8PxKJA16e4zcfj/HGlMR/6jIfwsHEkI2n/MZOVz6Ry/4oFkKb6amS2FwLXGb+plgLtwcAf8xkZMq4qoOAfUy5fiJwa43LANjcDqeU6/8AEw3oXH/VMcRxsRRfX1nZ8CagM4r1ku/EakjJfBTJr8mRT/6peT8YWxsp8hypGosS08flr8jQf8fkAZkzsCQekn7QyPnvNxlMeIWOOoHfSH5HNhfx/HTFhGMovucbsfWPzkZcWJnNtqD/ABk+Ynijw8DI7Pnay4/aoisOIEmUFa4k0FzTnppIlVje/a3SYOvFj26SweJvvNW45MdHQ9DCeKnEUC8a9x6wyKCyqOm8x9yN6iAdrvrC5zrqR1xuGugNomzvkyWLrrMVXJkGg0GpM6vGCUe/aRmyT6pKHJqurHYTbF8+IhsmgXQAyWDJXA63G7sfbk1rWpKy3bysjU5A4jQ/WYh2zZKc0t/pE5AA7EXUxfISQBpXSJJ6Xy9MphQaEGhrc4rQqVrrpM8btfE63pK4NxJlkzyLbK2PHxBB7CoweaFnAutT1E5707ychPDQ0OsuLHUgGNQqAENoD1kpmOJ2RhbdPrOZMp0W9tjEMzcwxNsNiZMMrtRc7AMSAf5zB0w5GKsabvMVytzPI3ceHHky5qQEncxhjTxfGtzyagP5yc+UqrY+lzd0fDh+YMDRojrIy5Uz4qC0Rrcm7T3tR4OrE9p0YXOLyjlJBrtMvx6D43YnqKlY1bm5ba5atqn8pwXcVrsJ5zMWYsdyZ3ZFBtV6zhIokdokkOpQhCVoQhCAQhCAoQjhRCEUIc1wMQxe6O1zKF9OkF5ezkygoMinUAaTh8nIzP8ALoJK51KKjaCo0RWJG/WRjw52ezfXrHiBLgnYTU48aWzqfQRLje+Q9oO1w1vC/HQPlNidHlLSmh+sfjY+Ci/uOsPKNgFu9VLrPvXLkWsakjU7SHJZlvedDo2bIEU6KLAkHiLY7iNI6MKNkBS6AFmUuPkaA9o69KnP4ZyZWbWlGrH0nWzZCOKDf+kzfKX4czNxc4sVV+5pBwY3JJYI38psMNnjt3My8oAVjT7jvLCXlg/jst8SHHcSVtDbCu07PHwFT6KLP1kZEfJq1ayr+TlOpudJyj4eOMbfcfWY/ESwUdToJouBWzHEpLEb1tC3/Zp4WuWzsROjzCECoutizOXKRjPHGddpsFLpbm2A1mfes/VyuTVzJmnRmSkBHWYBGbYXNa1MWuN8wCILM3/8dl4hnaxWw6SfHXNjxuVFOdAfSaLlyriOFW1b7jJdTfikuHHgFsLY/aDBj7S7b9AJQRiQ2U2RoBB8DtpVdvWWI5S5bT+MkBgbAudeDxSdHZUBNAsdYvlGF2ONeVGg306wu/Ec6o4JNadZomTGjgjUjc+srIXckklTVhRt+swIHHTUncweW7eXnLE3xBHSc7NkdgWNnpcvMwA4gFTpM8YHFmJAI2B6ws8B3ZmNjUaRKaJrXTrB2JN3Z7yRC+lc6BoWTprEz3x0qpJhC4ssWYt3lHJQtfaTpp2klaAI6ylWyBvUJwSkAqeomww80LkktvfpMXB10obiUHcpx/aN4S/RDWDxG8o46oDW9xKXiMZcj3HQHtFjsgt0A3hWmLNyUoxrEDZHQzLNkDtSn2jv3lBaDFtFOyyRi0LNsITgq9tD7v6SWWjTSwUJoAkk/wApXkUWDDQHQQu8sNRpHZArr3huYiYVdlgAem0FVSaJqAf2BQKI6ysWPmCd4RndNoIy7bDQRMKYgRUesKNdhHRGpihekAhCEKI1o77CTCBvky4viGPGla2WO8zsUJJlFTV9OkIGezc2Vk+IHj7wdW7ic/WaI/t4naEsbePnyBioNKdxA2gPIksdouSJjIX+MzLO5FnaELJuBX1jK8iq3qY87WQBpQmSnX1hWj0o4E7TOtfrHkILaa94AaGFB9ukQBOvSPGvNgvfrNM2NcbhUJIA16awMmPSAERNmG28AMIR6QFDWENYBGAdoVKFjc0PSBBFGMnSBAvSKA9hrKxNTfoZEaGjJVnkQilVpKgh6iKUq8tLqEI6wrT6QIrrFcAuEKqKFPpFCEB1W8Uf1hAABcAO8OsIDIUbQBIiAuFQihtE/tNfziNUKOvWBN7wFZuxCG28IVQViLErHXIeknkaqINWkI6GyAY7G5On0k5KKLW/WZAFgB2moxtoDImSI5FB6HaNGNycoo12kg1KucNWJ/hMm3jLExEQTgrMLJhRgATClKA0hxImuPGQbbaC1jxPaFEbibNkAbQSWyE7Qm34ZiMaRgCrkkwoijjoAawFUrjQsxAhdRHyuDl1YePxAk/UTPJksk9OkyDE+0bSj9xHYSM5ykKSZSUHJI+3oYlY3FlYs5Y7tqZVI25LfykR6rr3hXWFKOEUKIxobh0igajKa4hdDuINipeX8oYWRbLCz0moBbU6SMW5XLKCntNmx86KiiN4MOAsG/SF/JkKG8CBuIm3uUhvQyn1QYSiImUjeFCOyG1MbZXY2TIhBkVes0VxMZoADCWEwpvSSYyCDRiO8LABcKJOkd0NJSn4xf7jAtECLbbnYTJzbQ5FnBbvB65mtr0hJ5KKOKGhHFHV7QAC9pvhQ63qpEhFKbibIpAv+AhjtSZOKjtMnA1m2Q+2+05mN6wdWuPIAhxkWDFjyDHkD1feZruKjP8A+mFz+rozZ0ZRQ/X0k42OR+Ki5CYyyaazTxPZmFjQ6GEySUvIxnGVLCw3WU/jg4jkA/8ASZp56gIvE2L/AEjwPz8YL1Fwm8ax8VBkVuSg1I5NgyMALX/aY8eT4WbkDxJ0+s1zIciDIQD0BG9eshvPPirGPFkUBj7SLDdROXIDjY42PIdxtJa1IUHUTQgHITWh6RISYyZrq+mkWsqt6iO0rSSTcCSY2ER2hSjhCFMSv2yV13mmg1hmoIPaSQRvNOQuHBX20Jg35ZSoMjA1vFUKCYQh1gOri9IXAQKBr1jAvXQSJS0TroID40d9IFVveUVFaGz2kMGGpFDvIhMpB7yZVneC6sLlVS3vJLG9JodD6QKAg1vCahXYdZXK95nCFxpZX6QsEGSDpUV1CYoM6mhqIM5cUekPkJWqhjW7vYQICM5pRcbIVNNOlBpQmXkLRB79YJ25x0ZD4/w4UxYyuVR/ce7DX6QwIrZgH+ojyZcDriXHhGNkUBnBJL+pkJ/3hRo95ueC+XpfjcPlZcLhMwx4+R0rWdq+H5YX/vg/pPP/AB/l+YMRx+PhL01lp6AzflCP+wB+okv6NzM9qHjeT1zUYvhzDVs11KGT8id8H8xEW8sgg4RR32k/ZWZarHygfpJZwAC2RSvTSVwY2Gw/UCQ2BTp8ZEcfU5WpJNK+P03E3CeZ1KH6E3MUwqCD8ZsbTo+VwT/aIjj6kJP80faFI73KfL+SWz8fJa1Fj+UF8jhr8Z+tRt+SFFTjKivuoycfVXz/AJ9umNvtB5Hj2NzPyMPjD8fhYZGbyGJ5IB7QPrK/IPfAD7bJB73FnTwx+NRg7t5RbVa9gErn7rhLAKVqaLgfiGOgMWLGAeT/AMJ0koRxY7jSZZt9RzNgyizVgdREC6jap0Y1yi136AynK41KZaN7ERqfl68uY3kG3uG0eLEC/E771NFIVgq9P5xg8cpPcSmjFmK5Aj6Lc2coXKrow1nN5GoVgKPWRjzEZA51O0lM3l280fFTCnP7vWc6lg5DG66y2NsC3QaSFdaLneJEDsWfl6VM8j0QRuJbOo/UTm3MrXWOhHtlP8Z0/MpQ1r3nCPtqdHiIciso3GslTtPaWsLZ0BiY+yb+SgGC9iDRmF3joyy6RiDrceROPuGxk7Ga1zXj16StsQTc7vGzDFgcg1kfQfSdbeN4fi+OrOOTne97nF5vAojYwBe9TG6zbuM8j3j4XZk4eRBXcdplc3xZRjZWHXeUz06PCNIyEbamM5FGUAmg25i8dy3yP0nN5VhwITzcdiBPkoahus8/MAMrAbXEmR1OhiJsk9TEjUmFCEJVELhCAQhCAQhEYU4RQga48fKzV1LXxWdC/wBqjv1+kyVz9t0CZ3YweI93O9FH+slYtsch8d9Km+BGxIWfS9EHczo/x24l82w6TIPkyZNB7F2jdTd8r+Bxj+TIfb0HrFQKKHFdhNHychbDRNu0wDu7WBZ7mEduH42s3QGg+sw8tsIQ62VM5WOTmFOg6xZCSrKdTJit8lk48mI0CNe8wdb3MnG5VTZ/SQ+QtLFy6vE6ord72nQPNYJxA1OpM5lWks/uggtzXTaMOHWmWhqda/nMlDAtkb7jtc6cPjhMVtRfcmTkCg66m41ksRZFbWywj04KoOo1YwLKmPa3O3pIIPEDr1MqOZSDn7AQ5uhbhodiY8Sj5jWovedXLErqK9rHWGrXPhxZczkgaDcmdSAaixpq02bIhRmFJiTRVH7iZOLAvxksNKszOpfLnbg9sx9q7DvIDhgSo4gdJaBWYgfbUnGlg13mocHzyCtbvpDkMILnVm2MMmjqn8TMvL0CgQSa7B5GI4gWFAXbDc/rJ8dh5IPA04BPJjQ07mcmPJjCgZT7RqFrc+s383P49j4AQWrkaFca2Amfa4alUq+Lv1oWL7Tny5MhdjXGzsu0vLkXJjx48S8RepO5P1jy4hjIVG51qW2H6SwjGiAeVk9TLU2pYEIh0Pcx5m9uhAsDkO8wLMQR06SnlTZOT2dhoJnxtb7QogQJJFdB0hoUKuIRASuOlwoIJF7xUbqUAQK76wc1UILKnvBcjp7l67y0C/Eb0N6HvMxVVA3yU+ION+oidMgxqhFAf6wxEIddSNh6y3Yl+F2TvXcwyhVDjgTQGpMVAvwXRDQlvxReHQdepMyQZGak0vrCtPIHGkEjIzsAo0UTRwyPQYZGXdhqJm3yZLs6XZ+sUiRSry63Je2NjWPpX8YgxAI2uFTAwhrCgTVXfEvtPr+sWMoHByXxG4G8MubnoBxXoBCeU3ZLdd4MWO8QIqN2LGzC+0gXFK6RVAIRRwogRUIQGNSBNHJ4cf0EymhYFR3EM30lePE3vKRQ0zsysZIaCxoRfsA17yD7Tp0g7E7bRftH84DJsayDVwMALMKdCt9YxREfEDVthJuhp1gMEqbEHd8jF3NsdzETe8BRIEAPEbaw5DtG2m20mAQvpCoUd4DG8peIPLoN4c14BeIBvVusWpNCAtz6mWWpAo67xceNHvEwXiCDZ6jtAVw+sUIBCKELPKjofpGTcmHWEUpXrC7k9YCDDFdYdR2iO8IFMvFiIgNIpbUygj9YEVAGo4H0gK9Y4hvGO8AAhsYx3gdr6wFqDCEIEx1e0DACA7JFHpCNQSRF1IgE0x47UsZmASaE3J4rxH0hKMJQMb6SmzKCw9PaZiml94ylsK2kSyakknUyWl8Dqe0gyrCjDcYVFCtEo2O8rGo1BiRTx03jvi2vWGabOAwB2g+bShMyObX0g60twZOEE2bhcIQ0ZPaKEIDO0V6VAmKA41UnaCCzU2xatXQQlrMIes14hTXXrE1Byo2uVmAVlPprIms2IDGh6yMhBa12gWskyZVkNjYH0i9IGEKD6QEIoURiEsCwC2g6QlUQKFgCaF0NAHYaznJsmVhAOQA7SYzZw3GQcaHWGRV+Pkx16SGyDmVXYSAxcgH9YTFFQBZ1kAKddj2mzKBXKZP7slKKEqytExrXI7CFcmoDTrIJK+0TZRwxmusJWQxY2YgfpA4VDcb17TQYglOdzsJQQcfkJ61B+TlKkekSkqdJ1fGjtrsN5hkx8D6Q1LqWe9evWSYRQpjeBNn0gATtHwbtAmEdXpGUZRZGkKUIoQHV6TQez2nfrMwaIPaNnZmLHcwlbKC4sa1NeSgem0eIKmJCRqZJIHIdLkc2WRidB1mIlG7uSZW4AY/3axQhXZ4jAKyb9b7ScbD5hW4sGY4spQ6ddIBguXl0vWGc5rt8mjhI+7rMcGRca0a16do2yYxjJQ2CNJyUbobyJ1myx0+UQeN7d5VjGvFjZI0PSWUVseP5RqNKkOdCB7gPtEJ6xkuJuRZtRBDyszTJkGTAGqnGjVtMcL+0r16GF5ymt8WImdbDvNSQqHXWY8tblaht1/hJMCbhCwoRwhTU0IFrEBVRQhiaYWA0MzEWsFmt21JrcG5JNjX9ZAY3feMN0kZxJERlE2Yq0laKHWBEKgELhUIDBN2I2ZiKO0kAzQBhodYSoU6wmnBDuaMhxUG62IU36ic4JG0ORqrihZMEcUcKoC9oqaCkg2Jpys3DLMDeVivnXQ7xNoTJ5EbQvls+Xi9Lr3mZZmAVjYuT6ykouoY8QSLPaEkdub/E5oPGDilHPnr7vSLCKy2Oxjz48CZ2Xx8hypQ9xHE+ukWMAux7Kam54L5er4HmeN4/jKvLmxJsLpR9Z3D8h45FA7zH8Xjw4vBxlwAW1sjedo+D/lv6TN/V0m5GP+b443JElvIwspAernT/AGf+T+UzYJxPEJf6R+6uLhYPHLvJfDkagMwNbzophdIJlkOYEFUB1o1Lz9E4UqMGU/KKG86xkTU89KnOtllBxj1nT8OIsfYKjn6KrFkQbuJscvjkUHHOtpzp4uN6PAAdZo34vxX14kabhjJyPmfySqMQ093NqrbeZf44b8ac7ZlVg1Jhr3H1udfn4Cng0pJVMjXZ1qeaWrxyOxuHPt5ZA0aJ+s6PHVSbbUDvOSi2s6EcpgOu8jPaND5QGTiPtksceUa6a6Gclyw9CoPx+GjCiveN2plPXaQDyEpx7aO46wjUouQ8Oh6zmYfG9DUgxDIw2MYYFwxhZLF5MjXrMrM1dlP+kxhep6xQJhCmDQm2HM+IEqa5bznjBO0FjqyO+U72BJyaKO/URYmXgxY0V2iJL+7qZIzjMzbxkbK4rQLrcQw2RyNAz08Xi/4+E1u3Uy7ha4fNyPlHu2XacwclOJnV5CEKQdxOS9aMcE5iSNYTRFDEiSqgvTaL1hrXZ4rFcI5faTMPMYHIK7QfMTSKKUbCaHx0d7duNyceWfF2uTpcY1mrqC3AGwNpmdNJV1PWNlI1MFYA2RddJTZC4ojWFZxw2ihThGoQg2aboO8Vb3oR0hDCEi+kmM7QAJNDcwFHvtNj4zJQf7m6TfF4pVl03IJvtJqXsPH8LliLZRxJ2PWdYxYvHxIbo9b3keZ5YTKCo+0aD1k4j8y/Lm2J0k5vli75qcvkZnbjsp2Esj48Y5bnpMVU/NyP2A6QZ/mzXdrtLINMgAxqt7macUqlNUNTMmVWykj7U2kKzEH1MojNqzcTdbmc7Fus7TiVENn3P/GclK2TjsL3kalZkkxGdDPjJCYxSjcnrILqDoL9ZV36Jt21/SXj9pHfeMstC9CekD/+TCOjEcrm/wBo1YymLhi4F9bkYc/9o4zVE7y8udCjVpsqj0mWbupLMLJ1vaZuzCPKQGSvtqRmboNpSDCNb7y3YNlVV2USlSsfrVzLD+5z0lX6qZ1ORUv2qdZvl8p9UTRNvrOEglr7mbluNekmGOjDYVmOmmkWDH7aOh3hhzNmAFAC9e0rJlGNiD7m6VJtZYOeeYDtM/JJZh6TRQS/M9ekyy/eR0lanlk9aQA2vaD7ybO0rT0sGJDhbyHYKi+1F6zkyvpxv1uPLkPxql6LrUwYkmzIkjVjiOEE22Xv0AktkyBQjVQFDSSB7Sf4RAhjbnaFwyQQO/aKWMZZv+Ep0CH0lNZUS2m02YaVWnSpONbN9JTNyPp2hKzWr9wsekgmzK5amoKtwpFjxC9oAd4VuRsIWagaBmK1t6xrkC+4DXoY8pDBERuRqiaofQSseH5SVsKq7kwn6oCtkpyDxJoHuZu3sAYL7SAPqfSAc+zCg9F6XALmyt8SEFRYLdF71Gsuc8vkB0JOtdK9ZWQu9e3j6jS5efEmNwmFuYocm9e0ly9Xy0HSGmCkXR26yb1lWC2smoaMKWNCU4r6RczVDSMuSoHaBJveKjvHKDnhw6QM44VGFJBI2G8BCNiOkVQqoBCtYwaNwWuQvbrABoajcAEgSSdbELu4CjG8IDeBrwQ3Uz2JqALa1+sALHrCAnSKzK41vBlAqjZ6+kKmjKX267+kaAGyx9oG3eSTZ0gBPI2Y8eM5MgQaX1hjA5e7brKdgTYAXoAIEuvFyt3xNRpSsCYlUkwIowVoy2LX9ZjK5GqHWKtaMELWMkixFGBZ1MBAXNFHJgEv1kkWaWCs2NtNxA6M+Jmxl7UDHQ4ddZyyxbkknUyCKgEISkUNdmqgTBRZgR0lYxbRVnlMIwOsUIIQhAdRQhAKgLELjA1gKAMCNajgLrGNwO8FFwBph6GAyChqUwBUEaHrHkKu57H+sLtB3Ghhn4RUUq4gLN9IUiKgtXLyrxqpnC+Y0XR+wka3KrQXAIbIhGmFfaT1O0WQ0f6x8uKhRM3N2x6yJ7SDrNwy8frpc57moOld5VsHOxUzGsR0MtBYuDwkxSnFSYVp8nFABvE2Tmuu4kQgyGGI2gWJ0O0mEGCOKEKI4o4CjAs1CKBqDxQVudppiIWyd5z66SgG77yM2LVl567XFlyF2J6dJPExkAVBwna7hKoEyCblUQihCiOKUiF2CjrBV4U5k3sI3IbHfUGpo4+NQqmh3mDaCoZ8p6QBINiEUKoXdxr7WBk3GG1EDd2JWjvDCFJZm2A0jyIePITIZCqle8jE8cKxrb67TfkA/HtrMcQ1LHtEcm5PXrBea1yPzXnsBpA5QEU/t2qcxdiCOhgT7QIX8VplZWJGoOhku1gSboRdKlXBFCENGDQ06yxkIXiIkxuxFDc1Oj4sfLiOnWGbY5V3E3XibG19ZGRAjitR2jYt/t0kpeWbpxOhsRAWanRyUoOSWZk2NvuUe2CX5J0KHXUGa+NhGVix+xBbRYkyE3Wnc7TrHx4cYVR9+9QlvpKEPiPM77egnIysrlbu+s6VFGhsYsgWh3EqSsPj0mZ0Os6xQNfxmGRCXpd4WVmy9Rsdo/jarqaonC717jpGqB74kgHvC654SilMVJ1Bmgwg0BqYXYjHjyOQqgmzO1fEXEvyObfovrNsKrgSlHr+seRwwW+tyWsXsxzZA6AEUW3E51HE0f4x52DOa6SNTQ7wknDZUXKDrV6CcotMnHsamiFsbVdi7EnyABk5Kd9f1hqec+SyiSVAUHrL3U316yA+lGVZ/sXHSxJjuEKUIQhTijhALjiqEIddYoEx7iAXAHSKEBt0h1iJjuAjGYjFAta3MZJ6CAoDbWFnr/CRDDEitP1mt2KKTBW46bzVWVhW0JYxZSCdKkzq46Hr6TMjEbFU0LOzKKOjFK0cdxCKEMkmKEIUXLwqMmZEZgiswBc7Ad5E18TA/keTjw465uaFmh/GB15MWPF5LpjyjOg2yKKBjx2PlYaAKZIwvizPiyfcp1o2P4zYY1+DNkv3AVU6emfb1Px345MviY3yO7Ei6vRZ2D8Zh/3P/wC6cniYvyL+Ni4siKAKAuyPWdPwfkKHvX11Mxf0dJmK/wDHYALt/wCMhvCwhSSX+tyvh8+9ci/xg2Py1XV1r6x+ysPjxAWHeh6xMcacbZjelTb++RuhklW3fhccfAFXGWAGRhc6P8ffjlP6iZhcljRb6TWvLH7QT9RJx8BL4+VtsxHpUb+J5asGXOP4aQXJ5Y2xadwRG3k+cDrgJXrQ1/SOPhf3eR5qM341y6cnXIbI2Gu88/H5T4/x+Xx0Rayfc5Ft+k9XymyP+MzsloC55qw1nmeLk8LF4uYZ8RzZWH9vWgPWWeHPt5/ZxqhA/SZO3tqdDGlAHWczgg6yMTmojhCG1rtHz6GJGA3g3Ewz7RCMiFQoMUcVQFCPid4UYUpSox1rSXjxEkMwpd/rNa56Xx+kjN7M2wZFHI/bV7xY0fc6L6wO/G7A2l8XNXsNoR2+KqhSXXlXWbeZ5x+OkAH/AAmaqV8YXuZyeUdAOnSMl8+knx8obySxII0IqYtZk3KDStZgSwwqboq1zqyNxIqh6mUoKH0O8iVrxViGar7iN7Yi/wCMi9NJi+R0JEqZpZcb4n166gzMk9ZT5GarN1JuG4UvGAcihtBepkRqLMK6MiYWLMh1vQTn4kmq1E1Qqt3udolGPmTkuuw3hEIWU+0axvxoENybrO7HjXJ4xXFj45D1HRfrJHjFygC+xdD6yaz+TjXE7agaTXDhcNfXYTuyZcWDIcZWjWmkwXH8rcr4qDqBGlta4fEJyc8rajUgxZ/Ic5/aKVdKmvyji7IboVU4HzKcfH916mSankeW4Ygn7usoZnzcMC+1BppOdievWVhynE3Iby41nDuyEY14daoCRiTgDY21mWJm8jML2GpJnTkZXcImo6mGMzhkrALzPWJm4gBfuOxkZCOYxr0OsrIT8q+kqtXTjiOUm8h0E5DjKiyfc2wm+fKzFcOMadTGy40UKvuykfwkPDjKkDWITTIoX23bdYyq/H2MrWs1sm+0onlQlK4VKq+8QIgLIaoCJuTD0EH1fWUdCIByqr2AiZ7g++kFAIs9JBquVmCoo1Ohjyj4xxU6n7pkmQobG8o+/wB/UwmLxLzIG5hmA2E08ZAAWOpAlYcXyNZ2uVNPx8TDFQ0LdZPkYWxOFU8jVmegmPj9wr0mRQu75OnaTZqbx9XlnM4JGxkliR69TH5FfISBEhAUkytetQbvWaYsYZhe0nccow5XUQozfeR0EgampR1FyQIWK0uukLUHaTFA3xsxNIPd0iykmluyJWJiqUg9zToXAmFOTfdVm5LcY3lyqGXeABFlo1Y5Mo9Zfke0VC+2PDTTUmbf4uYpyVSbhgAIs7Cehi83hj4rqx2HaS2zxNTeXlviKoO/+2ScbhLrTvPSx4jmyFnOseXEoxNX7TGn5POxKb9ek1D/ABkkrb6FewjYKVsb95GSwBR1Mp5TyZsofIfrU78XjILd7Clb4jeeeHAYX0m2fzXPtx6A7mS76LLWmRMYx+0hVB0B3MwIa70qoePlrKrOOQGpBmuRWZWfYEkyp4cxx1rd95nvNOYVGU6sevpJCki6lbhKttRmn+LloNWh2lY8DHi/Qmp6auoXiNu8Je3LyW8Z1FnbrLOEoAT9rT0hxa0IFmcnmqwwqVFKDJvKS28MWCuwAWywpZOdwQFACkaGutTJXIIPbaLUm+sNYo1QI0EVXJs7RqalUUYRsbPpFAUIATTFjJPLoINQRUU1dDq28zMEoNwB1gIyVoACj1PeAE3qTr2iGp+sUoVWu8Aag1DURbGI1cNoD3/1jZuVdgKkwEDbHxAJg9OAFGp0kaVQ3MSkr7h02hM9rZAlC/f19JT4lGMvdmZMb1lfIWHE/buYMvDOFRneWqpWp1hWcDLIXrIgNSV1ERJMIQCMGjEI4Cl4xbfpJXfWaYdX/QxVnmIEKiGkYOsIX0ge8YGtjpG1dIEGEDCASqIAPeTKFkVAR1ilEUZMCk0s9pJ1MY7RlSDAWstLIIkkVNMNUR1hL4SQRKBVVPrLbQTNMRZq6byJvybEstAXM+JE3VaFdpGRrIUdYJfUSFJBmgA0HUiAUAX6xa2K1IlpUMdj+hkMbg/3GpQXkOxhfCALjJo6HSaFQFIGpkhBeuxg1G8tDQqHEAEde8fHlqILUMbMDGRRgBenUwqYTYJQNjWL2E69oTWVGrhLZr9vSRCwQqEpBZ+sA4it9ZNTc4Waq3mbYyuxs9pNSVIUkQ4j/jH7lroTGE3veVdRHesCKhAq/aO8ksTvAx/WAgdIjGdYQFFHXWEBTXx9MlzOpSGoL4XkNknpMiZRYmTBIUIQhRCEcDZ8pOMKdxMSbgekUJJjox5P7BX91/ymb8b02O8kGtYjrrCZzpgQ2MQML1hTIsWJM0DnbpJZaPp0giZScRZO/STKAJgrdMqjiW3ElswJJA+43M206yQCxoamRPxnlrkHKjevaJ2Y6dJpwpQdzJsE9zCazHITqwoePJ/t6RImNdWPurT6zcEDGo6mEtSzhjWyjpIyCgrfymjIVYX+/aZZnoBRre8MxPL3D+UlmJBB19Y3XjXWxpN/G8bk3PKKXeu8NRimLIFv9zj2yXDKQSaOxnV5OrGtOoHpObN7kB7SkpBrDAdNJKs4qthuJINC+h3lYiWu4XFsR8g47nedKUXBIqpx1ydfQ6zrU62Pt7wla5LK0u5nJmyEIo6/0m+XKq4yb91aTz7Z99ZE6z2oEjfUGaLTf6TFiOkFav1lasag1kKts20WZdPpIcnTXbaIuStGCTxQrkCv4SesUIawRxQhRHFHAIQjhB9YHT6QgdNICAlBak3K5aesB8QNaiOsC10IhvCGV7ySKMq4AhhRhUwgYQLLUKG/eRcOsICjBhCBqDy/dUhwVO9+skGpfIMK6wmYQYkEHrIlgENG6UOQ/UQqIo4QpQhCApphv5BRr1kTq/H4cGbOV8jN8CBSQ9cteggaeONzNeTL4+YhtNAVkYV4cgDyAuiOo7zVf/1ZwVrkwAadPTL2fF89cfjY+OJmPEWaM6P/ACSUD8Z/gZWLPgxomMnUKNtRNv8AKwHUEznbPl1mub/yCdVI/QxN5eJloqa70Z1f5WCqDV+kh8+MrQbXppG/U/ZyB8TaCxf1ibFjciidJuWJH3ayHDkgqw9ZdvyfsahAQ1nTpN/8nDZOuukzS+QsidVoSbKkVH7jLH5WBTRabf5/jWFLb9b0k40xfuC3+k0PjeG+hTGe+0n7r+zxfOYjwvI4DkGY6joJ5XiJ4Xw538ktov8AbVO/rPV87FjXw/IVTwVXPEDYzyvAfxkx5jnw/P7PYLoA95Z4c+3mfp7cJy8gL6RZaKhusxJ3raPkaqRn8fYhCEKIE3C4QGI+kAIHeoBDppvA7QxqWNCEUiFgal4kPAkjQSkw8XotoN5XkZNBjG0mpu+GWTOXAFVW0Q5/QxkUB6SXyE6CXD9BwJnR4oDim3uhObGxDV0M6MYIthGFeplGJAbNADSeNnyctOxnRnZmWyfWpxMb1iTDrPZQhAQ0oMbs6zQZAxFzK41FtCWOgkVM863RHUaywL23EWMF3K+kMz5ZfDkIsDQxNiyL9ykTpxcWRsZNONpL5+QCk7aGRfyrAYyfQTbH4/Iamh1Mgk0K2m2Hk5tj7B0lLaB4hYjidIJg/uVV1uZqc6q3xKNT1nb4qt8ZYMp6MJnWdqMGPJkAxYyF6sTtUnNnHjZPjxuCRrY7wK5Ldj7ca7nvOLMuJWDA6nrGcjpzY18kjyMrcTXTrHgzBUKgAg995qi+I3jrkZ9dgJ5fkH487BDoNiI88fDVm/Y+QXK2tAmZ5uPP2ySSxs7mARjtNLJnJTfx8Kupdz7R0mFGdePDlVQ1jj27wdrw0GKh7faN6k8vjPEDU9ZsxWmLHUan/hMlGherNXDDEqysW63LT3PRO3WJ0d1GQ6DtJcULWF8ti+MKW2OwknIqml1Yjec2S9JpgC3Z36CTDONMYXZ736kwbGKJLazoIytaY6BO5mGHxsuRiOg3MG/VkAOP9YyAarSaZMORSqBbJ7TXH42QvRFQuuYIWNjYQZddTqJ05cJQ8SK7V1mTowNDQHvKaEwk0zbHvNG+MKarTQCMYmKA3faZ8BZQn3SIBhLe6rv+EeNLy8BOvmmJFw9hqZyYn45WrXfWNGwbgjAdTU7/AAcX9sEjU6zzcfLJnRK/tk6z2M2VcI4oNar9Jm318kjDy/IxYwUU+8b/AFnJi8tqK9xOfLbMzE3rvIvgum8s68A8lRof4znFdZsz8wQd5jWtTTU8Y0rloNhJIANSlZUBrWUv2X1MIzRWJoQYEXNFbv02k5OTC60hd5ZwALfpAiNWI2hWiOEAPWTkyu92d4AAm2kNV6QkdPhFOZvetJGd7cn+EyR2xm13iYg69ZM5M510YfsPaV4zqHZm2EnEy/CwG4mnieOXNt9nbvDN9rbycgb5EHFdlEk+Qcg4dTF5WZCxVNQNBObHk4PyMYZw6FQm1HSYsfbU7MOTGT6kazkyj3NXeJSeWMaqW2FwCksF7z2MODx8eMAjXckxbjVuPO8VffTDWdnk1jwcRuZsmPC2e014i/1nPmBblYsi6k9sXzrzmnR4xUA89ukyZAFJP3dBNMCE6Vc01bw9DEAVCjQGPJQycVPtWQRwxit5hm8hUxFf3yMYzyeTwy2utbwz51y4uTG3J0HQCcZN7wuMdPxWi8j6CVwGtdJkDKRiNO8pdBXr/GNUs13l+1F13O8rGjHUaQmpODTUyfjrXeaZWbjxY6ysFceL7H+UQ2swoqtpshFcdgN4iyX7RdbTNuQUnoZEGRtKGxmJFR8jVRE3K1JhQgYQoj66xSuNa3pAmoSieR9BsJI0OsAhCNRcClI4m4cfaD0MnrLDGuA6wlQ0QmmRAhAu5nCwQhCAXCoRnUQFCEcBQhCACaYRbzMS8f3fpFWeYplx8bB1mUtmLCq/WTxNX0hmAHWUyNxDdJA3mxLcaH2mCs+J4g1pA6kaV0loxAo7Q5AN3EGsiCDUYNa9peRw4sCpnCzlTGzZ6xRbiMQGFJF9poACQekzDUCO8L0qIhtRJHaCGjUmMbiD03rl9RvAvRWjoZOoFHS5mdBruDIzItstXUlFJNxKvI+k2UASreE5NAAJIJVr3jf7q/hKrT1hPTNADks7dpoCA3HsLBmIu7E0VwBr+sVavkoQaam9ZJbmF6Mu/wBI0W+un7ZPAjlIhumm8rCAMVmTiJ/dsINp9D0g+icgA9w1HWXixlqeAXQXseks5OKGthBvoF017jec5IY7S09xJPXeWMXHUCIeGDij6jeTOl05KOX3TAYyxoStSolLdit5QwtfHYyhgdSILYZyPRF0Y8RHJmO4ERxEX1k2SOI0MiKKF/cTK4D7r1klvaET9TGhPxkfuEHKXBNmZEmdAB48u3SYsFu+kqykLIhAtYrpAdoUVFKk3AIQ6Rg0IBHVRCVdiCpOkRgYQFHCoQCFExwgKEIoU4oRwFCEIFLy2EqidDtJViu0r5TtIzdLh7qMRJBmlclrr3jCKKZ94NZhCdTsZvh44wWIupLMvJR06yWJph0JhOa0OUkgroJmTTcv4xFhtUoKTr0gzEnJ7tNZfzHkpO4iZVTUTK7qDJXQMj5nOug1+khz7r6ysI4hie2kycgvY2g9u7BhLqMrfau02LEtQO2xiTMmPDxB0rbsZh84oX9x2meazd9DIxOjdJzu42G03duXTeYMKNdZsjJDVg7GVj9pIkMKMY1FncQ20xryzjXSdWd8eNDjX7qvWYYsbcTk7bRM3yBnO4EjN5v6MGJ6wBoRkGrkStw49Io4FAck+kiNbG0CNfrAmOUFHeJhXrBpRQhCiEIxAIGHpCEOxEYQhcKEcUAjihAoGIGjFGAToIRRUk2NoiDNLZBVRanrZ6yJrOjCVWkWm8qqxpzuzQHWP4gwPBrI6GQW9vEfrBCVNiE5TCaMoJLL/CR1hZQCRK+QlSp19ZJFGEBrV67TQnERR3mVwgsNtDQihrCusAAE7PCXw2GT/Jd8YC+zgORLes4hO7wvDGfBmyHNjxcKpXNF/QRD+qsAFfTadOUIfAx4uVs2QEgdph467xNjp8eNHvIzCyP26zdSPpsP4zwOCgqLr/cbmreB4CjRAD09xmGL8ZkFMfJcmtyBNT4LqLOYn6iZ5dZnxgPh+IACq/8A70zfFhVqRP5zQ+EQATmJv0mb4uDV8n61Jz8DF8nHJxGIkTTmn/2yKgDTVzB7GpQ/9Qj9j9yxBHOqkTYeOhFgsJCK7H2sBNeHkVoQR11j9l/cf4ZI0yEfpF/gZfuTKFPfjcqvNFUAR/6oc/yINjHYHSxJx8H7vO8lG/xPKx5CHdT91UJ5P4/w/n5g5FxKqks7bfSeh+SfKfG8gspx5OQtbvSeV4hc8lWzpsNb/SajHbzN5ec44uRd0auKNwQ7AiiDsYpEEcUIDqMbxXC4RoRpYkURqZSgtvsJTgUIT6MiblI5Q2N5YVf3DSJAos/wg2Alj7mOvaJSWyC4M2kgEg2N4Mb59wBt1mVDSAYki5TkcgB0g8cAL7iR0m6B9OO/aZoRqTOjHSsHO0rNTnHHGSZxTTNmZyRftvQTKRrrMhwhCGhKxkhgRJ6QBowjrBOpA1nOrsmTkd71lDORQ6TN25MT3kjMnybPbll0uFXrBaXea4xyBJlW3GdkCpePNSFQN+sT9JKnhdjU7QnmD3cuQv6zvwsdL0Xf0nNhLY6bItpvwOlzryfk/nUIuIIooWB2mbqXlHn+YGVceIkqPuOwJnBkdsjWZvmz/M5BoKNF0mbFUxlRqzH+UsmNT9AGNIpNqOk9DEPCRCzDn0o7zP8AFeH/AJORWv7Nak/lcQwZyFIptaHSL5xmzay8hcRyXiHFT0iTExJ4ajvMtXFDpOrHnXHgC41s9fUwXccrYmRwp3PSbo/AFsmp2xp695suA5x8uWkbpcseJiA+ZmsKdAY035QwApG+9tW9I9PjNdBJdqyEqpDPoCZnn9r8FP1l1MD5VGHXc6CZFv7Q7mHkUOKDpMyfaBDUgy7j6R4GAcHtIfVowaB9YX1jqOV8uX4sP3Npc6m+PxsS4l9zt91TzsGU4mLjcip0+FjL8s2Q6bC5MZsbKvE8idBvIRmb3BqJ2EbeRjyMcSbd+8QCqCx0UQnKcfyuxYnrV/8ACJ6VyG1muJhyB/b0EwynnmNSnkm8l1yKNkUUAJkXHylv4TVsYfUbLuZPxAgN2kxeD5clYtueslVbppe8H2H1nUyYwihPc27HtApHGIBU1I1v1k5cz5GNH0Ezy5OKitLmmOlwcz1jJ5RBTiKMjKAAO5lZHBW++0zyG6voJSMTpfeRXWaHU0YiRtDaJqugGsmh1mqY7FwWm2PGqg3bbwC80JvbpDIugEtFoX/KGXKw1qMUDrNsqEjko0nO13rDU5BOsRhqYVpCiBWFWLhZgPG3E67dZ1HyOSkrp0AE49ZeMqNW/hJYlh0W2EkgA6xczcRNyrjXky1xmxXQEmcwYgSw5dgCZGbDIIyAiduYjGo5H3kbTkJpg1XUku+bNyY3CZv7OnDnONrO3admNl4nIR61OHCgyZPQGdh1HtGmwi+Ga47R3PITQMiA8RrMnXjmo7QajYB0lVv8gfGB2Os4fJ/7pj+Rk0BmTMWYk9Ya6wqhUd6QG8NHx7yk4q2sZKmomrpCNGUEfXrErBSRenSZHISKiLXImKZixsykJEgDqdpVitJVp8yphkcsBR0ksQRFftgxJBEIwCT6mBUg8TvClCNAt+7vtLyKg1XQHpBrMR3FCAXRsRtr7qilKfbx7neCplKaP1jKdF1PUyQDekAYG9oA1GG1sxQK5cmttfSJzf1iJvbSAAJqA1AsXtLCKXv9vQTP90svxYlNoSrzDDxBUUesyVgBtBmuTBJwt2VqCiTEI9IUGKFwgErH936SalY/u/SSrPMMNWkdqVoyISs4BvK5muPSTACFPkRpEIXGosEjpAAasVvFx1qUqloxxC2dxCIqoGukCxbWKFEfWKOoAdJWEXkHpEVMSsVuoT03yVXMdDUyPveh1klifoZeI8bPWEzIvjwUjrJxuS2sYamN6gxIBqIPnTay9jaNieJ7xNamgdDIYna4AAajC22u0QsmoEkWIV1sqigP4SC3t9TITkSGbpKYXfrIwnldiA9YqN6CI8gdJVbHhxkMQoIElLOkfEkm/wBJBI9gOmh1mgyEkRogZaO/SHHgB/OUtRpqXBoR/aLXXsZbMNuh3kEbcToOkCbZzzO4gzGx2mvPahvoRLZUIqq0syGudnavp/SY3rc3BBbXQbCYviZD3B2MReuDlS6b9ZphJbTrMZYbiNN5VsUWayoOky2JuUj01t13ibUkwRMY3hUYhSomMrQhsdIiYAYRRmAA1KBsVUiUpq4CMIE3C4BGBuZS4xVtp6SjoNAKk1NZXCNq6RSqIo+sUKIR0Y+MImEspRreSRUGjpDeFR1A1QiqMrjzHpM+OgPpFzoCjIznw0Cqq6nWSpVjR2kas1SyoQb6wYQCk+nrOgqAtdJyFpryLgawWG60O8FOmgGshnOq9BEpv0lM4bAVdHWpiy1rGXK+sTsGqthBIYdqOt3JL6i+m0BoI+N6wrVctmz+sDbk8f0mJFmpQcoYTPg8iULkqfcJoXDCpmo6wTxy6XyBErvtObkKPrAkk95JEEgLHaKFGKGjjEUfSBalesA2MnUfSZQkPxUx9xraKKEqnFCEAjihAI4oQHFCEAhCEAhCEAlK3E3JhAv5D1lKw09d5lCExoWFEdZnCODMFQG9TREvc1D4yHsHkPSE1aYrIo/WDYVN1oY0Y0QPuMd0fftJrPLJ0IQE9DV+kz+k6vlQqylbBHWckrXX6iEI4aKO4oQH1nb4uHxG8PJky5imflWPGFsEepnDO/D4WX/BHlck4M1BOXv068e0s8n7avApH9BOnNhPjY/FZB8mR35FT19JzYgRes6j5NHxGzkBUaww1NCaqR7SZ/yVgfBwFbcgZr8v5Eijir+BmeP8x4zHRDxH7tZofynjuKAaY4+rr+8Iv5ugOI/TSSxzsffi1mn+f4xA3kN5Hju1h6+scfJz8Mio5a49R0lUtG8Z1kngXsZNJYbQ/wBwa7R/5J+wR1TUKf5zYeSirRU6/WThyBT7sg+k3XLirVxH/kv7IHnYQNdIz+Q8cEa/WaBvHYUeJv0jRfDACez0BEfufs8H8qnzpmyeOS9EaLtU8z8b5Wbxc5fCt5CKGl1Pd8048H+VwACkaBe88T8ZkzYvLX4P+8dF+plnisdv8pnDzfJbI+fI+X/uMxLXobmc3845j5eU5zeXkeRPeYSVBCEIBCEIFA1sYxdiJQv7jUvIOIFQzWqhG03mB0aogxG0pgSoYjU9YJMQd4oyDFCmNTKNg3Fj+6UwO/SBtgxhhZ0C7xZ8v7V26xDlVbDrJyrQuVn2xjihI2cIQgEUc0xYfmcIjAE99IKWIYuV5b4joNzOjA/jnkpCoh0thyb9JD+DmU+2nHUjpNk8U4/FbI2mTdRV8h6SXPli2X248ihXIU8h0MvHkPHiN9hJdlZR7SG6mPBk+LIH7Sr6dmL8d5TrybG3Ea11/SMYkz18eIr8R9xY7z1PE8hOAbLlvI+ioDsJw+dj5OSl4+x2BmJ2tuVm/q4fIyswIZuTA1+k2fFj/wAVB8lMBZUbfrM8P47NmVnVl4KdTfWTl8dhVGzdECXjwtzgsWF8l5OJ+MdZHEZG0+lCe/ifD43hIH15CuM83yTjdkGFAgXeusS6aPHynwnpDqRrOTy/IOfJyO868y43HIEWKHrOTLhKnkNb6y5zqS/KAXxigKudS5sS4faLyf1MyVCyjkP1nSgw4huL6k7xSoTFkzEHKeI6CdHJMpPLQJoB9JkXbnY+0S2rKV4IQP3f8Yqa5fJykvaE0O853yEsG6zv8jxcaD/uWTrttPP421RGuuEWLGzvAAkX0jdONax8vZxAla/RIGpjP2frN/HxYeLZM5P/ACqOsjM2LbGKU9O0am8sJfyNx4XSjpJihp1eFi5FshNBes1zOvH4l1LTkR2A43S71NfGHPIW7SMWc2ttcalv9ugmOOyS53aXkpmGMN7Tue00Ix40LqbGw9Y1n/qxxMS7Jek6mCLjA6naYooFNWp1MfJnfuBtKJZCa4zaji8Uu3XSaZRjx4bP31t2M5MmV8mBQdr0k8k5ZZX5cVHSdTnh4ox7kzi0V/oZvnzhzp9BK1Z4SGvHR3G0OQ467yKKMOXWBQ5D7PtHWDE8jdmMAMQTLPjvV9IBKEGxOSg2mwmthUAvU9JnxNXEothcDqIsD+cdiqle1m4jUgayWoMF6xrOnyIWunac+bGCA69ek6CoAJbaLIvHiR9vaTSVwspG+kU7c2NWDXoRtORcb5DSKWI7Syty8J2iudK+Fm15Cqhj8NnaiaA6xp+Ucsc6m8ZbCKpvqZQ8UgMSAANoPyjmTCzanRe5mmPBjZ65WBNAhZKYylx41X26NCWssmNAPbFjxgYzkY63Qmi42ZjpJy4iCoOgPSDfTIvv/KT7h6Td8ahlAH1h8LPkH+0QbHTgT48N9WEnH5PFqbaasQMdDpPOyHUxWZNa5M3yZC38IK1EicwNGbovIX1EnhqxGXVpmZ0FNLMwYEGVetKMC4NQoDpvEDRhQYA0YGEKDHVRRwh3Cu8XSFmBZQX3EoZU4gcB7b/W5Iax/WK6B0hFBqUEbruYiAfex1MWNA7UTxG5MHoaDWD2kVfpG5JMXLrAd4UoRxQCEDCBXIBQFu+sLoURJEbGzAUIQs1UAhfaABOghWtQDeMbwHGIwAwihCnCMC/0ihBAGOKAH0lJ936SZSEhv0irPMTC5WhgBrCEI+OkKhACO0AYtbmoxrRswluIBq4iwI2jIrWA1NgQJrSAqNjegkwqqFytKuZx2YMUTr6CI1uJMIMUIWBEDFAq5QcdZWLCcl3oB1mbjixAN1CcXhXIdJG5goJIA3MZUhip0MHg1ao9CwMk6S8Q5MB0PWC/LZSHIVd+01UIDyY1XTvM0xHD5Fg2o1DCV5BRMdjUsdD2hzvr6jP5GMKcaLv1ma4gRzJ/SYnWq3MssUFd4azPCsXtJ10Mnl7mU94DYTNj7oWTlvjI5ADftNnUsfaCa3Ex8O1yjI2y952Y8+RfIYhReTQRjN8uVlPCyKIlIgA5HYzPyMrlmB2B2kjMSNdhpJTLjXIyAWOsksWW+2kyuzVyufAV3hcP2/qIO3E91PSY8qa5Rax3hcS6hTe4O0KFXGpGoO0TqQLGolVEIo4aFwvSoQgEUcICjijgKOMqRA6aQhS8WMub6CROhWCqAvbWKlpZWFVWvWYgmo3e5IMkhJwDFLsDXeSSDsKlUoQhCrUjrvGATRkA0ZquUUbkZv0UxHKwJmwj5CvrILEioJANozprJ6R3YlU2Y1UmKNQL12gbY1AXkTMmJJuXzFUNpmd4SCUpoGRLQaWdoWlGupgx6RIaMHoNvKVTxJrSBF1NQp4+naEtYtY/WWuqiDKShP8At/pECAg7wAXekTC5QU1cknrApV0qVjU6r/OGIiqO/SDEjUQn0ZXxaoMRysRMbMUNNOKsNPu7TKUCQR6TQqjjkPaf5GDcYxkxlGAsjSTCiEIQHCKEAhHFAIQhAIQhAcUcIQoRwhSjhU1w4edsxoDp3hLcQi82C9TKbDX2m+8rPjCFSn1Mx5G7uRJzzChGdTcJWimgXiNd5riGNRyIB73AgZL4ChIxezI6kAGXyXGLQ+7oZJxNVkxHH/zSrx8qDnjyJ1O8SvyNGJgNAI0TkaEHBlf2gzMpRm/xWezQOEwkrnIimxwuTodO8f8AiuRYIvtC/lPlhCU6MjcWFGTDQnRj+xAfWc/pPTynw/hw4seFsfkIv9xy1hj9Oks8pQvtQ3qKnT4uNG8rxAoLJqxB6TnAIWxtU6UwnP5vi43ZgOPQ0f5TdI+lXN44atC3XSU+TARuv0qc6fiPHFnlk1/5jGfxmAfuyfxnPl1/ZsWwGtUPpUxcY+VAIR9BEfxnj/78o/6pkfBwKxUZMo7G45+hwGX30EWuwj+MV/2hM/gRX4jNk/WjK+FTtmf9QI5+E4+WuHDjc+7EJqvieObPx/zmCYGY0ucg9LEseL5OteQPT2x+ytf8Hx6sqR+pi/8AF+Ow0L/UGQPF86tMyn6gw+H8mKrImnaxH7H7vJ/J4mwJnxqxYaEltwJ5v48v/lpwcYyTXM6hfWez5+PMUzjyFUOFsFTYM8PxsZyZRjUWXIAG28vXxWO/+Uc/5NVXzsoXKMwv/uAVc5Z1/lPEyeJ5jYsnHlofabGs5JEOKEIDEZxuBdaRAmUMjddoTlErma11iO80TAWAY6DoO8Fz2lTQutekbMzCidBtGfurb0idgBxH6wiLJOsq0qq/WagoMJFC+/Wc8LOV41LOFE6CE4UO85kDWCu813bXpvCVrZ0HSLyeJQEdDtM2yqFFantIbI2QgbQkl8oAjCk7QIqNHqGuUkUajVWbRRf0lN7jpNMGTIrhMZCM2hbsITeGBBGhFTrw+MWUDkqaXruZHkKBrzLkdSK/hK8TFndvlVSyIdT0uRLdmtTkz4PayWo7idWP8hlzKeKjQcdBsOwl5M4yGk9xUe69oYGD5PkLjGiC2VRUzcvpnXHnfGF4gX3NbTh4MW4ganaemqjzMznGOI3tpw5Mb4ybIJBqxNRetdXjeB5SMmbcXPT8zByUD5F5KNV66zy/E8zyBxxK2p6tsom/xuXJGTlyPuczN3fRfrzSwDx/FLHO5IJ0Cy2bAnuxWyVeveY+b4gRVY5Q5P2qupkph8jIq4sRAB+4mXJ50rP5W8lrc8Qm31nVg8PHnBPKuO5lK/ghj4oAKjdzoS0WH+zjyhftbSPXCXy42VS7ohL0dCBJycxjqiK7zqxZXwYCFoBz91ay/MyfJiQCioFEy6a5cTkYuV7Tp8Lw08vllyNxxJuZzZECpxQ3y6Ts8cp43jtyaz0X1i+OF8n5Hj4QoyY3PEGiDpMWzDEaQ6na418kNiZXW7NznHjq5sNV7AxPqnDTLmdlIYDbcTiB4nkeu07sficgFZuIOk2yeN4WFUGSz6mS3FjyshHLSPGnNgOhj8pcYzMMX2dJeLDlTVlIvaa3hq8R2nFgOAh7tRuJ5b0GIG3SdfkDyOA3InGb6yROhQhLxIXaug1Jlb1IBO0auyghTV7zYkElVWgdORmLqq6A2ZE3SszXE/J8at9qnaYy8eJ8h9o23Mpcb5vI5ZeKfbtc1BXGp11OxnKFRSAb5DrNiflzCvtQfzk+jFkXkDMnuNneRR4gdtpvx9pO7SPYiktuRKORgbNxD7xEWtie8rGLNnYQ018sg5FC9hLUDEg5aXqRMAbzAnvNM7NlfQfSEzxHQcvLFppymbYmCiY434ni2tdJ0jI7KWK12Enhm8OdmYaQ0ABG8riWswZRYqVddXicRid2NH1hjCl2yHYDScrK9cekybI4tQfbtJhmunNmU4aXcmzJOcPgAOjKZzanTpCoxcaZMxc2NNKnb+Mz48fMsQqKLY9SZ5p0is1XSLNmLj28L/5GNsraITMVzB8hC0FB0InKvmcPE+BR7idT6SvFZeDM24FyThmxtkzIchA6aQ8ggKuu85eYY2o1JuaZ3duIOwmkUyha1iHFCGY7zLI98RFlYcRUVZG7eWFPtE58uY5HDHYbSWWkB6yTtGLJG9s6+0aztwYTQHYWZ52POyDTpKfzMjY+ANdzJdT8a1fLXyA/pONjZgWNVEqljQ3MrUmGotqnSmJRixl24h236Cjrc38Tw0VlyZTdG66RY0XH5zpkF48bF+PSz9sm+mbd3PTvyeN46Ib1v7ZyeR4eNlrHq/8ASZ+T5DMxN3crx/JIGskliePDznUqxU7iKdXkv72JA93WctXNOkvAhK4aSYNAjqAIjsVABd0ImBGh3lIwXUi+0gkk3AAal3azOOBeMhXs7CLKQWJHWKqkwYI4o4UwNLi6QB0qKEOEIQCGsB6wuARgDcxAR7QGikgm6iqoxdQ1r6QJhCEAhCEKNahGNdIEdIQgI+kKo1GBcCJSnWIwFnaKs8i6j5RRQi1OsrjZPeZx8yYTDuoFiNjdxHWAGtQo5Gqm+PCpw8+VNe0y4MCNJ0ZcAAVw1XuvaVntfHpo+LA6cEFONbmIwKL6gSGDYyeJ26zTFkHAg7mGcsnFZDASL2EGw0dDpLdnoUNOlTNHpvdqIa58rVMXGzM+AZiEOg2hkUB6Q2DtKxYnZjx3UXB9dP8AxXOL5L/TrUF8Zm4922Er5AVCncTrGRSEYinsEN6wl7do5GGfGK4kdJsngWhZ2okWo7zcZFcn5Drf6SWGU5eX7AKhn8r+jn+IjLarXDpIz3kyAgfUzc5GZ1UtVDQzKmZyFOsLPqk+MKLBrA6S8YbUKt106yfcosHrqIg+UuT13uReb7afLSso67TJi7gKRdzc42PiklfW5gOQWu3WVJisK++jKfGG9oI7j/hI5ABSDr1Ep1Vhoem0mL70UqnXaJlQaqOXeDaLqLiwuyMSuv1gMuHoDQ9BGrKUDFyCDXqJiQT7+hMTpx1Bu4XIrKwZtDZ6mZ3Qi6ymG3rDWYMZvIJbn3V0iwqeRPaPJt+sJfLI7yl2iar0ihWgqo9lrfvJscaj5AQyGxggcd+0zmjHVSDtE5BNgbws1EUZhDQhCEIUpRcmWpoXBVjTRtpDrxOmoOxlghhF09ISM5bv+1dpLcekmFzRCOKFEcUIDCk7RSlNDeM25pRCaiEs42AutO8iDTijqG0KCekUI4ChCNQSagAhNOFGhIaE0jNMZBWj0mUtASb7QXwvIorkP4TKW7EyIJ4WournUoDadpzDVqGwnQLMMdgxUPW6nQ/rOfKoU12nQEs307xPjU463I2PWCXGaapfXtMnIO02rhj9ZnmAsMOsLPKVYrtGx9tXciAMNYIxvEa6QEBirl30ESizcZ0FiEWh9tE7yXxBVsjXpUY1A9JefRB/SE9skxq40sEbyCtEi9RN/Fr3A79IvKFZAetQu84woxTo4c8Q4jf+sWE49VybjaD8mEJvlxqhBOqN/KZunFqBsbg+kLLqYQjFVAmOpRXsPrJg0QqMQFdYBxjogjjrGFJIXvOlcfDW+msJaBiCoGI9x7zHJowrpuJ0NkAA9Jz5WDNY2kjM8k2Xkb7R/FzW1+6Z8Sdo1vYGGs+EsjKaIoyZo4cnluJBlWUWZQyMBQ2kwgxp8znQ9ZW4AMzQqDbSlbk2u0JYkirrptL8c++jMj9xlKSp0gs4dT+QgcDtuYnygnku05N4xJifjHWHHXcyXzlSQuxmDZCarSpN2bME6/IdizWZMZEUrcE9TPk8XKMS4PHGF0Qc2BJ5/W55iAF1DGlJAJ7Cej5KeMnkFfFdsmMAWzijcvXylXR4ihdjadeL/I/8jhXAg5/Hpz04zmxo78ETRidCZ3J5CeN+UBzEl0QAcQTZmuyz/wDD08eL8rr70P6mWU/KULZP1JiT8tjP7CP0Mo/kkb9h/gZz4+rp+5cfynVkv66SOP5C6bgSO7TT/wAhjO+M6fWS3lYWN8SL6Rx9Tlmf8rlXBOXflKH+Xt8a/owgMmEteolfLhGzEy8fNOfgJ/lg+3Fr11E1GXzF/wDhNd9JOLyMCmy02XzPGW7beTZ8mX4Z/wCV5KjXCa+kR/IZVq8J9dDOhfM8Y6B/4yx5PjjfIBe0cfK5fh4/l+QM5zlVK1j1BFT5/AzDICpokgCfT/kAHy5ADYOM/rPlcbMjWPuVv6Ga6+3P+TzPRflsD4fLKuCCQCCQRf8AGcU7/wAv5GTyPIV8j8zxH6TiAkRMIzCApr8JrfXtMx3lJbMATXcwl0OoXTr1iORj10E2bHhvQ3McgAOkJLq8IttYnUDJVy8FDGx6iYs3Jr7we61yEBdP4Q8ZFy5OLaDe5mATNKKLyXQiD1i/JQK4OPQdpk2TkKqj1kli513iOmkEnydX9TL+FwLND0kcgPWHJjuYXkUxNVZlZcGXDQyrx5CxNFb40DX7ztXSGc5nxqchDVtrbD6yJvLNGArvDIfcakAzfDmTGPsDMera19JS8ctvA8RvJBZh/bTdiaF9p7Pj5cK1hUBWH7QNDOPHmzPjClQ43AUUqfWZDOcb8sbUToSZiy1jeXTnwphcuQCz7qJw/Ih5pxqtVnpeN5mHgwKKAossdS5nL5GPAqfOBZY6qNTEvqwyfqjFmVPEOIJTP+7qZzZxVJ1nZ+PTEzHJnFhdceOGTH4eTIavmfump5NcCYspBOMb9ZeP5UVuTkA6E9J35smL4BhxUox633PrPO+VzhZH/wC3dj6yc30uvT8PxGx8MuQhkIsDeZ50+N2zMKGygdSZx+L+QyeMG/cGFAHpNhm8r8hwxothDt3MZfaXr71nkw/K4KUMh/as0GHP42JnygkZNATsJ6Pj+Dm8UtkbIgyvpe5E4/yfmFsYwO3Iqd5N3icxc9XXF5LOFTH0Gsk5snxhK0El8iMiD9w3j0IBmzPC1fgwca3uI8nPK/JToOklcRZgAwH1nUPH+L3DVa1MJrlQ5QTpXaeh4XjnPYb2gbsN5kio7Ky0QZ24jjGiHgF3maby5/L8bNjW8X2D7id5w/FkzAvkclU+0dZ6pfHkYjI1Buk4GIfkqCgDQaIfowwojbisgOhM6zkTh8Z1fv3k4fCyv7r9vVp0pi8PEf71lx16RRyiwtk33BnFkXJlckDT0naeOTIQCOBOkb4lx47JrsJSXHmunHS7PWb+KoRWyZNF/rDDg5OSdb2l5h7uA2HSVq3eE5nLjlXBOiictWdJqzkmjqR0mnxBVojfUwS4zTEAVLa3NsmNlHPEa7iLhzx+3StpCeS6+1hfQyU5rN8pf7tx1mmHIqWa0A19TMWFsaG8tMGRtAK+sq3MdWPyFA929WZyZGLsWO3SdCYQNTr3knEN+kazLIwVCxqU5qlHSbAUwCyMicTe5hd5GFQBzO+wE2Kg+4frESpxrx3rUyBkrGZUGBVPk22w1nRkfGml6kzjQ+/lsJDOWfl/CZzlc2u7MhGOl1ZpmmMK4DkGhZqZ58rPXQAVEug167RNTG5y4gSCZwnc1Og4Rox2G4mWQLz9goSr1wfaB3ismUdolotChhY+kzm5EyYUYWUpS5CoI7ipEIXG/jFedN12nTndACnWcKsVYMNxLBbKSx6ayMWc6bakR5RSiJtwY3B4gmU+D3xn0mX7ZpypKmULANjFAQhRNfGr5RcylYwS4A0swXxXuqcdUNS297TzcwGLymANqV0/4TpXLjS1BtgKM4vJYtr1kkc58MncsdZSPQqSMOYqGCEhtiNZphwsysx9qpuT37fWVq5hZiGAmM6MiWPpMSIJ4ItA0RJjhpMcIoU7hCKA4/uIEmOAHeKOKARxQgEI4QFHFHAIRQgO495MoiEEQuMSuB6QIMJXGzrvAqR+kCYQMIApo3LTWzIj5UKgoO8BpAQgLeNd/wBIo13irPJVAR7xgQhVCobaRiuVHaAVLSgwuRyomto1NsLhK3ORQe8yyZCx30hkYE6aTOEkWHI03lshCBgKB6zEb6zQOxU47sXpBZ8GCRvtBnViDWo39ZRIXGUYX2MyPE7bwRftY2dIK1GhM41snTeDG5THxDE03USHJICqbHSatiVwpY01SKUIe42lZjUtjXAvHXUFpL+Ux0Q+07znXkQT06ybNVC/i0DlX1jDhX5LMrJPrHtVyLjU8gC/SNswT43xjprfeRkdiKH2yS5+P4yNQdDCY2/yXfGUY+y9pDNQ11EgbEQW6lXIYQVv9JTMdCP5SbFVtKXipHL9IACeQXe+k3wqvP3CuJpvSc+V7f5FNHoBMzkcsWJ1bc95DNdXlomJuOI2ji/1nJcqiylidpJoyr1mAC6lNVkdtoIBesDq1CQb4VASz1meYUBUrCSqn+UyyG/p2kSeUQhCVoCXQIkCM6QHtFrFdxgQCooRQHFGO0IUo4oQKBoVFZhCDChCEBwqAjFQhRTSgY+Ag0sePluanQEVR2mAcAEdZJyMTvIzZa0z5CfYNhGuNQlmZICxm7ChKXjhkUB1XTSSU1q7l49z2k7voIU+K1Ve7rEcZ3lnuPuMRJDamElrLYy+Wu0Mg1v+MRJIuoXyCxJsSJXT6RAEmhClOgL8eGz9zQxYq9x/nFlJJIhm3eGMFBYgCFS8Whvr0hr01RArfSbECpGMdTud4myA5OIkc7y2AAX67w9qg61WsTuipfpU5MmXlS9IJNdWTiykjqJwm9u02xZDXE7TNwA2hsGVrrMuJhDaPeGiAh1jujFAtNNTKLA6HaZ3pAbUR1hMboLI7Ssv2n1kKwU67R5CGUsDQ7SM+0eMxDkDcy/KBNHtMEYhgZs2QEEHrC2c6WHJSlD9RM2+4mBFEEaGImVZ51TZGZQpO0m7FdooQuGIN6RCUEgMNUFQtsLhx01iDsNB1hP0HEg7TTHjDZQK36RIzM1HcTZD7iw0MJaFXjm7cdDKdiQT1k8+fJhoZPKhZ2hGbsSKMkHSDGzfSSDDUnCx3Ea3dH+MhW3Etm0B6wlSXZSRIlslmx9ZJoQ1CG8OsL1igOCsVuuukIwvLaAhNEW5S4WO4pe81ARRxU6yWs3swdQOv6TMzdk7zFhRqFlTHFCVpQHWG8VxXCLw4smXMmLEpfIxAVRuTO3N4/keP5BXyEON9ipnL4nynyE+EMcgNjiLP8p0fI7uwyliwb913/Oa6lz93X4+X42RipeiNBvPT8EB/wAplzVQVACTuLnl4kLugVuJvQ/SdnheInlflM5yu3sAviStmW+V6/8AV9Hjy4a9pBHeo2yY9KYTkx/isI/c4/6jLb8dgBAt/rymOfo6cfV0fIl6OswZrc0QREfx2AHd/wCMzPj4gaBf63HJwP7nPpUrix3Vf5TIKobjyaVwW/vYRz8Jw2xIGI5Iv8BNR4+BrvEv8Jzpj5mvkI/SWPGyG6y3XcRz8Lx8tD4HiMKbEsgfifBO2MjroxgPG8n9uVf1Bkt43nGiuRCRtuI5+DIxfxsWDyT8ZamXXkbAny+RgnkvpY+Tp2ufSOvlL5Z/yOLWnt4bGfNZ7GZ1rjb7dtZerH8npX5vL42TJjHj4RiCjVhux9Z5k9f8wPBGHAPHU/JXvcm7/SeVUlS/6wtYTQBesTIvSE1nGDUCKihTG82Ax7nU9ZiBek3VEA/qYZ7IYDieMjg1X0nUgWtP4SHw5NWC6doSdvTFFJM6AntExxsLIljMUPE6iDttQ9IxUiZmXlbm/KLj3hZ9USkosAdidYFCNTtNsOBHXllJUbChvC2zHV8eDKvBfsQaBdyfUyPiPiNbrv0OsefxvhX5/FfliSrZiAeXoJBbmgyZHt2/bv8Axkc+f2cuVlbIWUcQekvx/HOQ2SFX+ZiOF70Gnea6qBxO3WVu3jI78GbLhX40vj/sGnL6mdv+H4Pxrk8oe9tfjBrWcniBs60CFUa5X6zTOMXkgJ4oYpj+7K3WYvnjhmeNv7NXw+EMgCraDcLt+pma5PCxZFXGtlj7r1Ex52ACWGPHoFXSzMFxZnfl46Eqv3GJPqi8uQDzCF9vPRQPWPJgHjgumQPlGhX1PQTLLjzYswL4yMrf9sdZBXyfGzDNmxmx/u2uaOEHMxJXIpUjfvOrwMni8G54zkYfaDqBOdnVsbZsnuyMdpngGRiQtrj3YxeT068+Dx8uUZgOOMa5FH+k2w+XgXLjHjLwB0M5QmcMRYCt+zrUxZGx5QdqNyYR6H5DzGTKqnYfdODz65q66qwsSfLy/M971oJi5egrbLtLJw1JzKi5omSkKnrtM5rgRX0Nk/ylW+FK5dQNis9bwMi+Rj4lha6UdzOFVSjQF9xOe2xNppIz5eh5RHjZzjxj27iZtnbqKsR+L5H/AOITNlHJQNpt5Hkf5NgIFS9CBrIy48RfNk4ix3M9PF4JyYzTcEX9x6zk8dVGdcf8QJ0eX5TY3HjjRRuYu+IvCfNfJ42EY0YV/uG5nAHbKayb9LjyLn8nyFS9BopO0Xk+Nm8fIFb3fSWf1OD5DEvKrPSYsc+dtLN7DpNArZKB2HSaoxxtenAdINz9TxocCkudes5Tk5ZS/SPPmfNk7DoIDGooE6mVczyhGXkWO/SbWGxknoIhxxqS6fSN3sBQAOXQSeTylMpUBVFwKbHjZO8pcZXXttNQCu/WXBnTCmFCu00BShZ1MzYFQa3j4qyCj7pKisgIbT7RvEKygFR7RoZmMrAnEwsnrAOcaMF6bwYbN8bivuP8pnksgjcxcrIYmzETbMdhK1IvH/2yT0mLHShLU8vao0kOvuIGveFgH2mSu9mNlIjRdYGpAIFS+BCX1G0oCgBW+0bNRsays6Y1UBphmx1rOoGk1HuO8yyaqQRcJK5b0kjQwO8RkdGwNrpJZbGm8lWqMN3hEVAiUN4jvCpmivwQqNzIigaYrZqmmbcINpgrFTYlFyW5QmcqfRa7zPaBNmELDURGPYaRQFGCRqIQhXV4eNn5GQ6khnOosgD6To8MMMJrr1mflkIeAFSOfup8HK6eQqByiZf7bkf7W0MrzMofMcGL24cJKYwNLrTmfUzHxii+RibJfAMCwG9S8mH42+XLouS3xoDbFSdL7StXzqsdnQiyNDF5ONgAwBqSudiaoKvZdJq+c8RxNVIzzK4o7lM1kk7mTK2IQhAUJVRVAUIQhThCKAQhCAxK9smMKTCVTlaAUTOdZwoqAncic7LRNbdJIkqI4EVAStCo4xrA6bQhDQ3KORjJh1gMEg3LRlKtyOvSTUkijCeTNHaTKECIVNQhCAQjqNgBAmNd4oDeKs8iMGIwqEAOsDCEAj2ilKhIvpAGNxCUFOvWoWvGusIVaXECRLDcQVIiA5dINCcmNGDY2GolbbTRGFNZojb6wlrPFhyPdDWII3OpofIfQLoRvM+RJvrByprU733ks2oYfrDpcmFkUrlbrZt5S8SdZA+2Vj3/AKSpfZE0SR0MORJBIjzXy9esldjch6DHoNoAHjZhyFQViQR0MKfLSNQwUtJVSTxgxI9p6QEWLGa4wjEK5od5kAdW6CNivAUdTvBYMiBWK3fYyahyteJH6wJBA7jeF5AJCkd4oxFA1xpaE9ekkmiJoXVcS1916/SZ7sK2hGwWloddZi83Lqt2dRt+s5mazInXyIodIpWjgYoQpxxDeBOsIIoRwohCFQgihHCiEUIBCEIDhFCBYeiNNIixMmMQmCKXzB6Q9p30g1ti4ogbe94szADiJPKhQ2I2meu8jOc6pDUY/wC4DAVVmH7hKrRq5AyM33WOsGupLbWYSBgauFk6GUoZxUMajlR6QoRBqG67SlU87G0Fv5a3+k1b7aHWGbUM2gF/WZ5CbGsCCLJktqLhZExoaaTFDWNjlpv6yFb3FjIhBjRshZePaRCKDFKYE2YoQHEISgvK66dIEmEekVQGATL4k7mSNIy0IpgQAbsSWexQjVgdDJdCp01EE+qRC4oQqgYGNQKg28CYXAwq4DBjV6k8TCtdYOFl7HqY8a8j9IfEwF1pLxkIuu5hOPR8b90MZ19ZSA8f1guIq1nrDOmE4i+8nLietBNiAAAdYZcnGiNiNJE265/gBFBhyrY/0mNVoek1IDa/u7zN9D2MrUT1jsneA1iAhpoMhArtMybhRhBIUIR3CqCbX/Ca4wAQTsOkx5GP5DQAkZsrXJnNkDboJiGYGwdYibNmKMWTFNkZt4jCKVRCEcBQhCB0/jvIzeN5HzYX4OAab6zb5Mmd2zZW5ZGOrdTF+L8jF475XyYE8i0pQ90PWNGDEsF4A6hR0E11Tt+v7OrEVDpac7I0nb4KeZk83yl8coi2L5b69py+J/8ArOIpkGNux6zr8Hz8WDyvJLa5WegoB6fSOy9f+r1Mfi/kQoByrX6y28Xz7F5U/nJT8uhUWlelGV/5JGOiH+cxw68/JN4/n9Mqn6kyPj84H7kJ7WZr/wCQxk6ob/WZnzMJN0R33jhOWf8A+ODaIhPflL//AB//ANtT39wkjPgDcrP0lf5PjH99D6xx8nPwpX81dRiB+hEsZ/NH/wDrn9Kk4vL8ZT99zdfN8cbNvHHyc/CB5fkL92Bv4RH8jkXbA19bU/ymw8vxv98f+V46i2cm+ojj5Xn4cL+SufyVpSjBSTYInzHluTlyk625n1fl5RkzYuFlO/efJ+bS+RkpeI5GhL181j+T0rzvF8hfCxeS2MjEdA/19J5wM9fzPH8zN+Mx+TkYDEuiqW9xHos8gUJawqu5gbHrACzLPEjUVUiMqarrSKa/NprM2OtwTSEouzaSYLd6bwrZQUAa9ZQzOdFP1mRNaXckMRtDONThyWWFd5kzE6GUHZTdyDqSYWb7MRkkH6SQal2rHUwpplHIWNLnTl8scwqgHvOIijpt0nb4LkHhxUDcswswz2k8rwJg8vJ/ef40QbR5fHBYt4yE416tI8jxyzHLi+wfcw2JleMcjWvyGlFkd5GfXCBzcDgjV1nRhTwwRjrk7aa95pidXB55jhTZUUb/AFnJlwtizfKuqnbXUyb6HoHxcSLxxsVB/gfpDCHNYMTBQTrJ8bLkzqFYXl2QDZVmjY/jNk1Wl94+lPDn83HwPDG5JO9S3ceP42PHjP8Ac+4//WXlyYseMFPc+w9Jw5A66A8nboN4nPkdOT8g6FHyUW/3dvpLT8hjezmHJdSobqZw5PC8xl+V8ZCJqb7TJkyZFLV7RLkP3VmwuP7qaoT/AAmeTyG+P4hprZM0w+RWB8J26GRi8ZsuoF3/AAEL48+kDIxYNZLTRvlf7zXcmMYGRuK6+ollaU3vUpbPTP4rINzrxeEc4167VOM5CKF9J2eB+Rx4VYOCWH2yX6GUP+JyeOrZWX5EH8pxu6chwFDqBtOwfkczfJzYsHGo6Tz3Rx7wPb3ib7WZa9PxcQyDjsFFs0jz/BOPF8ytazhHlZVQopoH7vWV/mZGxnG2oMcp+NnKMWZkOmvTWdeHOKoix0+swxeFnccgtL3M1PjNiUEmrguKx5hizfKf4TLN5DZcpdjdzF2p6uxNVx2AR1jDw1w5WRgboj7bjL5HLZFNsN4l8a9G27zbH4rY/sPJDv3hOGVuuP5K1kMxbUir3gzFCUfVSdo05k6Cx2l0aeL46MjZSRQ7/wDCWfCKsPIeim9X/pJ+FExhi3EsftmpOEYrDGh3maOXzMhyGl+wbTnxsVyKW2nTxbMeWJCUG56TI4uWYINCN5qLLGzNZks55ADpvF/aDlAbYdZnf3AfcY0bKQxJarO1zn8hSjAht+0rKv8AaDXqJkEZl5MdOkiye0jI13eveWSeOvWTjQcxy2jd7Om0L7JWHXYSi5ye1RUyqah1RKXVjue0pTD/ABAKu/UxfYLPWCLryOw6wdubADaESR7bMByoCVk0AEXLSFdKOHof7RU0XGdztOXxSvyDkaA6zr8jyMSoFQ2xH8I1my6luRycR9Y+JPtAod4vDZFVy517+kZ8lKsbE6fSTUyuPPiZHJI07zKdfleQMgoDbechiNzwI7rWKF6VKoJ1uEIQpQjAvQQKkbwCKaYwn7us0ZMdUo1hNYUY6PWahaOsnIPcO0JrOE1VLYestsaXQ1g1hROkfEzShsI+VLVQa6cWdBjH7Qv9Zx5nL5CTJLbdh0hyF2Vu4JMVgNZVPHlxN8Tsak5cjZcjZGoFjdDb9JviIwY/mQ8i6lWFfbf+s59LhreDUXDWAY3AjSGSIuKAMIUQjqIiAXC4oxAIVcccGpqKURFRgKEdVFCqWtzKVqNyAJQEJVnI7mLgxMeIgNrtNSVvTpvIzbjLInECQADNcz8hUwuVZ4bDjVDeIYyTMw02TJQ1hMsNsYC0N5gAQdZoMlmDAGCcJQc249TBwQddxA4yNbjDAin/AIwqAYwZRxgglDfpJG8KAoMGWpS7wc1CIhA1pUR0NQojXeKNd5Ks8lGN9dobzRUPHXSVm1JC3pIqbFAATd+kSBHYA+0QazlK1AiW2EI2jAjpJVOVsYNhBmUHs0iMlqo7dIoWLoA+7WUchGiihMpRYsYTGiugWzqTMyfdcmODGg4FSx36RJRv+UjaIekGNcY5ErtJX7qk2d+sFsn1gxZQg1KYMGVR9w1iGRgwJjd+Sg/uBhOWb8ixLb9Y8erVKsOuu8zG8L6wzGEPHTrFU0xmlNwUY74k9RvIY+/WMMSSRpe8hr3g9mCASL0MVVvFKZwyqK1GlwqRCEDAe0Q3lMKA9YY94ATdj+EFbjBtzJgU7ctZEcUEEIQhTihCARxQgEcIQARrJloQISk42PeTNWW1MyglOKEIUQhCARwigOKOOtIEwjqKA7MfI/xilIutnSEaqn/6ID7vpGzaX2kBr169ZGQ5EETnJyNZ0khyKqVcuNgQGpdIh9xmfMg3GHskmEyujGgVS56xPd3enSY/KxUrf0jOQsDcJ+NDyb0qSWMQNQ1gMUcUNCEIQCEIQHDpFHAfWAsGxEN4zCGBeo/hJMpB61HlHXrCe8TcUIQouUGs0ZO8BAo1t/OQRKNn6wINawQgalbyJoFB1gqaNy+AIA2rrDkFPHpEzdOkJyoKtVf6ygAunSYXpKUkioMWrM1jpNBjHISACug36zVT7ge0M36K2NR2W9K6yeYNkRMdJEPK/FQd+kwbJyqLIxJrtM+srU6tPk4n0jcjIDXQSK5DTcRajeFwKdYHRohvGYX2p6KgjfrEKKxHaNa4mE9BFBNGIrTcTEDRgTZuFBFGooQhRCEcBQhCA4o4QFCEIHo/jX8BMOf/AC8TZGNBCrceMWPjy9m3S+0zw+P5H+K2dcbHDdHJXt/jNsFdrM31ZtdnhAHyEYoXq9tano/glUt5Lml5ZDRbScv4lguTJZAJB06mafiPF8jyUyj5uGMOaQLe8l81vr6/d9Cvx7Wv8oUOWlV+k41/G5QoUZiAP+WH/j811/kf/uzHLpw7Grb2/wApl7rNV/KYH8dkH/z/AP7sn/EyDQZQT9JdvwnDT3DJXEfwEqjr7Qf0E5j4+ayBlX+BjHj56/7q/WjG34TI6ceNWOuNa+gmw8fCQbxLX0nEuDyTouRf5zUeP52wdL+pjb8Lkb/4nj1/2l/hJ/wfFJ/7Q/nMfh/JD7Sp/wCoxFfy1UtX/wCqTn4OPlj5XiYvHyo2EcOWhFz5bzFCZ8ik8jyNkz6jMPLbLj/ycXEA/fyufO/llUea/EUJevln+TxGfkuT4agtYUCrM8657B81U/EHxlxoWOjOVtv49J41GWsfutTW8rlY1kAGORKpEQ6saEtsKEWh+lzK+kXIiDL8hkZTREAalAkim2h7K9YP1SQOkUe20RhV8OS2P4SNjUpGKm4PTGxv1hPasPj5c78cS8iNTO7yfDYonLGcOQDUenec/hZfJB+LCnJWPuof6zuz5cioVdCpGgYnSpLus23fP6PPbxVGoexBCASJmzPyJ1qSWJNyrl916a+QmTBWRuGLEPbjH7mmPFhxyKQvPoO038Lx/CPj/Jle8zbL0ETYuAKuPcdiO0nusVihbNmVCpKk17RPR8jD4R/t4zwdem5uY+Ohvhjy+79mMaEn/mmz+L5KPzzFWKjXjpX6yW8+Tfo4hly+KbQXkOlDebjyEoY6Og5ZGPftI+X4GIwjkch1J1M6MnBUC1eRvuvoIo5EGbMrZarkaRfSd+Dw/G8cpkysfnrXstzjXyThfQ3W/oJzeZ5bZnsaDv1iy36LPLfy/NzJzwFyRe/cTm/yQMXxjY7xeWTlxY8u5GhM5VDMQoBJOwEsjUmzatgtWNPSdPi5cmNGANXM8WU+M3Jk9/7eQ29anWMuLyVUUFcC8mQ9T9IqVmvkOr8gLOx7ReQjOhYOpYalRJdjjFDYzElmbjiuz0iJntgSTvOrw8eEgvkBdgaVBp+pMxy+PmwkfKhS9rix/I3sTrvK3fDsz40VfksKrfYgNn9ZyNkyBSv7T1m+E48Lg5iMgH7Ok18vP/ktfELjGiIBVSMzh547Tr/Hv4+HyRk8leaLrxO1zB8RTUbRAKVsnXtK1bsetn/MnOeGHGFXYUJy+SxIonpM/Ex6M4+4aAyczC637xJjPtjxNzoxZ0TiGFgTnDUddoyoB02hbz5emvmYWHtFHqJPzk8qNVtONeI1WWG46j3XJjONGCuLb7h0kPk4oFXQnrJduJJEMaHO64z+41cvo+p434sC/vA/WasUyj3WE7zty+X4vgn/ABFxjb3NWtzlL43xPxHczO76L6rDK2TxlAxZeSNuBFiyVjyZnNNVKZzAFtz9BNnVTiXGGAI1NytZ4jnDsG5dZ04wPuOliczIAaBv1muZ9lTYCVbNLGpd+N6bmGXLbAL9q6CLExUMRuRUzMGctuQcCvu6zI0DUvERckj3GCeUygItI/WFUze0KOm8pAqLyY6mZXRgxs3CYbtyNwB9hEmFwuGveAPu1ivSABJgbObUcdpIBqbrjHCusFTe9JGdc7ChXWRKycgxBkytQo4UYBS20Am2PxWcW7LjWrBc1cgKVFjUnaUuBm9zaA94S12p+N8RsKvj87H853xGxX/VObysGTCFGRTTao/7WHdTA4VXQNfeC+Q6jgGLY20KHUfz2kTZ9WAGonSuMLjORj6Aes6fx2Hw8uf+/XxgHkpNUegHWcvljIuZsbKF4k+0bCDyjLoREVLi+0f9zyGTFjUvkOgUbmdePw8mmE5E+QkLxU8vcehbbTcynw5VriL37TXDjJBJ3Owm2ZPEwYjxykqxpCqjnlC6F7P2re0ww88bDJlB+NtA29fWRKgoATWpmbgidb4gAXB32nKyMfUnYCNJWRvrCbnxcqj+4Ch7GZfHTUTpK1sa1/8AhFUHVnJ4+gFTJhRlL7lHppBlJiLb/RmTLUWszIIMvG9aGEvhBFGMGN95MKsaxkAipIND1MmzCYfGAWzAkmMWIVRAH1k7xEm7lKwEIKqA0MvQ6wYCoTWTGzFxNX0lkaSdxDQvSHKMjQSYBdG5aE0ZnNcY0MF8JaTNXGkyggEZihvAAY+UUIFBh1gSpEmODDFjUTReLfdpIAPSUqjvUJW3wAJzBv0nNk+6dK5FC6t+kxyuHNgQsntlRhHelRQAiUiFjQiAJ1nR4/3/AKGSrLzGADKbIgWZjfabNnVqsbSC6mwBoZWNvuI1M04rQuG4B6iQWNweVOAp3uZhjekbA7xAQsPkWoHYQ/dUVRaiFWSvHTeQIzLHEjTeE8IAhVAHpCANmjCnX8IgJoAApBkiE1IiB1lGqsbwC3rCqW2IAEMqharfrBAQdIsrE0DuIT2kR7SY7uFMtGllqHWChTQ6maBAp0hLQ/FKUbneRlrpJa7uIsTvBIUUIQ0YhASkHWEVkTjQ7i5C9ZbGxUEAG8JqG/8A0yYzvFCnFCEKIQhAIQhAIQhAIQhAIRwgFnvCEIQoQjhShCEBxQhAYFmacdIlFC+sZYj9N4Zo+MDcxFEreJnLSJDL8qAogxliYtorlVTNpUmzFCDDihCFOKEIDhFCA4ozFAcUIQCOEIChCEAhCOAo4R9IQ12+stgCg11AkLKUHlCVlCW6kMe0iFMGOogI7gA0hyN6RQgWFDa7Sjaj07RoQF1kO9n6QntQCsLmRBBqUI2HI2N+0HhE1xLrfSZgG6m5ARdBfeC1SVyN/pA63WkkDSjsdoLQ0Ophk6CCupkfJv6dJWRgAa3HSc5Nm4WTTLWxPeKKOGlKaMogMNTM4BiNoMBHFqgYXesDAfSIGooQCEIQohCEAhHCARQhAIQhAIQhA9DD5PmJ4a4ld1wMSCNeB/0muIAaCQfyPlN4eHxeXLAn/wAQqpeLudP9JvqzfPnXX4YPPI3HlSnXqJ0fiH/IZvHJwKqoCQXuiZl4CcvmPOqxkmb/AIfzvE8XxAiv8rE2woipm2bXSS8XxLr1FH5UgUF/90Cv5UHZCf8A1Rr+V8cdR/OP/wAp45N2JnhvlNflVOyn/qkk+fdNjF+jCaf+T8cn2ka9Li/y/HOt/WOPk5ZHJ5YP/ZN97BlLl8r/AOw2v0lLmwk8ueksZsP+/eOPlOfhCeR5AOmFj/0yh5+VTRwsP+ky8ebEDq82XyMV/dpHHyvPw5//ACLAa4z/AO0wP5RQL+Mk+oM6hmxf7v5R/NhAtnH8I/c5+HmeT+Rw52x41HF79R/WfOflSW8tyTc+r81cb/GEAZi1Ka/1nzn5zw38fNzccfk2l62b5Z7y5uePLLB/g/8AjspzI75/28TQUd/WePc9nwfCzeV4uVkZERB72yNxH6TyHTixHbtLXP44TCEJATRXVOlmZxkHtBWzOrJsJidIrqMaioSTCuEIoU4Qm3jjxyf7xb0Agtd/i+RjxeOMSuTkbcDRV+ph5PikL8gy/Ix14jWhJyL4OFfZqTsgN/xjsYcRdxTv0Ey5/wBHBkJIoj9ZPA1Y1E2Yc7JFXF4+MNkpm4qN5preGKOUaxuJ24PLD42Vv+4T93pOlz+O+LgqDkBv1Yzhfx2xnT2k611k8psvmY9Hxcy/IlKAQdFUasfWa+VnZH91nl06Ti/HhgzM7Bf+cz0c+XAqKhPJTtprM3N8J8vPN4cotTeTVTK8jyGYk8SoAqz1mnnZuOJeAoD7WnC2XyPI44x7q/QTSSMcuQsd9OsRA4DqTOl/x+XCoZiGY7gG6mDEA67yxvfgY0coV6HpLQ+R4d5MYonTlW008JXz5fjRbPed+Xx3x0rLY3Na6SbEtvw84+WfJ4plAFfc53kLQNgUvSdR8Pw8wZgxxkCwO842yMxXn09oHpB58OxcJ8mmbRdtJplx48KjFiUM2/LrOfF5bY7QDkvpDEc6ksqEk7wmMfI8l3DY8gJO2vScwYgUDQM9HP4WfNxYhUaup3nnujIxRtGG8RvrmNMeMH3Gdv4/GMuch9gNJx4tcc6MDHGLU+49ZazV+fhU5WGM7aek4/gPJQpsmehjCurPvx3nKrgMT/CIktdfxjDhFnQf1nm5L5E95pm8lspAbYTM2RUL1mKxgMKP6SDyRqiDFTpKbIGqGs5IPvLXMFFAazM0Y6HWDI1S8iEmbeE5GZL0o7xp4nkrh+T4+OM62dJlwYC9jDHFHmh8nku51BO8WLKFVlJ1MsBnWj06zNvHYe7p6SLs8VA0bTeJ2DXY93eUVCLfUySPbdSrCTHy20lPi4je+8ePIAKMnLaOR3hedQolKnJuwkjXSaBdNIK04ou0xce6XWn0iJFWd4SIYUdIuUZ2k1DQMUI4UoSlWxZjC39ITUgEnSa48TM/oIKlC/5TdXTHSXbnUkbCRm34achiXk05cnkFja6RZ8zZG/5RsJlGLOvybNy3m/jY0Y+4WegnOBLxuVOhlLOOHoHBix4uWmsxTGSC4WwPsXuYnyl+IJ2nQxXDhHqPaJJ9WOXPixfI7dOI1+pmmLCXbQe3YEmhJxKxQlTV2WI3PoJPjuMZJq8h6nXj9PWD5ajxWObixVFY0GZqEz8n8d5HjP0zI2z4jzH00k+w5mZ7I/mTM18jKrAIeHHbh7f41K1EpzDEaq42vQgzvyZP8vGgcX5Kjjz/AN6+vqJyNnPPkwDHretxpkXkaPx8tjvxElNvx5IuMWH4cNnLmPvyDQ8f9g+vWapl4YjjUUMCEFu+RtP5RZ8JxgZsZDuy2QuoUbc/1nOG4+MVG7PZ/QSrZ/ukP7hy1CigPSafNkyPvQ2A6TCaYWUZFLfaNTBY9DF4YIC5MpVN2QakdZoP8fxwj/GxLC1a7/QzLxcqly2XrrZltn+XCVzA8A5IIoBSRpUmOf6j8r5WPyPHwjF+2xfUdwZ5Z5LRM2o8vS51NiwnAXbcC/1lb305vHxHICToCZo3xIa6zHHmKqEGw3mLMeRMhltrfMoO05+s6sI+QesyfCQxraUlziszrCMowiAJ0ho0Qv8ASUcRE3UoigGQcilvSTWdqPiI1MktU3ZgyaTnYayk58pJuMRQENNhVXBzpIVqOu0suCIZzlIYVRkdYpQENHvpEy1LUXHWtGE1jNMem8HULtFrB5jRiKmBmgRjEEo6yEyJqAUzXiNhEo11lNQyHpJmzKdhJ+LvBKzAuO6jKkbSdYVQc9Y+Y2AkRQHcLijgEYUmKUHIFCBQWpp47AZP0MwLGPHfKS+CTlNRgQJ10jGxlHSuPGQCTVic+QANpEWOms0xBWHu3hnM5QSWHqIlXXWXQDV1gRRI6wuprf8AlJIPWWSRR6GIvy3ECekaizBgte0x3aiAOKOkncx0aMSkg3Cqa2NdRFypeMLN3Eaod4TDKnjY6wogBh+sA9IViJ0heVhhIc2biigw4XCr2gRAvELsnpNgbmKEbdZYsafwhms2BBiIbrKa7jayNYVnFHFDQmuMWJlN8WiXDPbwkizY2ic1GbU+hmbGzcEKEIQ0IRxQCEIQCEIQCEIQCEIQCOKEBwhCEEI9DEYChCEKI4o4DDHeIkneEBqYQo6MoBREW102gKKO4oU4QEDAUIQgEIQgEIRiAGKMxQCOKEBw6QG8YA1uEKKOKA4QgYCjijhVDeWuszU1NF2EM0ypqpiRxNGdQqrmWYbNCS8srqIxwENDaG8DGsBmSY7kwGDNOQu/SZSgYLGyhWAPWULOu6zICtdpoGG3QyMU7NHt0mPLpcpsntAExlakNiSdYRQhoQhCAQhCAQhCAQhCAQhCARwhAIRRwFCEIBGIoxvARjAJ6QYTXA6LkQPZQkcwO0I9HN5qeSMWD/Hx4OCUroKY6fuPWLAQV16DpvJ89/xzZgfExPi4iiGbkD6ysFaGbh79fs7PCLY8XkOBoyEaes9L8P8AD43g48eYBXOtgA7zzcaKvgeUEyWWGq9p3fifxHjN4eN8nIsws6n+Uzfbc9fo9gP43cfwi5eLy04/wmQ/FeHt7/8A3GH/AI3xb/f/AO4zPLXHw25eN14fwkf2Cf2fwmX/AI7xSCA+QV/zSf8AAxf/AHcgr1jk4XxxF9VStthH8WA6/GmkwHiY7/72TTbaV/idvIf9QJeThqni+OTriX+Msfj/ABS3216BjU518N2NL5BA9VEoeD5d186gdNDJz8Db/wAb4xOoYfRjE34vx20ByA+jSP8AF88fbmQ/UGL4PydEck/QkGP2X97/AFZ5vAPjPizY3dlRhyVjYnh//tH5D5/M9xNAe1egns+Uv5BVX5QpS9SGszxPziAZFbjRbr3jrJ+W4nftfw/GXhj4Hi+T5eJ8fjocnEHkLoD+M8p0ZXZG0ZSQR9J6Ph5PIVWxYS3v3CAkn+E8/IrDIwYENeoOhmq5cM4RmAEimpANmaHLrqNJlFCZq2Wza7RUyxqxGk0HuGsJuM7VtxrJO82+EHW6kPhZddx3EEsZxwEekK6vCxJmzKHOlz1/KweP5A+PFoy7HaeX4PkY/HRmA5ZW0HYTo/yMmmXIeNbCS7rnfLfP4VeMcZrkoskbzyAMiEga31nt+N5OLOr0SLB36meQ9KxB7x13mVWNOhB67zoOQkCzyyPv6CJcmHjwq2P7pLoUIZf0lPPlYcqwJ1ozqfIMqFmNMenaefycGzAO5bf9ITHo4QuZPhJ1Xac2Z2xE46AA2qRhx5XyLVrfWeiT4mIcvKHK9gNyZLwZz8vNT/JzaLZ+knPgbFQYGzuTPXfJ46+M2XxxwfcVPKzeQ+Zac8j0ifos3V+Mcyrwxbk2SNJ1H5Vv5G9raMwNmpz+ECSE6noJ6TeJkxobXkDvXQSXGb5rzuXMPkTTGhpe8wyBWOsryE+ByqAhW1ozDk3Udblak9x2eKmPHyLm9LjyfkCNMKmxuSJxhmLk9J0hgqgjSXCzPPLB/KzM3Ik3MWZnYsxsncztyIjj3b9GEzX8fkYclYBe50hZZ+jnxuVNTqf2qGnM+DJjYgi66jaWrkrRgvPMHy5QCq6A7ib4sQbBz6jcTBmNX0mYyODoT9IM36HkWiZFmMuT+sUNQQqUF0uKtYBc7PAx4mZsuU0id+846uK2Gl6doSzeHp+V5+Tycgxof7aChObIzceV3W80TCwwDSi25nLltSUJicMzmtsbnj6xnLkYcRtOcOQtDYzsw4uOIO51bZZCzHMykn0jtj6iXmI6ChDCocamU3hztJZidzNc68WIBsTPGvJwOnWG5eNC2TQnQD+0D0EHdE0QcQJKa238JGbdJ7Q0evSQAbvpNeFmzJyjjKSocitJEe5jIqGiMpQtW36SDHcCrA6SlFJcyOsu2+P0hLCZyT9Ih3iAs1GRWkKUcVE7CWFoawIjjI10i2gUvMkVOjO4biN+O8yQgi5qvGh3MjN8tTkCYOW3LYTnw2W9TKyWRTdOkMJCvybQRiejZSrkzFBbkgTdryZQq9d5tlGLx8RUUXbaNHGUttZIVjkoj6zQHj7jJZ7NjSVZpnLkx5GIPE/aV6V/tjyKn+PjKGySSfT0mJtm01J2E6cj/DhxogDHUO+//SIXfELH4RGH/J8knHhOigau/wBPT1m3g48WRnb46woPcTqTew9Jjl8l38YLZNnW+g7TLBmbHzA2ZSK+sJls5brnfN5ROWgxIAr7VAO38Jv5OVX5YVUHiSS3e5w4hrN1AUXdX3hLOUnGcRWz/bO57GVlBCN2rQzQnGRxa2P7pPkaYQoFCgR/wjOCeXHqsm5tnWiJjDcdHiffZ+0bymzW56CYq5UUOsm9ZMZzmt8hIA7GVjxchyG0jKwZVA6TVjaIqmu8qfDPLg15E6Hac7Kw32nUSpWrupGVSwAXpIsrFXI+kbMDIKkbiErWAwhACAxGASIpaEXCVIEoCxc2X46N/pINa1ImhdDK48jM+VSkYnYQimqZFqM2fUa7zGhesqxXI8fWRZuzKO0W40jCAE9JoFNXIQUbMrJkoUIKNY701kI4G8ouKuEwjC0O8lmJkBbhcafGG2kMhE0HtGm8zJMLNTCEApO0KITT4jVmSUIg1MaGjFKxj3Qs8pgI4AdoQo+RG0VERioAtlvWWDbiz9YuIBi2MItnVgF7SGWjFGSdIMwqljRTJJ0hZowGKFesusdEHQ95iYXBhiLpGm8G302hShACPbeAgajGhuIxiAAgGA31hQB9I7BOkClW2FCN77S69tj7hM2Yk67doZMEESSwrjBSAfST1hcEUphWvSRCw5tjYcQO0wjBIgs1eQ9JG8Cb3jGkEKoQJigOrhC4oUQhCAQhCAQhCAQhCA4oQgEYFxRg1AdVFLCk0ZNamEKKOKFEYrrCNavXaEG+20YFCPmACB+kA1jXtCcpih1hCiEL0qELChCEAhCEAhCEAjEUdioQoQhCiEJSceQ5bQBRfSUQa0mvEAWNDMyGMM6gjTSTLAvSLiSSOsLpQhCAo4oQpxgmKEI0XJpR2jyEkVMhNU/lCWe2UJWReJ02MmFEfSKEAMUIQojB1BihAt35bbSIQgEIQgEIQgEIQgEIQgEIQgEIQgOFRRgwCKO9YQhR9Io4UoQhAJSnWTKEJTfUXL8PCufyseJ8gwqx1yNqFkNtNPDxZc2cLiRsjDXioJP8oJ4dXl4cWHOy4cy+Sn/3FBX9KM1xAmiBrWs5QrKzX7WvUEUbnZiYBkqw3SbT29HOq4vxL5Ao5GtepnR4Tfk28fG+PF8eMgELy6TDOuIfhHztmZ/cFdNNNek6PE/MKmJEx42KKAOTKZjZd83K6Tz5zh2Bvyu4QAH/AJgY1b8pdBP5iJfzC1QTXr7WlL+VW743+hEzx9W+fmAP+U1Jxg/qIufnWbw3/CP/AMpiNgof4mIefg2YG/rLx9U5R83kK2uA39I/8nMN/HYX6Sh5WAH7iPqZp/lYP95EcfJ+zNfLZT/2W/gZQ/IcdWxN/AzRPKwg/eZoPKw3fLSP3Xn4YD8ni6r/AFgfyvjjpZ7XU6R5HjnqP4RFvDI9wWvVY/c5+HF5f5Hx8uCgQHJGl3PH/wD2hvhhoad69J7vl4vBfxy2NU5WCCF6zxv/ANosDJ42LK+jWBxMS8zlnv4vGPM/H+Xm8RmOBijOKLDcfScGfI753dyXdjqx3M7vx2LHl8lUz5PixVbON67Cc/m/4ieSw8VmfF0LjW5rs5c59HJFc1tW06zMrRkWUoo4oDlBjVCTAQKDNVXpH8jVXSSBrKIuERcIEVAwrXBkCNtZ6XKyOcj2bYTFAGcAmgZ3Y8FiyKUbQz2yVp4OvsbQnaZeVj45GPToZbe1xx/bFkcZMTctW3uGPq4WbW5YexrvD4+Tekkt0UCHTirUEtLxIvLk36CVgQEFmPu6CP8A7RurJhi302+Q42DKdRMM/LJT3fqZd8sTPXu7QwleAQ7jUkwThmuYjGUP6TOmC7aTdvGcf3FFrvMsmewFA+sLPo0w+UMNcRqdzO1/yb5AoQ8E6r3nkaXNFHIa6SWRbHpY8+LM7nLrQ9omOZgUqqlf4gwYw98mYX9Jz5clrqKI3MRjOWL6DTpKBYpITk7BVUuSdFHWdyYAFPJeDDdLsy2tXhxvkrEE/cDvBfMyLhOE6g9Zfl4CoDjUGcsNTLFHI56x4wztUirNCdaL8a1+47mC8IcD7R0mLbzV6XaZbnWEiYCMjtFDRk9I7BNyY6gUDRm3j+Oc+VVGvIzFF5MFHWer4qDxQHx0Xq7MlZ7V2ZsBw4iWGiCfP5iWct3nofkPyOTJjVAav7qnmklo67nJJ7gUa2danSBlNN/CcwNfSdCZfbxB0lOw9z+3c94jeP2J+plhjxNDUyWAUA7tGIyZGv3bd5SsAKQBfXrLYfItDQic9lTULOWnAk6yhkCiu0x+RpNn+MLny68bBlJO8jKw4nqZmDpQiKmEzklIB1iY6+k04Ar6zNgQaMLPJARnU6RDadHh8FyBmXkRsPWC3OUr4+Qe51oDWbNmDLwVRQm3k5Pn/tpof3GR/jjGnPtM/qzb8uNtG7VLwYhke3NL/WDAsCakI5VgZpr1w7nCEjHjQADczHOqIJa5lXHyP3GYktmez9o6TMYjIKavpLRFOp2nRxHAk9NpCICB1M0v5AAEHookfIvKx0mvEag7dpn5GMJVDeCBLy3Qg60QBrESUxgrpIDHodYV14U4DmdzOXPl55CegjyeQxQYxoOswGpkOs91oWsDvETrAqYwulyqvC3Dlk60Qh9ZkWPEL0Gv8Y2OijtEqsxpQWPpIT5XgzNgyBwAw/cjahh2mnl+OqEZ8Gvj5dVP+09UP0mQxG6dlx/X/wCk6cT4MWN0XMMi5RxdCpAH/MD3ENSzLL92OHX2gWdze01xqPl1F8RZPqesXx/DkbiwZaADDYib4fEyZA52L6D6SudYG9H/AGk0DLy5+KIRr0a+8jM7NlOMGseI8VA2FdYnYq5LL7a07Syp+ozOriqphOapq7BjfXvIkanETCMmKGjBmjOeNSAJYW94ZqsY9v1myqAATIVTp2mn3adoZpMqtqRvtMHwNdrrO1EUjXWpLkKwHQRpK85lK6GC6zr8pcbC1+6cqrDcuwDU1HoDFVHQwIgMtZ9Ic6kwIgxQIuzNBnVdhMIQXrGzZ+R2mZa5MYgyKXXeO+J9IKQNY2phpvCANcYx8jJCkTUcQo7wWs8mKjpI4maFoK0LrMkjSAmnEHWIqBBqdYVEYC4DAnZ4mFGOo6TkDTVczKNDUX6EzZs2NPI4k0nSYehlo2sDRMkLZWLKBNfHRXaIgSvHJXJ+hi+F6+Y5oXCKUV9wmioJkJQJEJWhompDHSoFgd95FwSHAkGFERgAwpRxQgHSIQhcChUCQRFFAdx3Yk0TCoBGDAiKAzqYDQx1Wh6w4wK5dRvJJs2YVFUIZBENYaytt4DKniZlNC2ldOkioIUU1BrpA8a1EGs4SmF7CRCnFHREdWLgKKOKARwhClCOooBCEIBCEcBRwigEY3ilLvfaBsNFqZN90uyRrIMMxMUcIUQrSEcFKKMiKFMbwO8IoQ4o4oUQhCAQhCAQhCAR9IpUCYRxQCUi8jJmyClvrCWr4+3eVxoCtzGrVtqOsp+JAI6Qw5GHE1DlqZeVb9w/WZQ1ORCEKhSj9IoQohCOA5St0kQG8JWrjkunSZTVWFgd5GRQDY2MJPhNRGUJXAEXC7jOEZBBqKFEIQgEIQgEIQgEIQgEIQgEIRwFCOEBQjigEI4oBCEIBHFHAUI4oFKR2syuBJuq9JIJ2Er3gamRKTWNDOr8b5ebxGyZfHynFlK1Y7TkIqeh+M/I5PBxZhjXGxyCicihtOwuWE/XPqzOTLnc5crcsjnVu87EoKOOpHUTkxnmSQKvWhtO7F7RfXv2m0nl0Z8eTJ+OVPj+J3cAqf3es93xs/j48WPGWpgAKqeN+VC5fAwD5AeTgWpno+P+G8L41++6FnkbmfTpPPjeHojNh6sK+kBmwFvuUD1nMPxHidDk/wDcZP8A4jATXyZB9DtM8/Rrj4rrLYjsyHsdJHFT0Q9tpgfxWEDTNkB+tyP/AB4r2+Q4/QS8nH1bfEpb/tqfqBH8GI74lPpU5x4rA1/kH09sP8TyP/6gH6qY5+Dh0L4vjt92IVL/AMDxDp8VfQmcq+L5my51v1Bj/wAX8puMmM+lkSfscNj+N8U/tYV2YyW/F+Of3ZP/AHTP4vyw/wBp9Q0m/wAuv/xk1tTCP2Xj5Tm/FoifIMuSsZDBb00M4P8A9qfJOdMGtKNk/wBZ1+X5n5LH49Z8LhSaL6H+k8783hDeLizN9ykD9DEk/KcYz2/xvOvM8Txz5HkriDBL3Y6gTP8AKeNi8fySmLMucEasoK0e2svGwDEgnXQEaTm8sAZdDdzdcpn7ufaWfdrJJiBqZUEQIqaAAiQykQaUIo4UxKsjaQDKhKfIkaiQZpfIUf4yCDCR2eF5Hi+OjF055Tsx6TpNZsaZFY23SeXjCs4VtBPQXkoBulXQKJGe0m/Vnk0setSS3HEfWaZEG+xPSZZ/YoUjfaaSObke+8vEr8qC6HrN/ExISWcabC5vkoniG9q7mRb29YvBj8ZE4CzlO7H/AEirGgJA5nuZgmS2Zl6+0TbHkHuB1Cj+cRlDluB6DtMONDQ3cM2ck8Bt3lK6DTvK1y08fM+EEDUHSZDEORYC5plpUBXW5krlWAJ3mUFi9P1iZdTr6zrb8dkY8sTBmq6vpOFyyFgwojSXVnPhvh8hhWM69NY/JCC1Q2Ores5A5B5CSXYiiZMX8eWgbLhHLGxXl1G89Pw/G8t/F+XiEw9CfuczyQSaE9jx0z5QpZyMa6LZofpFO31ZjyVXlhzrY2NzzGUfIeI9t6fSet+Q8XxMKWGZszdOn6zzy2Ra4ARPok4GE4EOurnqekp3XiSP0nNZsk7mIsdpV/HlTMWk+sYYDcQNdIUriOsoC99oyErTeF1Am6YVZbv6zNAotmF1sJqh5fdoIStPEwDJ5AUaL1M9DyWRAePTSdP4/wAPCMJcmj/+dZ5/n5cTMVxnbQzMu1O3Wy8vOyPzOsEpdTB0O9SCTNL6HWa4l116zEbzqxhd+0HZQtTQ1iZSzDsJatQJ6zm+Uhm9YrMlroPsAO05szIxtf1ks7MKJupELOuHDcwlBWrtDQTTeVzFmCrvZklahD+TTbWSzcjcdRDfWF4dPjeEc+rMEUamWiqrsuDU7cvSc/zMBQPpN8WVMeEmtTJyxdacwhGNR/6mk+RmORuA+1f5xYmLry6mQGByV0hCY8V495iLu6mjm3PpKVCVuVfBMpbeXhoWD+sEC8bYgRsg40h3k1PoMuVStCVhB+7acwU3R2G86ufHGW20qoLPUSGBaR5LbCCDQHvM/JH9yVZOTJvDIxgtHf8AaqTjJuh1hfVLjV3AaTp+Ica7xMoAoCD8mWpEsL7e8WMFvYNz/pGHUsFXRep7wUMuMAFjyc6BB/qYsuQ41GNDxse/jp+kh8hbIz99pnCyCO+n8YoQrr8ZlyH4mIUL7k9T2nUuVhibI2gGgHrPKFg2NxtO7ynPkeMmTECDiFeQg116P9DJUvXWCUT7j9x0A3Jj+TJhenp1PfUETLGQWs9qEGckAH9sqZykkWa2i5GEIbxQ1IgR7qEkGpai9YSqHaMGiBI3JPQRBvcIZx6CqeFnQVMhkADV0l5swXAK3IqcPM0fWTyk6us56wWDrMHzFkrr3mXI1XSKGp1NnZtzFcISqLMLijqFO9Zp7TM1UsaAmuPCS1EwzcYneE2y4eG2szCmFlTKC6QCa6zQqKoQlrMLc2x49LkcTfpNfkCpQ3hL9CY9JmSQYiSYC+sGBiJB0OkZUxhIXiErmWqs2vSIgCPnQoQfoCoBkgXtAsTKxrepg9DjJaW2kk1VwkSCZamSos1NeFCClcvD/wBz9DIUWZtgX+5+hi+CeY4oRR9IaEZ0ihALhFHALNVC4o4BcLijgFwuKEB3CEBAcLihAq7i9YrjgFkwj9sRFHTWBQOmsehHrM7lK1CEw6F7wsVRhzBGoiOsA5aVDkekQ01jJAOgqA2DaX12k2SaMr5CRr0hoxuD9QB06DrBVHXW4qPSHEjeBTUNNxJBIPISuGos6R8V/SDcZtRNgRHealQKA2kkqDYg1ABMu6HEC4iZIu4VbMxXahIjJ0ighQjihThFCAQhCA5eIAtrM5StxNiErZqG3SZHcySxMISTBDrCEKJS7yJQ3gqmrpIMoDWNhpCM44QhoRQhAIQhAIQhAIQhAai5RFRKagdTCFFKkwpgWZsLqZp3my9IZ7NcaWvIbySDZEpsy4xQiRw11qDr9JGOWDDpM2Wj6TfKp3mLayt9aiO4RQohCEKI4o4BUUqooQWf4QJJ3hCFAmqEAXMhHZEJWxQZFuvdMGUqaIozdX1Cgy3QZN9+8My45IS8mJk326GRDcuiEIQCEIQCEIQCEIQCEIQCOKEAhCEAhCOARRxQCEdVFAIQhAYJG0LMUamjcIfE7tPS8X8i/i+C+BMONlyH3u6hmN+pnmFyb9Z6fxfjf/HIfmy/5jalaHx/TvE8nP0Th19PSdQBVb4Wf9veYYQNBVVvOlk9vtJ5GqnQjXzea+P4vxYVVi+mM7WZ6eJfzI4ngpH+0PpOLynRT4i+ZmGMp7uVfdU9PF+Y8RiKZeP+65ztnt0ku8LDflv/ALW3ZhGH/Kf/AGj/AO4TVfyni7cl/jAfkfG6kUetiZ4b/uZfN+S2OE/yi+fzK/7LH9BNx53jsKB/gQYDPhNjkZePlOfhzjyMw1OFv/bA+Y/XC4/6TN1yqD9+8oZAR98fuc/DBfNC6lG/VTKH5PENxRHSiJ0JkWxby+eInVl/WP3P2ci/lMF6sK6dJY/J+LqeS6f8wm5HjnQhDfoJLeJ4j/8AxJfehH7m/Rhn87xsnjv7ht9pIueT+Y4/+OwHcs4u+gnp+V+L/H5MZBRQ6iwV0M8j8sFHi4FOoDV+gieZynbxeM4eVjONc6ZCPaGvj0NSvzfm5PLdCyIqqKQIoXT9JDMFbHr7eVj0m35tfAGLH/jq/wAn7sjNYP6TdcpuV48IoTKtMba1LcchMQaM0GUDpDNnLMgjeE2tHFVMitGoWVMYMIQp30ljQVM471hLFCrvtN0ZnWz06TnHtNmXzoUDDNjpGJ8gLcgPqYzlRsPxv7mXYzkrI56maYVUOvP7QfcfSTF4k+rsw4CcdkGugmOfBkx4iLpSdp2L+U8R3dePDGuiHqZn5WfBlxUp942jfoxllcWL2kNdUNIK3Enk2h1MmhW/u6TNrLa7ytYtmxsbjTESwOgX1mSkK2osGNXC5A37QdjC58OnNyqjt0EwbILAIqp0Z2+QfIBxXoJzlQ2u0JBj8nLjfmrG4eTn+dw9UeszqogCdR0jGsnkE9IparyO9RnH21g00XQHpOgeQ44lmpRoJjjbZNpoUDDjv2hm/V34HweSwQkljJ8pMWJ2xkbbN6yvB/E+UB82T+0Bql7mX5PjOuEvmILNt3Mn7sZy8/FjTMxUiiOsy8jxziNjURplODIGH6iaZMvM2dj0la5l+jk0MNRNvjqyswO8NS6fIwEUewhVobNEfSaYWIa9zMRrtNsC1r1hmtz52f8A7aaXoJ2Y/wAbjTGMnk5ArHp1nnW2PKMlWV1o7TT/AMg2XKW8gcr/AJfSZsvrgu3ny78/g4vi/tHme88XLjbE5RhRE6V83ylPHExKdF7TPyjmyN8jqfUyzfZOL+rnlKSAZEcrSubd5JNmEUGHCEIBtKBYyblhrgoqt49OsmyYQgo3BqIgATdREQqZa21LekiUl8gBuYK7R7cPsFtsJGHBk+4ip3YxjxIqXbEa/WYvkByFBsJmVz1zsqoSSLJ2ETcmH+1egmzGsm0xdvdU0SsmFEAzXx8gD0esjPqQRMg3E2IrWbHTkzKj8ALHUwyKHIYml7TmJvXrL+Q/GVMmH4/DVitDhrM8iu5FC4YGF0Z05XXElr1hPFcwVgKqXgwEtZ2G80D/ACqABrNVoJ9JUt9JKkt6CYOwL1+3rNcjjgQNzOdFJ+sLGny1jZUAU5NDXRB0mBNGbrjG+5mGTeFiSQYoo4aEDppAwgEpGfHsSAdDXURol/XoIiT9shrXJ4zY8a5hriyfa3r2Mw1nZ4mZQjYMoL4n2W64t0ac7oVyFTuu8ogqQIpupFazJgGaElRKViIEUYoVQupJ0lKaMGF6wDmStGIC4pS6QDhGUlKw6xqeRqRnayoyhiYjadHFFFmJcoP+kH5VkMDbmb/Da0BQlYgWM6cmJ1UEqQsM21hjwfHrW8jKrYzz7zR87LoV07zDNnOQSck2pfISuu5kakXJpjQnQ3g+QMRyAWBrpK1xOHP1j2Mj3A66TUEEXKtGsm7M0FFYBVAJhNZjeo30EpEFzR1FVCby5hrLqtYmXiY7veGjbUDuIUtQ5CCqW+kIkLZmtcRKXEzaINYsmDKiBm6mqhN1ixveSTpLKGHx2LhrSxEA3LbJckKBDjcJxutE7zbBXy/oZz7DeaYHvJ/0mS+CeXJCEUrRwijgAjYUYoybgKEUIDhFHAIQhAIQhAYF7QNfrARGAaQhGYCEoRCoXR0gUqg6naLjrQk2YXAZU7VCAYg3cbkE2ICLXFDcwqARgm4ERQKlAdDJDULjVqOuxhDK7a6RmtKMRybiogw6i4TlTE9JnoJYeulyTq1wsKgdouksYzuJMKUIGA3gHWo9ojvCARRiEKUI4QhQjAhtCiEcK0vpCFCMCzUfHWjBqYxZ1j40ajJABEGkdJPI1UCYQCPpEdoCAo4GKFEIQgEIQgEYFxR6whiMwEddYRBilsIgKIuFWi7TYe33ETNDRIibIRayM3aWZrMnG5Q33kkk7x8fbcrWcY3JBX1mTaxq3QwYiRmcM4pTbyZWhCOKFEcUcBxGMGB1hCijhCiPciKAhFA2w6S1y0+p0mUIMaNlteO4mUcUEmCEIQohCEAhCEBxQhAIQjgAhCEIIozCFKOKEAhCEBwhFAI4R1UAEDYiuorMItFB13PQT0/K/Geb4mPC/k4wiuNKYHfvW08tD71+s781K6ocjNyoszGxcvUv1a4hrQ39ZuG4uravVErMMNNfxmwJ0hXbiiEKxOhM3SOvyvj8jzvD05KBZBG31nvJi8dq9ifwE+eyDzD+TxYcOQY24UzVek9NPx3mBuX+SCe5SY5xuZt4en/jeOdPjT+AkDxfHJN4FPqQJyf4Hm1YzKT9Ix4XnV/31/QGZ2tZP9R0nwvFq/gUH0Eg+H41a4R+lzIeL54/+ZD/ABh8PngX8qE/UiOfgyfP9B/h+Mx1x7diRH/g+N2YH0YyQPPB04H/AKpQH5Dsv/uj9j9zXwsJP3ZK7cpX/j8Z+3NlU/USA/n9Md/QipX+R5o1OF7+gMcfH9F/f+oP456oeQ9+oEg+B5YFJ5Av1W4z5vkL92Fx/wBNxf8AknB1xP8A+0ycfBz/AOr+rDL4H5PHjY48uNu4K0Z5/wCTQt+PQkfYfdPUf8wOLDIvAVoSpE8v8mQ/42+VAmwB1lmbE7b+N53h4+f4wUFagWJ0fk8Hgr4KOuZ8nkGiQAPjHpObyFsKwOgUaGbZvB83L+P/AMkJ/wDh12JIH8BvN1ynvh5NQjkmZBHUFFmpt8QrQ3BayUm5sQhFdeszKEaxA1vCXlb1wqpkATsJqhv6SjQNd4Tc4ZHE4F1JlvyU7wxp8jbgQ1vG1OpFTbF49jlksDoO86lTgoUcQK/WCnipBGveGPy1NcVsih0EguAGA673LYk0o1rWSwLAih6ypHGV91AzRQAbvaDjieIH6xNpI2lnJMmzCKFihROsOsmUDprA6kZsqcOiiNMBH3bGc6OwBAOh3nUchCKCNIYsvpz5sT4WphanYyOQqbeRmORQh2G05yKhqeOQTKXI4GhkRQuKJNzfGWFZF3Wc43E6bKg8YTs9BPMzjD8mZyWfQDsJOHyjk8gJk2OgucGJxzL5dQBoJDZ25hlFUbEmYzlrr/I4FXL7B9Zy4/cTfSdRz/Ph5jRxuJynHQLM1DsJSeMqcho0DM4GENwQEdQCE6iBoE9tidWHGBxvtOcKwFnbtPQ8PEc6kj9ojcY7VeHHhVHy5E5kbA7CcWUY/IJZFCcdlE18lc2NaNqh/nOFQ16bST5JOHSmRFx7Uw/nBvKbKArn2jYCc5BuDKQPb+spkTkQA2u0iPWKG4IQhClHCGkAlCtpMag9P4wlVWsV9BC6FbmEILI0ECB9e8UUKdQU0wPaVzsVJJEDUeQ976mbYSAeTHecg7yuRkxmx1ZMnLIa6bTBieWsWNvdZgXBY3KYt9Uuc5m4IZCNpiRC9QIHtOrxcHJCQLc6C5jmxMjkEyaflNwYV3PaJ8hcV0EkkjQRSme2mDN8ROlxvnc/QzGBNioMm6suWIE6AANFnLjFuJ1MwS73hO3wQb3EdKmDjeXzDRNBOGMcDpCG1KBVmTuYQXfWEa8wqgdRMr1uDGzCoJFo9fXpFyYuWY2TuYqgLgFmzAiMCDQERpAd4XpFcBiUzCpKi4GARiqiGkID3NTagosTJKvWPI1ihIl8jIxIkre8QOkqxVSj1Px+bBjTm68mE7X8h/IPJQKGip2nl4QBh01MWI5lYkNQ+sxZyzL5jr8jJkQEOqkXtU5wMDCqFn+UnMMhW3YBSem5mWijTebnhGmfx8TaYW9wGom/g5GXGy5DSgXr1nIN7BqUvkG9FGneLFbeQieRqRRGxGk4/Iw/EQAbBnSPJLGmUadpOVHyIWI07y+iWy8uRWO3SWz1QkMvEyTe8jWSt1yKu8oZVIvacsZNwn4tcmQMNJOPHkyGkBJ9JE38bO2JvZuYXxOAPHyKadSKnXiz+KqfGUJbvNP8nK62QOInNak2N48sXlsrBWJU8bg9ZAQTdTnLMXttJogUk0ZRi+NlYCZ5AQJvkTgbu72iyeM5xfIxA7CFlcqk3LF3Kw4Wc6CbHCyyLbGDbax4EJfQ61E16x4XK5L6VJfC9XPHCErQijhAIoRwCEIQghCEAhUIXABCEIBpCAEBrAIozFAcDC9KjOogKEIQCEIoDj0ihAZMUcKqAo6hVwG9QFKrS4EUddxExP0gMGvWLlULMVmA+R36xXrrC4aQL0MQEQIhYuAqgJVg6SiuMDsYNZwMrSoqgCkRkA7CotRFZgUDULv6ydZqFAkSoKsDCzVS61IO0k76QaAQBcaa2T0kHtAGhpKYGOsK/nFKsWIVJFGKU5syYIYhFAQGYo7gYChCEKIQhAYFmPcwAoQEIoDtGZSihcRNm4ZIjSZm7+k1JrSZuNYWFyPeKEIaNRcskVXSTdCooQxGZMAYDOsmUIiKMEKEIQojihAoRnaJZdWNNIZZRwMdQpQgRUIAI6uAgDAKMKJjscfWAaoEkUdYGNjesV2IBFHTHoT+koYsp2Rj9AYw1EJqPF8o7YX/APaZY8DzTtgf+EuX4ps+XPCdQ/G+b1xV9SB/rH/43yuvBfUuv/GPxvwa5I51f+PyD7suJfq4/wBIv8PGPu8rEPoSf9IymuaE6/8AF8QD3eYv/SpMXxfjwdfJcj/lx/8AExn6fcc4AqpJFTq4/jB+/M3/AEgQ5fjh/wDHlb6sB/pGfWDkhOsZ/AXbxmb/ANTn/SV/l+LWnh4/1ZjGT5HFAamhqTOs+dWiePhX/pv+sSeflVr4Y/pwAjj5NrBsboaZSDvRErF4+bM4RFNsas6CdQ/MeWFApCR+4qCZP/kPIZTyar6AVHH1HT5X4XL4rIMLDySy2xTUKexmWP8AG5zkB8kfFi3Zj2nH8+RQQjsoO4BMRzZW0Z2I7EmTj4M9vQ87xvxubIG/H5RjxgU4yGrbusz8TP4v4/IcrInlv+wH7ROA6xRq8f68PQ8fNgfyDk8jiMWZryY8a0V/9Ny/PH41s6jw/lVCKZcpDG+4InJ+PxY83l48eXKMOMn3ZCOVV6Ts8jx/GTyT/j5v8jGdn48CPQrL18+UvjifuPFxHHfuBFaTfiX4Ai6YdaMlBTjXTvOzxlYuOHAgnX5BpN3gkW2cYvyoAwvlyhBw460J6ePz/Osl/Hyeg4ixPO8fLix/lsmXK6pwABBNX9J7eL8j4jGw5/Uic7nt067znyz/API+RWuBx9UgPyOUaHC3qShnUPO8YjR/5xjy8JGjzPHy3l+J9nIfyTVRxH68Wi/8gta4z/AzrbyMRH36w+Va0cS/ul/RyL52MalD/OV/n4OoIm6NfUS7Nbj+Uv7p+zlTz/FB1NTVfyPi/wC7+YmihWPuVSPoJXwYCdcaH9BJ+5+zMed45N8v5iUPMwHXkf0ibwfDN/2Es9hI/wDGeA2+AX3BIj91/b+qsnkeLmxsNW0PIETxPKCZPx+TgOQF8a6VPYf8R4BQn42UejsJ5OTDx8PLhx6AWBZ/1j3EuZ4eEuHL5BVMa82quInZ5aeQPD+IUyYhTFjXH0UTiTKcGFsqZCua+KqP6zsXL4SfjifKRvI8nJZJLEBSeoAm95c5OP1jwyDddZQxOek0TLiTEyNitibXJeonTg8Q5vEfyEypab4y1NXejMs8+nAQR0lIzA+kv2nS9ZmNToag3VFmNAyXFHvL1XRvcJnelQQBiNotZrjxqVsmU9VvdbQbyzOLIACdbkqLNbToVcYXkxs9BEeF8qr0hPya4eRHsXb9zTYn20wtjMH8kBOKr7joPSAyHiK1frDOVqbUFrqukxe3JvqNZqWUryaYO5Ysw0GwhZb4SqivoY8i1pAccagtvvUzOUsbOkLm8kyEC5FS2yE6dJGsNTRGNpMcCwa0my5rWm/QyBgO5P1iOMmGeDZQxtTIdSNxNsK0mu8pkuVNyuSUiBjG+OtoAOuoNGRreEsvFqnTjTku85ySTZmqZOIv+UJdw82PiAZge06mc5QLFTAKWfiBcEvyvxVZnNXXYTtXxWyowFBhrN/E8YLjHSxqZf8Al+Nh/sMLYnUiTWbba8R0bGxVhrInr+djQMAmqHrPPfxW1Ka+krXXt8sDc1wDm4U7TNlZTTCj6zr8MUhaqHfvC9rw0ZAfaoqpt42XL46MoNB9xIxgknsJHlZOK+pjy5+8Y+T5GbK9O3IDaY6iHK9TEGNw6KAPIQZiDUq9L7TJ2s3CTk7B6SYrhcNYIQhAIbQuMQFGCzaCMKSamqgJ/wAYS1nx477xHSWRZ5dJL1sIEbwMviSNIipELqYQIgoswKsVpJuUUPSHEdekBKaMtUvWSiF2oCbkcRxHTeEtRp1lYhjLW/8ACSw0lYUJYECyIT06jyDUoI6CZ5vCdU+TI1E7LNhy4/d/c3+k48+fMx4u20mfDM3eOGJFNr0jyLQBEVEm4OdKlb9phCENGrFTY3EGYsbOpgEY7CPhW+8JweJbNy2WpSowHI6LBmB1P8IZ3li69ZM2KkiZMpXeFlTCEfWGjAjAgKl1pDOorWH7SfWPXWSD0hQGgxuKOoDWuslhrAbxgC4FAe2IyukkwiTCEIVVULk7wsxrvAKjAiM3THacjCWs1ysoIEgkk77wO5gKvWFb81TGAxs9BIORjsIlUFhWomzqStqtCGeIw5HvNMZFE9YuC3BgEH16QeQrFiQJRyZB7CdDM0cKbq42bm11UGcujHjxvo+/SX/gBwSjAntOdMpXcWZePyGBMqZWWbxsmI66/SYkEbzsHkAvtB2TIdUrvIv5X2ww+O+YHj0lnxmQCzr2nRxTGtqaJiCofta2jE/KudlzKOtSsKMdWNVNm5KAG2kEoTpvBpnGzG+nWJ04NQOghxcmiaEGoaXKAnQE7Q+UEVczLKBRmdgmDG3yFTSmpZyuosnQzDjrdxOW26QYbODtJxH3n6GSN5pjW3/QyVvr5YwhFCnCEIBCEIQCOqgNqlcrgIVJ6yq0igKOu8UIAIGEIAJWxuICOoCO9wIl8BV3IMJCqEIQohCEAhCEAhH9IHtAYEbGzrJEZI0gGoiMV6xnWA99Sd5agMpU/cNjIIpY1N0eolQiCJM01DV0MoY1baQ1hCUycTFDQijgBCCGphUvSCoMLjbeTAdwhCARgt0ijXf0gPm0ORjodIcSR6xqcJJiv0hFGqqxW0RI7QhGg0hpCEKNIaRQgPTvGQveTHCAAd4UO8UIU6HeOh3kwj9hRrvNceMVfITCOyI/ZLG2QrVBhEqivuFzGEvHwmNGW/3CIr/zCRCOPhcVw/5hGMd/vX+MmoRs+BqMAP8A8ij9Y/gWv+6kwhGz4Mvy2+Ff/ur/ADh8Kf8A3k/nMYRs+DPq6FwYjv5CD9DKODBx/wD1hf4GcscbPiGfWtvgwf8A9Qv/ALTD4fG/++P0UzCEbPiGfVv8Xif/AHz/AOww+Pw9P7zevs2/nMIRv0hjpVfBG+Vz6hf/AKzT/wDADUPkP6CccLjfpDHUf/Hcr/u1+kpW/HD/AOPKf1AnIJQjfpEx1Fvxv/2Mp7HmN/4RDN+PXfxWP1eYgEx8AVMfl+n2TY0Hk+EDp4gI7FzAeX4w1Hh4/wBS05SCIrj8q1kdJ81OnjYh+hMD5zdMOIf9NzlhH5X5Mnw6j+QzbhcY+iCH/kfLAoMq12VZywj8r80yfEdB/IeYf/lI+lCI+d5hFfO9fWYQjb81Wp8nyW3yuf8AqMk5cp3dj+pkwkByY7kn9Yo4oDqKOKARxRiAR3FvCEEIawgGsIXKVb1MBBdLO0CY216ybgEBFCFMxRxQOv8AGeHl8zyfjxsiFQWLZDxUAes6Pgfx8743ZGN/ch5KfoZj+M8LzvLyP/h4mylF94WhQP1muDE+JmXIpVlNFD0M11S434D20dZ1eNwHlY1dWKk6VsDOam4hl3vrpO/8evLyQSdQt8Zb4WeVeJ4fj5/yud86B1FBS209hfxn48//AAoB6Tw/CxfkPI8vyBjzLjRWJojlPSw+B+RTQZ0N9OMzdan4/wCo7P8AxP4+tMQ/Qw/8V4PTFX/UZkPB/Ij/AOfH/Axf4n5IH/uYyPSxM8/DX9v+o2P4zxRXtb09xkn8f4+4OQfRpH+P+SXqn15GAT8kNQFI7h4/Y/c18LEdBkyKO9x/4PbPk/WjEG88f/HfoGEPl84b4W/lHHwfv/UDwspNL5LD6qI/8Hy/2+SD9UkjyvKBs4X/APbK/wA/L1xOP+gycfC8/P8AUDxPyIOmfGfTiRJOH8qDo+M/qRH/AOVUGmUj6qYx+W8c/cQD+scL/d8/7MuP5db9qOCOrGv0nGS3+LlOXHyfXljH+k9Nfy3jNanivY8t5w4smTP87YONk6HcRx6Lucvlb/ufbpegPSep4fnf43hZcaYkbIbLPkAbTsJxeWrJ5jhvuJ91bTs8LD+POHLl8t3CjRcWI0fqSZ04xwm7w8ZiWYkirOwiLezhQq7utf4zbImLm3w38d+3lvUjYXMs6vwPLfw8pyoqMSCKdeQMxzP8mVsnAY+RvgugH0lhlO41kvqI1drqyfiPJxfj8f5FsmJsOTZFcHIL/wByzh6xk6V07RGFUCRttHZI3kK1S9DtpCUlZl21Pcym9gsm3MBQ+sSqC+sIaqAvNjRMsuQAFG/WZsQz10ECxOvSDDZhVXYg2QEALsOkkL7Tel7SPpC5FMSxsySI7veBhSjqLUawuAGNVvXoJM6ceNSgvQdTBbkPAlgsbJO0GFGPJ5C4qx4hYG5MyGYsdRdwxl8rVhe8psqjeZ+1bMz1Y30gzW6EFb69pOTH1u5FqNtKmgyd5DM8MWFGMTpTx/k97Gr0AmiYgpKqNF3Y7yn5MVxOv3mgdh1hQQhV6nUzopdWI/WYseWVa2lTWx8tlB6BRSzkbk1N1PWa8C6myFF9ZRRU3a9NBIsSuUleDEkzr8fRbOs88e3JZmz+aAhx4xv1hL1+HfnTx+CfIAfk/jG2Pxmxf2TomlTyjkLEEnUTZHKJZNekmJY1y5GxJ7R+s813ZmJY2Zrm8jK4on29BMZW+szyIwxEQjoCGlcz02ksSd5QQb3QgVFamE4RCXxqo+A3MLrOtYyD2myovSWwCjRhcM/k5gIxf6SnNxcgK6wpqe+ggwPTaB90ewhCDECoqJI9YVcpQQdYVoRQodJLWRVQLnaNWFamGWJBuPgB11lOwbbSorMNcpsxG5ZPaTcDpRlTGAPuO5kZWAIAmVseu0OtkwmLBJFGdHjEIt7ltJyi2NDrOxcA4g3QHSEpZfbmHDqJk2AluWQ0vWdaIq5QW2MxzoW8gohtZElbNl8NcPx4k1rUne5x/wCKXtgQBN8fjZFfky2vaXkzYShxohV+kG5eHmunE1EN52f4nEcs12dgNzK/wAgOXLkXAg256sT2CjrK1+UGJG4VtfSD+OQLmni5cVkOGYnRSx4rfTl6TbyR4y+OrqC3PZwao/8AoP7ZMrPOuJ8eRgCft6TP4XazVKurE7CenjXIUDnHWM6KToCe0XlYmREVgFT7mWxq3/0k36EqR4eHCuNs7F3yLyGJdKH/ADGRj8fA+QrmX+3Ro3VfrMSzP5Jd2ssup+mwjfIACVFmqsyiMuDwNeGV8TCqVxYN9iJy5cT4n4tR7MNQR6Tp9mTxyMunxmkbrr/pOUkgcbtekrcpAzVDy/SYykarhbGhGhMzqgD3lA2ph9yAdoREYMUIUGAimmJeTQXg1GlmLYTR11kZNoSMzFHCGhGkU1xr7bMJaiiZ2JQwgd5zMQBpvJGVgKkZstS33GK4RStNsWY4iSACT1MH8jIw1MyhBi1fvA+43IELgxoCo0MDkraQSKiAuExocnLXrErG4yoC3J9TA1GRQdRpLTOl2dJzkRqo6wmR1PmxONpWJVsnacYIDaymzG9NpUvX4dD5BdN0kWN1mJcudponELvrBmL5uX12jPAk2ZDNRFyW4nY6wBgb7iSUqCsRp0lFrG8LygvpQhzGxEYonWIgGQTpdib+P/3P0M5joamvjn3/AKSVqeYxjlqF6xMANpTUwhtCAQijhVCqiqzQiuVj1aEHpAxtvALYJhEQjOkRMKNpSqTEoveMGoD4gDWBI6Q+79JVQjPXrA7SmHWR1hQYQqEAhAwgEIR1pcAEZGlwAuOoREDA7whRGJMIGijkpiqj2MFbiQYHWz0hFhWbbeAoNexkqTehiJswYtkrc7zPjZqOz+kpANzB4QUj41vLLgCoE2INqKiMotRqBIMCSNIAXA3tBTW8KYWKoy0QgEpQBrJAs1K2EJQWqAfWSYoXFGjIjjq4EwhHR3hShH9YoDihHAUI6EUAhCEAhCOAo4oQCEIQHCKEIcIoQpxQhAIQhAIQhAIQhAIQhAIQjEBgVvL0veZ2YWYTGvKhD5R0/WZaxQmRbMDIhCFghCEKIQjgKEcUAjihAIQhAIQhAIRxQHCKMbwh7RQOphAai42NbRAxGD2YFxQBgYChCOFKEYhRhHT4mTKiZArsqsNaJFzo8bkTzZifUyvB/wDEjxHPmrmbOxpTjbiqjvXWGBQux5L+0+k11Lv+q6OYYEtv6Tr8FFbyFcOUYbqOs5RStoKBnZ4NDPtyLbNW3pF8NQfj/P8AHweT5JdwHLkcTfSetj/M+MQCeI7azj/E4vH+TO5VeTOdTX+s9dcXjkfYlH0Ezf1a678Mf/L+IRoR/wC6UPyfjdx/7hNv8fxNhjS+1CH+J4hF/ChvuBJ+7X7f1Y/5/jMNTr9QY/8AKwEbnWU/heLQrAn8JJ8LxKv4R+liOflP2CZcP+4/wljLir7/AOswHheKR/2yPoxjH4/xezg/+sy8/Q4brlxg6uJp82PpkH8ZyD8fgOz5F/6o/wDx69M+T0upOfovH1dPyY2/cDDjiJ2TX0E5D+OcbeS/6gST+P8AJ/b5I9AUjk4/1HY/i+M6nljQ/oLnmYBh8bNnXHSY11oS38D8io5JmTI3YqROfAPI+TIM6quSthtJdOPT5/yMn+R+QZ74oxq61oTXwvAz+ZlyJ4q81XdmIUD6kyM2LKnnuCOL6n9IvDzOi5QDSvv0BnTxOHH3z8ubNhfBlbDk/wC4po0bH8Zztylu/uatbMzPTXWZvllStWlWZQq9ZDGtBvEbqushhsBqe0kAsYjvUtEJFiVfCSOmxhR2mpUEA9RBkBWxvCaz16SgCBIJK6ShZr+kKFxsx9olIpU7cozkbGOOoveCryb6amE5qWZibI07RBdQa0MoM16fbGMlG6uoG1YhRKWvepGTECpZf4TfF5V4+LfcftmeXUUWBPpDM3UeNiyr/dOPmg76CVkw4czclHw3uDrFhU5GCu/ELtKIVm+JNXP7iZDbrjZOLlbsA1c3dgFodJWXw2WyMisRuAZjYqussa84zaNeXQawMrHkCdLMVr0khusC1aCWXbXQazMd4RajqYaX6ySbjAgaY/IyYzYPpOg+YgSgLYjU+s4iIoPxjt+YNjr0nMMpv6RpkUKQ36SQAYSTNFm7OsoOxazHS8CTv0kqaFmFaOp69ZhWs6VK5Bfac91k9LhIAddZ0FGI9swy8Q/s2nZ4h5ityIO/DndLpSPd3kNhYGhrPQGNcuh+4aAzlzq2N+J37iEnb05SCICdKohxlm1aZ/GpYBTvDWs61mld5TePkVqksrLvCbqtCJnyOxlK3SV8SnW4PBBTWhkOCDrA2pqIm9YWFyNRDQx1CoVaMfulEg7ydYQzgJAjBJ1kitzK/pAWpu9oDeoyw2kFq2hVca6wGskWTLVSDAzsjQwjf7pIhTuAFxE3AQOjExU6DabjKXxn/dcywqCoPczQuFathDFMOWAV9CNpLc8WQOuokNyfIABqZqyMuRFf7esIs+c/NQBQM6l8QuRkBHLoZh53jD4w+MaicI8vyCBjDGtqk/RZNelk8rJiY4ybyHQZDso9PXtOXyvJXE4RByyYSApYaL1Y11YnrMny0ceMtyr3u3/N0H6TmZmyOWY2zGyYizr8tVzZjjygfZkILn1Es+QSFvUoND6zB35EBdEXRRJuVc3y6sGfO2YNyJC67/aDuROrN5eL/Ld8ifIoAVVOlUJx+KfiZS/25dKHaS9vmYncsbhPd+HWX8QqrulOx0AOlQC4mY8QQnQGLH4oYMW1U6D0iJbxm4Zfcv7HH9DJaz+jPLibleybATlOhnp5HR8dA0annOAGiVrrURSoqlaAuXTY9HFXrUmqiLFjZNmA2IJ0ihHRI0gTOjxhuZhRnX4+Oks9YTteCca3MchBE3y9pyneROpQjiMrQm6kcZzx2doLFsw1mcqjAISDW46QRMdGKaYqLawUgp3iM6GOMil3mb4yFuElrOPgTLxpYsynpRBrIJKGkYIr1k8TAbayTA6QGsBwBiMvHjLbQIIsx8b2lvS6DXuYy6hQANe8GpGLINQNO80TFZsmH+Qox8DdzAMekJzWmZSCNbEhCL1lB+XtbaMYhW8p6yihJmoVQPWQw7QSoaxrFZqHuhVbyKkysbcWkkDcQB1krUMnW4ibgYSoIo4oURxQgEYNRQgVZMpQauVj41rGd4ZtZtJE00BqRtBD5CInWLrGV0hT5VtGXkVHWlwZD5WKi2i+kIFDWKMGhJgM1FCNVsgHaA1QnXpAGtDtNTSgqDM2FAGE3Rqp0jY2AYHVY1IqjtAyMUZ3ihqCOKMwC4XpFCBQOlQJkxwh9JQIAkQuDATcYJBkxwG2usFFwiuBemxkHeEIAYo4QDrK6RAaxmBJMUIQojuKNRcIdXEbEZiOm0AgK7RRgXADXSECKigMAmOgN4rhADXSKUBApWtwJhCEKcIo4ChCEAhCEAhCEAhCOAoRxQCEIQCEIQHFCEAlAWakx9YGhxkCQBLXINjBx16Qzz7SFh7Rof4y0XrDIqdDr1kN5ZRSuB6STK0cKijgKOEUAjhCAoQhAIQhAIQhAIRxQCOKEBwqAlVCESKkyqEUEKEI4UCMrUF7xs0IAoGpML19JNyqO8D08f4/A3gjO3m4kytqvjkG9P8Am2uLDtqOIA6yMn4/zsPi482Xx3TA2oyEe3WbYlU6GbnhOPTUqLHYjed/hNnQDIqccKAln7zgPEOoPtStCZ1YDgTHnZHbkF1B+39JL4bnk/x3i+X5IyZsfk8MTuSqFb6z08f47zVWlzp+qTzfxn5PBg8VUwY3JG5Kki/0npp+bw17gQ3/AKG/lM3Phrr/AO7+qv8Ax/5AbZsX/tIlf4X5EDXJibtXIRj814x3IH1BH+kD+a8XYMv63M8NZflJ8b8ouobH9AxEOH5Vf2qf+uWPy3iNoGH/ALhK/wDI+KRXIV9RHB/cyV/yY1OK/owMYzfkeuByfQrNV8vx/wDdp6VKHl4P9x9JePk5+GI8jzP/ALGT+Ah/meWP/gyf+2dA8vCDfIyx5eHfkRJx8nP0cZ/IZxq+Fx/0GL/yxG+N/wD2Gd3+XiP7v5QHk4f90cfK8/E+zz2/NlTRQhO5RrnHh8weT5+Qo1+3UkV/We2fJ8auBdbPSp5mZcf+YTjA+3p1hOfiPnvIPxebl/8AlJv3HSrlfjc+Hxc3LKgykj2K+q36iR+SpfNZVBQnfl3mnjPh8fy1fycQzKF0VvtudPTj/wAvXn34cXn+SfJ8l8jKiNtWMcV/gJyDQ3Oz8n5C5/JL/FjxdlxDis4pmoAfdZlqdSx/SZmO4XDU6kmI8r30goLaCPiQaJgTZEfM73Dc1AIxNVBwrmDvrFZJFaRFSpHIT0fHxKMgYEEEbHpJbjNuOZXwEccnIsPtaaKcKqQF1730i8rw2Ry1j3agCYBHBjE49VsaYUn6gyRhdmpSKPSCqV9xOs2xY0bVWJP7j1lTw6VxcMYAKdqG5P1nI3iZAdBVncHSdYfGqcT7egFayQMlk0Sg3PSRIz/xcZAHIlu0xyYmUXoB3Eb5cmRiuPQDcxG/3HSXlf3ZshItCQf6zEq6myCJ1/IxZVApRH5mfkgx1ULLfDhJuUMhAoDSIAnp+sdBfWG+Dq9T/CWSzLQWvWZ3+kZym5Ew+AG5ksRekRN7yZVPpAC/SHSFwNVXH01MorQ12k4ELHQWek1yoy+0iu8M5UKOUjJ9tRkMh+sWSyIVCuV2i9YAEmgLMv4so3UwvCJphyvjNjrMzOzxEw8bZS7nsNBCdrwCXHE3XLrHmAYcrsidHkYGfAHyAYlH28j7j+kxVWfFx42BsRM6x8VjixMQeX2yGBQ1VdjOrAgCn5SVQa9rmfk58OTRdANhKs3fopMqtiKvo42PWZc+SkNMATe8d9pT8Qw46ySzHrGzWKk6w3D+sLHWEKgMCHrFAGA+UROsIoFAgDWBa9BJjG8GHFGSIlFwGpo3LGSjcg7RQmaHNtcmMwhROjH4wKhnbQ9JhxO9TVWKVWpMJfo6QwVeKjXYTHIhBF6mUofnbbnWpeUH7q0EM6SaZVP0mvmmgrD+MxBum6CaeY6nCvrtIk8unB5eHJgKuaIFazyRrlIGxO/pJNiKyNR1jG5AxBYldBen0ihOrD+O8vMgdUCodmc8RKtsnmuWMVeu00z4G8fM2FyCy7lTyH8Z0L4ATD83kWgItF6n1hL2k/diBeTGTsf9JaKSxajV7w8cE+5/ag0v1PabZXRyqqCFxWN9/WGa2yu+HEvFTyOg+pk+7kAwtgLcnoe0jyPMLPhOM1xII+ohl8jizOTd/wAzEntM9Oj2cAXUKo0Ynudqmb+PgIv4uWtfdxNSWypiXk5tmHLiesEfM393JjACrSIdL7Ey4cs83goBywtp/tacbKyn3AieszYVsOGtQDsaJPQTDzMmMiinLHtzB1BjFlv6uDpHjQEWYEAA62OkeNbGugkavg+C9JSUvSBpRpA7ASIF9z/rNmYqJlaoRM8uTkdNoM2tHYcTe5nPAtYihqTDilcGq6Nd4qI3EpwIRS0AY0YUKxBsazQEA2Ou8zZSjVFyswgq7PaISm/rFftgPT/jHp6yBGSaqB0KfbtJ4B21O8yDN3jFfrCY3bEEFDUzJrEBkO28oszakAQMmF6w12mxKEDSTS3cBKhmhbgKHWMZfbttJGTEfvBJ9ITKzZtdo+YrabBcDEa13uTkTHY4GGsYVZuG20q1BkkgmELrLVuJsyIAQrY5eQ0EF1mYatBLRwTrKzYGXtMjOhlFWNbmLAESERFCBhueVESZVQqETCOooUQhCAQhKRSTAqioBlEioEX+kKkYSd5JldZMqlGDrrAiKtYVR1gB7dYpfSoRnHERUBCnAioLvGTcBaaSmFCIDvGbqoRNyuXtrrINxgawqlIiBqFCFCESd7ijMUKcKhGICqFRm4VYu4CilCNl6jaBEIQhTjA0ilKNISp9IQO8ZECY4RQpwhCEV0iihAIo4oURxQgOKEIBCEdQCzFHRigEYNRQgOzFCEAhCEAjilKtmEKopZWvWTUBQhCFEekUIDhFCA4oRwFCEIBAx6wgKEIQCMRRwDrNFDEekgazoxr0MM2pFKJm5Baht0nQ2MH1mWTAyjkDcnCSxlykwhK2IQhAIQhAcUYjYAQAGukDrFHYhBqIoEkwgKEcIUo4o4BFHFAcIQgEIQgA1MriK3iQREmEVptIl1pckjqIIBNFBZ1XqToPWQO8YY8gRobgr2vMwfmfFxpk8lwcLgKVXIH06BlB0kYRztQOOk4mLnKLJ2HL1noYACSw2qbkyG7fNv6lktWVdDpVzZOa/j86tiINUrn9wPaZZL0NVRnX5eQN+JIRhyNadZL6We79Ho/iQuPwsQah7dboT0gU42pW+h0nh+H+N8xvGxsfLayNFoED01nan43y618o/wDtEzd+jczPF+z0QcZUFuB76CP48J/an8BOD/x3lCv/AMUD9UEo/jvKFV5Ck9bSTlc6/wCo62w4TqMaH/pEhvHwlf8Asof+kTm/wfLXfOn/ALTGfF8wCxmQj6ERt+DOv+o2XxMB3wL/AAiPheH1wLf6zH4vO/a6H/qIgMf5Af7fpzMbfgyfLZfA8I74AB6EwP4vwL0xFfozTIJ+S6KD9HjLfkx/8ZP0YRv0Mim/FeH0Dr/1mL/xHjH/AOTKPo0k5/yIF/C+nYqZH+Z5YHuxZP4CP2XJ8/1M/hlJpPIzKO9gzl/xX8by+DZmzFl0LCj/ACnQfynkKwDY8ir6p/rMB5ePyvN4gsHUe6xUl/T+hnxf6vn/ADcWRfyBXK3PkdDvGnjtm85cBbgb+9zoBOn8t4y+L52N1t+ep16zjrLl8sDGRzc0Be06Tw43zd+U/lfE8fBmrD5A8j/cQvGj6Th2E9L8p4B8ZwWz4srfuXGSSp9Z51gHSZpfN4z6I9YAAnU0JRIO0VCBQxuxrGC30h8WUH3KR9ZviyHFiJAqZLmyMSLJB6SM7eVJkXE2ouS7Kze1qkEHbeLiZTDPK6JudGJXK3crF4x+IHYt3kgsp49uklS3fDoyjysqA1zrciYgsQRxodZriyEqwBIJ3lObX2gXImuUtR4CzcvFkPj6Ab7xZEZSHqz2mZ5k24q5Ty6S/wAjBthNH81lYIumMbqOv1nEcgBoTXE2JLyZtewjDG44Hk9VfScbszMeOoE62yYc+M8RwAnKW4qQJTqTZK66zPIWY2Tcgy1b2nrDeYnka4jaECb12iU1CmTBV5XEdZStw6QhMlC5E3LBxQ0mZxsBdad4JflMJoMGQi9h6xfFkHS/WF2fJ4cr4mDKdpu/lc1UMLANn1nLRG8oZGGnSTDbmS8LyZw50Wpjcd2Se8mUdXg8xl5KVWv3NsJ0+TmXK3BMgL9SNph4eLxeJyeQxobIOs15YVJOBLb9vpJxrF8sT4iKjO2QFx+wRL5mZAAKCjoJocWZkLOAsWHwM2XWqH+47R+ps93W2Ll5w5+QSVX7al5UzYcdg1iGyy8GH/H0B5EbiV5Oc5sQQjiBvJ7Z3b5Y5fIxvgVTj9xnBkxUbB07TvXOiKQmPkR1M5PLzLkC0vFhvUrU3XNHEIzpK2diTCFGA4XHRhr0ECYwDvGdekfTWDS3i4x6jWFwJhHcUAljFlYcgpIkjU0BrO1P8jFj41oZE7XHEb2MrHj5HUGpeS+XJhNB5pCcFUAdoS25wwyLxahtEiFyFG5mrK+ReZFDpK8bC5bmfao6ym8LTxWT72FjUiLGT8vI47ra5D5f7hrUXOnDnZjx4j6ybwSW3n2oZAzfZRG5iyZFI4HTuY0OpPScnkPb2JUznHRjwqRxGpO03HhK9DKaA1h4hC4w256+kz8/ywAq49+sntPN4dL4PAx+3jy00PrOFvCQ5lRnGMuwAxgWwU9T2kDyGxDmdcrD23+z1+s5xkdcnyWS13fW4kWS8ujykwJm+PAeC49GcnlfrK8nzXOFPHxMeFW7H7mvvOQmzFUrUnj6AUmtW3TsJ0Z/LfMuNSSeC6nux3M5wtw2gaByVCbAa/rLR9DrvvMLhyqDFFrdR0EM2UZMnIClGij0ixqHcKTV9Z2p4fg4xy8jyNa+xBZk3DjXPjyc84Zz7V2H0ncuZHfmx0Ua+s5l8fA6lsLEEWSW7TAmlUDrqZrWcl/2emc2VV5KQVP7DrMc4VgwA+MHYHqZznM/EPsPtA9JS5D5Csp04i7/ANBGpjB8fBLPXaJSeFd5bj20Dfp1ES/aoMjW8I16xuxoQYe6LIKhUk2JMcBCurx/B+bHzLhRe3WaHH4uF/iUHI46zHHn8gisfQUAIgmVCWyHiTuesnLN+t/Z2ZPKAULkAobKBExwvjtxQ7TlVK14k/WaD3ffoBLrGT00OHxGFgFQP4zFsCb47IETZfdSD2+s6cOMhQzsFvpGxeY5nZDiChfeDqT2mIAIJPSew48bGntTkTuZyhcKqQV1bWJy1+f0cABYUOkCFrTedT4k3X2+k5zhYdNOkqztCKjSusRWpsuJuPI7Sa9w46yGsypAiqdJQbnU1IAv0g1njVmOk0ah1h9vWpkR1g8rVx2lcQBYmaCtYM8AYk30EkQJihTvWzGchJutukmAF6QGTyjYBQO8TCjUApOsBqtgxHsIydKEmASthAaCSTAoZCPWUCG3EzlByBpA0bBShr0O0y4Emh9YFj3mmEgvr2qKs8xkDHFC4QbR6GEUB8e0mO4oDAlqeLDtIuBMDUsvKIsOkzh1hMURrGRA6CTACdYXrFCFO5QepEIFbyY7hoYCG8ZMNorgO4+UiODFX3isRQgO7hEJSi9OsBERSiK0kwDrGIwo3g4r6GArIgKOpkxhSxobwGSL0jskVAoR/rAb1AmoS2U7gaSRrBpSwaH9ZLCooPI6x3FGCICqEcRgECdYQgEIQEAijhUAFR6bCKoQAioo4AE7QCaKszojeUW6CCqJVZNqdxXrJJuKQw6jAimgXvtKWsyCIppzGxElq3WDUwhCFErkYhUKhDs7x+4iqgDQ0i5GAiCN4R8iRR1iomAoR1CARRwqFEUe8dD6wiY446sQaBWkCRUURgEIo4UQijgUi2Z0cgBrM8cHYg+nSRi81WTJVUYlymqO0xZiTGIPx4DgXY2MiWZMrUKOFQgEIo6gUtXrHaEGQYQYIRQgOKEIUQhCAQhCA4QhCAQhGAOsCYS9O0kgwaYahQiAsw4mWBS/WBLHpFelR6GKoBOnwfBy+Z5C4MRUMdbY8VH1M5p2fjfE8vzM/wAXiLyerOoUV9TB/rh0eV+P8nws4XMVdW+18bc0P6idWPQKoGnecb+Jn8bO2HyAcbrrwux+laTrwt3NN2nT0TzwMjaN3MxysMeENkblrooGtTTyEyOrfGpJPbeSPAfGmHJkX3OwpbuSleng/OIEVcaMAoAsoT/Sdi/nF/2n9Uab4WwoqoaVqAAM60yY1/cAfWYufNdJ+X/b9nAPzWLqtHuVYf6Sh+aw9aH8R/pO/wCTGdOSn+ELxHT2H+En7tc/EcP/AJfx2OoA/WV/5LxiO36idRTHdhU/gImTHX/bQ/oI/dN+jnXz/F7/AMxKHm4K0P8AMTQYMLb4kJ/9IgfF8f8A+wn/ALY5+Tfp/VC+Zgu9a/SX/meOep/hEPC8UmjgWH/jvBvXCP0JEc/J+yj5WGtCfpUoeThP7te1TBvxXgnZWX6MZDfiPGP2vkT/AKzHK7Piuo+T44pWyDXvPO85kHko2KjY1Mpvwxv+35OUfrOHzPEyeHlV8nks4rTnsJOTZ8V5XleTnyeWBm1xITxLCcrEjPeMmy3tPWa+QPJIGV2BwcvZrdGZ43dc6srAsptSdp1nhwt5bflfx3nePjTPnxFEYbkgn9QNZ5dz0fyWbJlIfIxLHQ6zzjvM1eN4OBPWImAMgo5GJm2PxyQG6HtM8OLm1tfHvOjLnCe1P4yM34h/CdBVSv8AHAYDIQwPUdJkmQsQbNzqREUWTZ31kYtsRzGPkFF8diZy2zPyJmrupsgfrOcMTK1J5as5vQ7xYvJIbi20wdiDcvEEdgpGpO8YuccuhvI56LqJFhjX85eTHwGg0ExDKSNalZn0dA8fx92LWeoGkl/GblS+4d4xkyIvLnQify2YcNx17yGdkjGVJBYfpMcuhqdCoAeR0uYZRTG9R0lWeWMpTCwRQEQhtRArSToJY0I7SzhVtQahNxlfaUjqNCBruZa48a1yNmWfiDUV0hLZ8MigvljB4jqZ0pXAPl9w6Kdpg+p4pogmbszaWSBtIma60dHbkaIGyjQQzi6KlV7qDM8Pj5SuvsB2JmiYPHBKklnHWE4lcbs10ZJnRkwoASTR6TAiutytywoowGOoBI7wGp2uGnf4fiqy/Ll+39q95rkyY8RpaFdJwnyMppV0A0AnRi8Vn/uZTY7d5HKz3aaHJ5BrZb1M3yeUMSJhAJHcScmYYloD9JjiYu/Num1wT5beV5eUMqYQAn87nNkysD7jZ6gTc4qJyH9JyZNFLHrLkJy0byKUFdO8yythfUWGmQNTbx/FbMw6J1MNZJyhMPJgtgX1nYn4xdsjUTsek7smHxPHxI1AkDS+s4snllzYoEbSbrNtv0Z+R4a+OPa/P1nKTOg5suQkN7hOjB4OF155G/TtC7nnlxY8eTLfEWB1lJj1ptJ0568chE+09oMvzKOJ1EJeznyYl4+zcTEgjebuHxGmmBYGGoAL3kmPeIesqlKsdYjUKhVYzwPIfpNRmc7mZIORo6ATdfFLi1MjNz2jJl5DjUWDAXfUaDUzVMHx/fvNfmx40037Qm+ot8mFKWrkZ/JQJwUVc5mOTK5KqSF1NC6E1xq1FzSKvVxf9YTJHOpVfcdTNcXkDnqKE1YeP5AXG+MeNlJ9mbUIw/5l6fWczYHw5ziyjiymj/8ASG58unJmC2RsZyO3I3NcvFqrYbTIox2hJ8uzwvIAUo05nb3tkOpv2j1mQ5KdNJRewBBnJMxY2YUYCrlHQSqk9oo9amuHKmEhigdv+bUD9IP6jD4+bNpiQt3jPh5gxDUtbm505/ybunx4VGMH7iNLmWLMlhUXlkO7uZNvwl0l8LHvkycV+ms6VxfiwAFVnb1O85PJctkCKeR2NQyeH5OMA5KF9L1hn4/Lt5aHB4zZCL4CaeMuFeTgDiOpFkmYLjC4/kb7F3PUnsJujXg5AAE6hen0l8l+55PJpGbiFJ2AE4SruSxFVL+Uu4cjRNalDyMmRHBA92mg2hqbEklkArRekoMQVVBSzNG4g3tHj5auBtoDBjTyMa8iymm3rvMbNCxrNL5JfUdZmTpUtITNZjcgqO8SYcmQ+xb9Z0fBjVBza2PQSFsjHD42bN/21JHedTfj8eNQWck/uAEWPyMmEcMOw6yR5GbO/BnofyEnKW2+8aKUxjigK316xtk4+51B7EycmTGjBUHM95hlbI++w2EJJvltidSzFjd94ZMpBICgicvNhpUZDKnInfpKv48uhcg4a1faovmrIC2lTmTJx13MHZ8jWYPxdn+TzJCmgOsz+YUQTp0M5wCNO8tsfBRyOrbQfjFrmxq1biPJ5Sn7BOajFUNfjGyZSTR1uWzAChoZgpCkGtpRvI/tFQlnK1Z7o6wbQ67yj/b0uz1kNZMCGNn6RXGyNvUnWFMEiL1hxYwIqFKEIQCMGtpMYgBgSYQgEcAIoBFGYoBKrSKBgErGRy7SY0q9YqzyCNYpRMYCkQmpUXpEYbGEBQhHClHCEBRjeEUC2IO28m4QhBCEIBFHCARRwgKOEBCiEDGKhCA1jar0httAwEdYx/OKMCBSgEEmTpcoXEd4Q6s6bQKnaWjkY2AG5BMhnLHXpByniK9e0pLU3ExG/WXjxiuTtwU3Xc1As8WFbGSq67XMzYNA3HzKbG76QmfC8rBTxH6zLl2iJs2YQ1JgJuKaJxVtdQY2xMBpqITWUJfxmr6yTY0O8KUIQhTjG0mOEF6wijgELMUIUQjhAUYuAFmOqhDsxWDvFCA9OkUUIFJV2Y2fpIlqtwJilkCTX8YChHWkdQJjqOqhfeAtahC4QHRjrrEGlB+40g5TCFi4QFGBGIbwD0i2MBvrGTpACIgekYMRHWEPS4EaXJvW470MKQFwMAaigEaizFGDRhW3LiJm7cjJJJihJDlKLkxgwG0REZ1igTCVULHaAo46U+km6MB1FAm4tYBCEIURwhAKilcoqgKEoLcCK3hNKBMIoDjC1qZMdmBXLWDNcANL7yYD5GorMIoDEqtLki4yYBxvabeMciFuDcQRrXWZAmq7z0/x2X8QmF/83Bkz5LocH4ADvE8nPpz+OzufeSxGxJno4/coNe4dZwD4xlY4CTi/Zy3r1nfjUlVo13nT0dfNWhUZAHbiDpyO0r8ljZx4uBMlMW0dTMcrKuhXmb1Qi5p5vkY8HkeMRjPtFhFGo9Kma16r0sX4jNS8vMymupozpH4rNf8A+uZK9QDOPF+W8g1/Zyhe3x3Ogfls+3w5P/8AGZi/+3+jUz/1/wD+mp/F5dh5jg/+kR/+MzjQeYfqUEgflX/djYH/APltKP5Ur92Nv/Y0nHx/Rf8Ay/8A9D/x/kqf/wBaHp7JR8Pyxr/kp+qH/jI/8qhOuMj6qw/0jP5TAd6H8RLx8G35MeP5taZMZ/RhA4fyK7PiP6sIh+U8cdv/AHSl/J+Keqj/AKhJ/av9xcPyeyjGf+sxgflBvjU/R/8AjGPyHj3oQT09wmi+fh6mz6EGP7T+5icv5JN/HY/RgZP+Z5yn3eNl/SjOv/MwE9R+koeVhvcgd6jj5Ofo89vymZT9mZR1Bx3/AEnH5Xl+N+RzJgcZL7FSs90+X4w0Z6/Qzh89sLZcb497q6qOPmnOcyPnPyPi4/GVkxghb0s2J54+9a7z2PzysCCyBddCDvPGNir6zpLw49plx6n5HwPDxeGGPmB/IqxiVbX6c54Ys6T2sn4nyT+P+Z8mLGtckxM39xh6CeTiPEHTXaS/c/bP1QRWkUutY1x8m4iQbKSMYA2mZa+k0YFQFOhkggChoepkTiFjVlNkfxm3yDieQ+k52cmhekZOu8M2b5aX7SOkycADTSaKbFSMlVBPLMi6iDFTppHRgEuVpTZsjCuRrtF2M04Y8RF+5+3SbcUyLa6N6yJbnpgDZrear45rmWWhqdZnrjab8EzYm46MI1OWf+SxagBxG0ZyI4oic/EqaOkpXCtqIxbPgFVB12gcanVDp2mzjHkxllPuHSThwg4izuF7A7mVN4ZAgEctamp1XlyCjoOpmZxZVHJlIXuZKNTAtqBIub4aHHz15UR6TKm5Ud505fIXIAqKTW3aa+KmMqxy4yX6HsITbJy5smJsagg2W3ElHVSL6TqfEmS08dgK3BnJ8GQsQtErKs+qmy5sj8j+gnX8WPMFtwlD3VvMcPjZxqV9vWQcA5kkkL2kS5+mfDbJi8YjRjY07yAuEaDaQ4xovtsNMlargk49urFlBemFoNsY0s+s6OJxYzkcKnL7UE5cClfdNkrNnJyGwsrNxC4QqfKy6nYSyMzANenYbSnYZXGJDpesPJcogxpoIOWOTGzsCWsdYmfiOK6VE+Y6JVesMvEKCYX4NsrGlO0y8gnbpNEKFeRG20yyP8nShCzyMOIMbbbtPVyvg8fxQQNT+31nn4gRV7ReWxNAn9JEvNRl8hshsnToJAYE6zONRZlbyOlGYfaNJmTkZjrU7fFGN0s9JxZCvymtRcjMvNUfkaix5VKTIejURFyQjT9Y+GMj2jWD9WWXIzmj0kAAzRwAPWZhdbOglangyK0E1VMVUx1ggxnb+Ji+Es2h07yM2/sDiQn2mhNFOLGtEcj3k/Fx05XEcfWDz7N2FWAB6R48r16CZZNBHhy0abaDOGmTK5/4yfYENCz/ALz/AKShlUn3fb0EjK6ueOPaCHi8n/HPPGLy/tY/avrXU/WGfzPI8o8vIyFyNugmQSTtvDXDRspyIFc3WgPpO1sHyYMajIud1F43U6qvVGBnnKLMtGKMCmjb3KWLOlCI3O3BmUhsmTH8ikEZVGhU9CDIweIuQHIcn9gWWc/cAPSTWbw4gSNN5ZxCh3MojE+X+1y49C1X/KdHHYSlrjbERoN4xjJGs6CtNXWNUFFTIfk5zher6TJlKmjNmdsZKGZEknWVqaOkQu9N/SOr0E9jD47jxRyCoCNe/wCsluJbjz8Ay4heIf3CNTV0Jm/zNyZyT3J6zvV0VSmNqvc9TObysYx1jB5FqJrpCS27cQz344Rv0A6SPkpSP0/SJyxAvbaSB+7pcqyNE4DE5Y0f2iQjAJx67xGiTW3SVjKjRxYgZmzNcTOcZRRet/pJTJwYkAEGwAZp8vx4RiTUnVjC8oYELQNnc1E6MqqzVTbDrCiFJvXrIJuCOvDlrxygOgN13kEM5vYTPCpN9pqWYEA7QzfJDDlJHE76CRlwHE1E2fSdD5AwCj+Uz9q2GP16wS1ogwhK5e6vcZigLcrOg2EYOLpKxqtkn9IyjBlZnofpG2LJWs6Hyog0AN7mZZPJ5aAUO0Et+EY8JcgD9Zs5TFoBZ6mZrksae0zM3y1MLm3k3YMbqoDFlyagEgdYmaz9JTHJw0bTsJVK1Ucb+sRZQPbvIjkXD5dxAOQbUVEdYoMUcrHoIc23iERgbJ5LoKoH6wbyOW6gfSZabCPjQ1l2mRXzN+kXMHcSISaYtnx9FqJSh+6xJqFRo0Iw9GMXAVYOkniDCr0EoOJ6QoxaiFmQPaKPlCwYCilqF6mIqL0MBQlcDEUYbiAoDePgYwjXtFWXlX9v/m/lGPjrTlfrUISfdPsj2esXs9YQj7r9jPx+tfzlD4vX+UIR9z7J/t31r0jPx1pf61CEH2T7PWUPi63cIR9z7J9t63+kZ+OtL/WEIC9vrD2+sIR9z7H7PWL2esIR9z7D2esfs9YQl+59i9vrH/b9f5QhJ9z7A/H61D+361CEfc+w9nrAcOtwhH3PsofD63+kF+O/3X6VCEfdPso8K05fykj4r15fyhCPuT9mi/DR+6+u0zfjfWEI+579BPh/dyvptUs/FrfK/Wv5QhH3W/sX9r/m/lIHx2bJ9O0IQn2UnwdSb+gqS3Czv+kIQewvxX7uX8p0/wBrjrzr1qoQl+6dv2L+1w9nL+Uw/t8/fyv9P5whH3J+yclft29ZGsISfdqfspeHW79Im9P5whH3X7F19IawhH3Psr21pcQrrCEfdPsofH1v+UR49LqEI+59j9nrcRr1hCPufZP0jFVrvCEfdfsRgPXb0hCD7NU+Lry/lND8Vacv5QhH3Zv7M/7d68v5Rt8WlXX6QhH3X7JPx+v8oD4/+b+UIR9z7BuH/N/KI8PWEI+59i9vrFp6whH3Ps0X4a1LfylD4PX+UISfdEP8d+26lL8Vfu/lCEv3X16MfD/zfyk/27O/6VCEn3SfsR+PSr/lEePrCEv3X7LX4q/d/KH9r/m/lCEfc+zNuN+2LSEI+5P2GlQhCPuv2LrCEI+59hrGOPW4Qj7n2B9ICusIR9z7GOPrKXh15fyhCPun2B4a7/rUz1hCPuT9j09ZX9vrf8oQj7n2WPh/5v5Sv7dGuX8oQmful/Zza+kesITX3a+xxQhH3PsYrrKHD1hCPun2C8fWBrrcIR9z7Ea6XI1hCPuv2PWL3ekIQfZsvDjry/lIbjelwhH3T7JjFXr/AChCPuv2WPjrXl/KI/HfWv0hCPun2P8At+v8prh+H4mvlf6QhL18+z7OnB/j+2+X8p3Y+FDjzr9IQnQn/ifs+ZK58r6VOl/i/wDKYefLlR43VQhJfM8NevXmPdx7+250C66whJx/2/1ULd9ZWt6XCEcf9v8AUSeV9f5SX4/uq/XjCEvH/b/Uqf7HH3cK9eMzb/A/d8P68IQjj/t/ql/Zl/8A2f8Ad/j/AK8Zkw/C1ocN9aB/0MIRx/2/1ZYuPxVniy+lB/8ARpzuPHv+0X/6Rk/4whM3P+z+rc8f8v2c+T/I/Z85Hpf/APFJx/5H+Zi+b5qvTnXGEJj3/wAXT17/AHR+d+L5By5cvSeR/Z0vn/KEJuf6xx7eb/i7fM4/AvyfJfH2XW3pPOx/Fy15fyhCTt4O3/iofB15fynR43+Pf7uXTa4QmPudc/7E5/j5m+d/pMX+Ljpz/lCEv3Ln/aj+1x/df6Sh8Wn3fyhCPuz9lL8NH7r/AEkt8Vfu/lCEfc+xf26/dX6S0+G9eX8oQj7n/wATyfF/z/ygvxch938oQj7pf/Ffk/Bpx5X12iT4605/pUIR69nXx6LN8Vj77/SZZPi5acv5QhLP3an/AItPH+PW+X8pvj/x/nWrvpdQhH3Y7e/8XT51fH/d+T0vhPKPxcv3V+kIST916+P+P7OzH8fFa5cPTjU6jx+FuHOv+XjcIR90nn/i4sXwczXL12ix/D8x+LnfpVwhH3W+f+Lpx8/dQy/oVmOT4793O/WoQj7lz/tZ5P8AH4a8v5TlXhzG9X1hCJ+5PF8PR/sUPuv0qc3s5Nx5112hCPuk/wDFv4Pxe7f+Vw8z4ua1z/lUIS/c4/K/4s3+G1+6/wBIZ/h4jlzvptCEfcn/AIs8fx8DfKvSok+L/mq/SEI+7c9/4t2+GlrnfpVTHyPi5fvuutQhJ79szz/xYr8fW4H4ul/yhCX7tfZvi4cT99VrVTP+1Zrl/KEJPuk9/wCKf7d6cv5TZfjr936VCEv3L/4gfBevL9amyf43E3f8oQkv7s3/AMWOX/H/AG8v0qUvx8NOf6VCEfdf/ilPj+TXl+tTfJ8Ffvv9IQi/ul8/8XFl4Xpy/WpK8OtwhL92/XpbfDX7r/SGL476/pUIR909emy/D/zfymWf4b9vLl61UISfdJ59Jx8OPuv0qUfiv91/pCEfdr7Onxvi1+6v3bfzl+L8VeTx5/43H+7te+nH9YQj7nr/AIuZPhs8edfpc60+GhfK/wBIQj7sX/xTm+HkK58v0qLN8On38vSqhCT7p8f4uTJ8fP8AdfW6i/s+v8oQmvu39nb4X+NzHEjn0sa/pyM1z8Ofu+X9a/0hCZvn2xPN8fu5/wCxbff67XM3+H5Pbz5fpCEv3an/AIpf4OOvL+W8hfio3y49NoQj7nr0a/Df7v5Rv8PTl/KEI+6/ZmPi/wCb+UB8diruEJfuv2M/F/zV+klvi6cv5QhJ9z7NMfDh7uVelSx8PXlf6QhL92f/AIg/F+3nfSqkezlry9bqEI+6/wDxB+Dpy/lNG+Pjrz/SoQifuf8AxYHh15V+kQ+PrcIQv/xIcL0uo14X1/WEI+59mjfD/wA1+lVJ9lfur9IQj7n/AMUHh0v9alD4q15fpUIR9z/4kfj/AOb+Un29LhCPuv2aJ8fW4m+G/by/lCEfcn/iB8V9Y2+Hpy/lCEfdPsj2esB8frCEL9mw+Djrf6V/rIHxX+6vWoQj7p/8Sb4enL+Un2+sIR91/wDiR49Lk6QhH3PsYrrGeHrCEfc+xaesNIQj7n2Wn6/pGeF68r9ahCX7n/xM8P8Am/lLwf8Ac9t3R+7aEJPus/8AF//Z', 'comment', 12);
COMMIT;

-- ----------------------------
-- Table structure for order_cart
-- ----------------------------
DROP TABLE IF EXISTS `order_cart`;
CREATE TABLE `order_cart` (
  `cart_id` int unsigned NOT NULL AUTO_INCREMENT COMMENT '购物车ID',
  `customer_id` int unsigned NOT NULL COMMENT '用户ID',
  `good_id` int unsigned NOT NULL COMMENT '商品ID',
  `good_amount` int NOT NULL COMMENT '加入购物车商品数量',
  `price` decimal(8,2) NOT NULL COMMENT '商品价格',
  `add_time` timestamp NOT NULL DEFAULT CURRENT_TIMESTAMP COMMENT '加入购物车时间',
  `modified_time` timestamp NOT NULL DEFAULT CURRENT_TIMESTAMP ON UPDATE CURRENT_TIMESTAMP COMMENT '最后修改时间',
  PRIMARY KEY (`cart_id`) USING BTREE
) ENGINE=InnoDB AUTO_INCREMENT=219 DEFAULT CHARSET=utf8mb3 COMMENT='购物车表';

-- ----------------------------
-- Records of order_cart
-- ----------------------------
BEGIN;
INSERT INTO `order_cart` (`cart_id`, `customer_id`, `good_id`, `good_amount`, `price`, `add_time`, `modified_time`) VALUES (202, 8, 42, 1, 35.80, '2022-12-10 18:58:14', '2022-12-12 04:57:08');
INSERT INTO `order_cart` (`cart_id`, `customer_id`, `good_id`, `good_amount`, `price`, `add_time`, `modified_time`) VALUES (203, 8, 45, 2, 39.50, '2022-12-10 18:58:16', '2022-12-12 04:51:19');
COMMIT;

-- ----------------------------
-- Table structure for order_detail
-- ----------------------------
DROP TABLE IF EXISTS `order_detail`;
CREATE TABLE `order_detail` (
  `order_detail_id` int unsigned NOT NULL AUTO_INCREMENT COMMENT '订单详情表ID',
  `good_id` int unsigned NOT NULL COMMENT '订单商品ID',
  `good_amount` int NOT NULL DEFAULT '1' COMMENT '购买商品数量',
  `good_price` decimal(8,2) NOT NULL COMMENT '购买商品单价',
  `average_cost` decimal(8,2) NOT NULL COMMENT '平均成本价格',
  `weight` float DEFAULT '0' COMMENT '商品重量',
  `fee_money` decimal(8,2) NOT NULL DEFAULT '0.00' COMMENT '优惠分摊金额',
  `w_id` int unsigned DEFAULT NULL COMMENT '仓库ID',
  `modified_time` timestamp NOT NULL DEFAULT CURRENT_TIMESTAMP ON UPDATE CURRENT_TIMESTAMP COMMENT '最后修改时间',
  `order_id` int DEFAULT NULL COMMENT '订单ID',
  `is_comment` int DEFAULT '0' COMMENT '0 未评价1 已评价',
  PRIMARY KEY (`order_detail_id`) USING BTREE
) ENGINE=InnoDB AUTO_INCREMENT=57 DEFAULT CHARSET=utf8mb4 COLLATE=utf8mb4_bin COMMENT='订单详情表';

-- ----------------------------
-- Records of order_detail
-- ----------------------------
BEGIN;
INSERT INTO `order_detail` (`order_detail_id`, `good_id`, `good_amount`, `good_price`, `average_cost`, `weight`, `fee_money`, `w_id`, `modified_time`, `order_id`, `is_comment`) VALUES (55, 42, 2, 35.80, 32.22, 0, 1.11, NULL, '2022-12-16 00:20:35', 28, 0);
INSERT INTO `order_detail` (`order_detail_id`, `good_id`, `good_amount`, `good_price`, `average_cost`, `weight`, `fee_money`, `w_id`, `modified_time`, `order_id`, `is_comment`) VALUES (56, 43, 1, 19.90, 17.91, 0, 1.11, NULL, '2022-12-16 00:20:35', 28, 0);
COMMIT;

-- ----------------------------
-- Table structure for order_master
-- ----------------------------
DROP TABLE IF EXISTS `order_master`;
CREATE TABLE `order_master` (
  `order_id` int unsigned NOT NULL AUTO_INCREMENT COMMENT '订单ID',
  `order_sn` varchar(255) CHARACTER SET utf8mb4 COLLATE utf8mb4_bin NOT NULL COMMENT '订单编号 yyyymmddnnnnnnnn',
  `customer_id` int unsigned NOT NULL COMMENT '下单人ID',
  `payment_method` tinyint NOT NULL COMMENT '支付方式：1现金，2余额，3网银，4支付宝，5微信',
  `order_money` decimal(8,2) NOT NULL COMMENT '订单金额',
  `district_money` decimal(8,2) NOT NULL DEFAULT '0.00' COMMENT '优惠金额',
  `shipping_money` decimal(8,2) NOT NULL DEFAULT '0.00' COMMENT '运费金额',
  `payment_money` decimal(8,2) NOT NULL DEFAULT '0.00' COMMENT '支付金额',
  `shipping_comp_name` varchar(10) CHARACTER SET utf8mb4 COLLATE utf8mb4_bin DEFAULT NULL COMMENT '快递公司名称',
  `shipping_sn` varchar(50) CHARACTER SET utf8mb4 COLLATE utf8mb4_bin DEFAULT NULL COMMENT '快递单号',
  `create_time` timestamp NOT NULL DEFAULT CURRENT_TIMESTAMP COMMENT '下单时间',
  `shipping_time` datetime DEFAULT NULL COMMENT '发货时间',
  `pay_time` timestamp NULL DEFAULT CURRENT_TIMESTAMP COMMENT '支付时间',
  `receive_time` datetime DEFAULT NULL COMMENT '收货时间',
  `order_status` tinyint NOT NULL DEFAULT '0' COMMENT '订单状态 0未发货 1 已发货 2已完成 -1 退款',
  `order_point` int unsigned NOT NULL DEFAULT '0' COMMENT '订单积分',
  `invoice_time` varchar(100) CHARACTER SET utf8mb4 COLLATE utf8mb4_bin DEFAULT NULL COMMENT '发票抬头',
  `modified_time` timestamp NOT NULL DEFAULT CURRENT_TIMESTAMP ON UPDATE CURRENT_TIMESTAMP COMMENT '最后修改时间',
  `memo` varchar(300) CHARACTER SET utf8mb4 COLLATE utf8mb4_bin DEFAULT NULL,
  `province` varchar(20) CHARACTER SET utf8mb4 COLLATE utf8mb4_bin NOT NULL,
  `city` varchar(20) CHARACTER SET utf8mb4 COLLATE utf8mb4_bin NOT NULL,
  `district` varchar(20) CHARACTER SET utf8mb4 COLLATE utf8mb4_bin NOT NULL,
  `address` varchar(50) CHARACTER SET utf8mb4 COLLATE utf8mb4_bin NOT NULL,
  `username` varchar(30) CHARACTER SET utf8mb4 COLLATE utf8mb4_bin NOT NULL,
  `phone` varchar(20) CHARACTER SET utf8mb4 COLLATE utf8mb4_bin NOT NULL,
  PRIMARY KEY (`order_id`) USING BTREE
) ENGINE=InnoDB AUTO_INCREMENT=29 DEFAULT CHARSET=utf8mb4 COLLATE=utf8mb4_bin COMMENT='订单主表';

-- ----------------------------
-- Records of order_master
-- ----------------------------
BEGIN;
INSERT INTO `order_master` (`order_id`, `order_sn`, `customer_id`, `payment_method`, `order_money`, `district_money`, `shipping_money`, `payment_money`, `shipping_comp_name`, `shipping_sn`, `create_time`, `shipping_time`, `pay_time`, `receive_time`, `order_status`, `order_point`, `invoice_time`, `modified_time`, `memo`, `province`, `city`, `district`, `address`, `username`, `phone`) VALUES (28, '1671150034000', 12, 0, 91.50, 9.15, 0.00, 82.35, '', '', '2022-12-16 00:20:35', NULL, '2022-12-16 00:20:35', NULL, 0, 82, '', '2022-12-16 00:20:35', '', '河北省', '石家庄市', '长安区', 'sdsd', 'hello', '12313');
COMMIT;

-- ----------------------------
-- Table structure for pms_attr
-- ----------------------------
DROP TABLE IF EXISTS `pms_attr`;
CREATE TABLE `pms_attr` (
  `attr_id` bigint NOT NULL AUTO_INCREMENT COMMENT '属性id',
  `attr_name` char(30) DEFAULT NULL COMMENT '属性名',
  `search_type` tinyint DEFAULT NULL COMMENT '是否需要检索[0-不需要，1-需要]',
  `value_type` tinyint DEFAULT NULL COMMENT '值类型[0-为单个值，1-可以选择多个值]',
  `icon` varchar(255) DEFAULT NULL COMMENT '属性图标',
  `value_select` char(255) DEFAULT NULL COMMENT '可选值列表[用逗号分隔]',
  `attr_type` tinyint DEFAULT NULL COMMENT '属性类型[0-销售属性，1-基本属性',
  `enable` bigint DEFAULT NULL COMMENT '启用状态[0 - 禁用，1 - 启用]',
  `catelog_id` bigint DEFAULT NULL COMMENT '所属分类',
  `show_desc` tinyint DEFAULT NULL COMMENT '快速展示【是否展示在介绍上；0-否 1-是】，在sku中仍然可以调整',
  PRIMARY KEY (`attr_id`)
) ENGINE=InnoDB AUTO_INCREMENT=17 DEFAULT CHARSET=utf8mb4 COLLATE=utf8mb4_0900_ai_ci COMMENT='商品属性';

-- ----------------------------
-- Records of pms_attr
-- ----------------------------
BEGIN;
INSERT INTO `pms_attr` (`attr_id`, `attr_name`, `search_type`, `value_type`, `icon`, `value_select`, `attr_type`, `enable`, `catelog_id`, `show_desc`) VALUES (7, '入网型号', 0, 0, 'xxx', 'A2217;C3J;以官网信息为准', 1, 1, 225, 0);
INSERT INTO `pms_attr` (`attr_id`, `attr_name`, `search_type`, `value_type`, `icon`, `value_select`, `attr_type`, `enable`, `catelog_id`, `show_desc`) VALUES (8, '上市年份', 0, 0, 'xxx', '2018;2019', 1, 1, 225, 0);
INSERT INTO `pms_attr` (`attr_id`, `attr_name`, `search_type`, `value_type`, `icon`, `value_select`, `attr_type`, `enable`, `catelog_id`, `show_desc`) VALUES (9, '颜色', 0, 0, 'xxx', '黑色;白色;蓝色', 0, 1, 225, 0);
INSERT INTO `pms_attr` (`attr_id`, `attr_name`, `search_type`, `value_type`, `icon`, `value_select`, `attr_type`, `enable`, `catelog_id`, `show_desc`) VALUES (10, '内存', 0, 0, 'xxx', '4GB;6GB;8GB;12GB', 0, 1, 225, 0);
INSERT INTO `pms_attr` (`attr_id`, `attr_name`, `search_type`, `value_type`, `icon`, `value_select`, `attr_type`, `enable`, `catelog_id`, `show_desc`) VALUES (11, '机身颜色', 0, 0, 'xxx', '黑色;白色', 1, 1, 225, 1);
INSERT INTO `pms_attr` (`attr_id`, `attr_name`, `search_type`, `value_type`, `icon`, `value_select`, `attr_type`, `enable`, `catelog_id`, `show_desc`) VALUES (12, '版本', 0, 0, 'xxx', '', 0, 1, 225, 0);
INSERT INTO `pms_attr` (`attr_id`, `attr_name`, `search_type`, `value_type`, `icon`, `value_select`, `attr_type`, `enable`, `catelog_id`, `show_desc`) VALUES (13, '机身长度（mm）', 0, 0, 'xx', '158.3;135.9', 1, 1, 225, 0);
INSERT INTO `pms_attr` (`attr_id`, `attr_name`, `search_type`, `value_type`, `icon`, `value_select`, `attr_type`, `enable`, `catelog_id`, `show_desc`) VALUES (14, '机身材质工艺', 0, 1, 'xxx', '以官网信息为准;陶瓷;玻璃', 1, 1, 225, 0);
INSERT INTO `pms_attr` (`attr_id`, `attr_name`, `search_type`, `value_type`, `icon`, `value_select`, `attr_type`, `enable`, `catelog_id`, `show_desc`) VALUES (15, 'CPU品牌', 1, 0, 'xxx', '高通(Qualcomm);海思（Hisilicon）;以官网信息为准', 1, 1, 225, 1);
INSERT INTO `pms_attr` (`attr_id`, `attr_name`, `search_type`, `value_type`, `icon`, `value_select`, `attr_type`, `enable`, `catelog_id`, `show_desc`) VALUES (16, 'CPU型号', 1, 0, 'xxx', '骁龙665;骁龙845;骁龙855;骁龙730;HUAWEI Kirin 980;HUAWEI Kirin 970', 1, 1, 225, 0);
COMMIT;

-- ----------------------------
-- Table structure for pms_attr_attrgroup_relation
-- ----------------------------
DROP TABLE IF EXISTS `pms_attr_attrgroup_relation`;
CREATE TABLE `pms_attr_attrgroup_relation` (
  `id` bigint NOT NULL AUTO_INCREMENT COMMENT 'id',
  `attr_id` bigint DEFAULT NULL COMMENT '属性id',
  `attr_group_id` bigint DEFAULT NULL COMMENT '属性分组id',
  `attr_sort` int DEFAULT NULL COMMENT '属性组内排序',
  PRIMARY KEY (`id`)
) ENGINE=InnoDB AUTO_INCREMENT=38 DEFAULT CHARSET=utf8mb4 COLLATE=utf8mb4_0900_ai_ci COMMENT='属性&属性分组关联';

-- ----------------------------
-- Records of pms_attr_attrgroup_relation
-- ----------------------------
BEGIN;
INSERT INTO `pms_attr_attrgroup_relation` (`id`, `attr_id`, `attr_group_id`, `attr_sort`) VALUES (23, 7, 1, NULL);
INSERT INTO `pms_attr_attrgroup_relation` (`id`, `attr_id`, `attr_group_id`, `attr_sort`) VALUES (24, 8, 1, NULL);
INSERT INTO `pms_attr_attrgroup_relation` (`id`, `attr_id`, `attr_group_id`, `attr_sort`) VALUES (26, 11, 2, NULL);
INSERT INTO `pms_attr_attrgroup_relation` (`id`, `attr_id`, `attr_group_id`, `attr_sort`) VALUES (27, 13, 2, NULL);
INSERT INTO `pms_attr_attrgroup_relation` (`id`, `attr_id`, `attr_group_id`, `attr_sort`) VALUES (28, 14, 2, NULL);
INSERT INTO `pms_attr_attrgroup_relation` (`id`, `attr_id`, `attr_group_id`, `attr_sort`) VALUES (29, 15, 7, NULL);
INSERT INTO `pms_attr_attrgroup_relation` (`id`, `attr_id`, `attr_group_id`, `attr_sort`) VALUES (30, 16, 7, NULL);
INSERT INTO `pms_attr_attrgroup_relation` (`id`, `attr_id`, `attr_group_id`, `attr_sort`) VALUES (36, 15, 1, NULL);
INSERT INTO `pms_attr_attrgroup_relation` (`id`, `attr_id`, `attr_group_id`, `attr_sort`) VALUES (37, 16, 1, NULL);
COMMIT;

-- ----------------------------
-- Table structure for pms_attr_group
-- ----------------------------
DROP TABLE IF EXISTS `pms_attr_group`;
CREATE TABLE `pms_attr_group` (
  `attr_group_id` bigint NOT NULL AUTO_INCREMENT COMMENT '分组id',
  `attr_group_name` char(20) DEFAULT NULL COMMENT '组名',
  `sort` int DEFAULT NULL COMMENT '排序',
  `descript` varchar(255) DEFAULT NULL COMMENT '描述',
  `icon` varchar(255) DEFAULT NULL COMMENT '组图标',
  `catelog_id` bigint DEFAULT NULL COMMENT '所属分类id',
  PRIMARY KEY (`attr_group_id`)
) ENGINE=InnoDB AUTO_INCREMENT=11 DEFAULT CHARSET=utf8mb4 COLLATE=utf8mb4_0900_ai_ci COMMENT='属性分组';

-- ----------------------------
-- Records of pms_attr_group
-- ----------------------------
BEGIN;
INSERT INTO `pms_attr_group` (`attr_group_id`, `attr_group_name`, `sort`, `descript`, `icon`, `catelog_id`) VALUES (1, '主体', 0, '主体', 'dd', 225);
INSERT INTO `pms_attr_group` (`attr_group_id`, `attr_group_name`, `sort`, `descript`, `icon`, `catelog_id`) VALUES (2, '基本信息', 0, '基本信息', 'xx', 225);
INSERT INTO `pms_attr_group` (`attr_group_id`, `attr_group_name`, `sort`, `descript`, `icon`, `catelog_id`) VALUES (4, '屏幕', 0, '屏幕', 'xx', 233);
INSERT INTO `pms_attr_group` (`attr_group_id`, `attr_group_name`, `sort`, `descript`, `icon`, `catelog_id`) VALUES (7, '主芯片', 0, '主芯片', 'xx', 225);
COMMIT;

-- ----------------------------
-- Table structure for pms_brand
-- ----------------------------
DROP TABLE IF EXISTS `pms_brand`;
CREATE TABLE `pms_brand` (
  `brand_id` bigint NOT NULL AUTO_INCREMENT COMMENT '品牌id',
  `name` char(50) DEFAULT NULL COMMENT '品牌名',
  `logo` varchar(2000) DEFAULT NULL COMMENT '品牌logo地址',
  `descript` longtext COMMENT '介绍',
  `show_status` tinyint DEFAULT NULL COMMENT '显示状态[0-不显示；1-显示]',
  `first_letter` char(1) DEFAULT NULL COMMENT '检索首字母',
  `sort` int DEFAULT NULL COMMENT '排序',
  PRIMARY KEY (`brand_id`)
) ENGINE=InnoDB AUTO_INCREMENT=13 DEFAULT CHARSET=utf8mb4 COLLATE=utf8mb4_0900_ai_ci COMMENT='品牌';

-- ----------------------------
-- Records of pms_brand
-- ----------------------------
BEGIN;
INSERT INTO `pms_brand` (`brand_id`, `name`, `logo`, `descript`, `show_status`, `first_letter`, `sort`) VALUES (9, '华为', 'https://gulimall-hello.oss-cn-beijing.aliyuncs.com/2019-11-18/de2426bd-a689-41d0-865a-d45d1afa7cde_huawei.png', '华为', 1, 'H', 1);
INSERT INTO `pms_brand` (`brand_id`, `name`, `logo`, `descript`, `show_status`, `first_letter`, `sort`) VALUES (10, '小米', 'https://gulimall-hello.oss-cn-beijing.aliyuncs.com/2019-11-18/1f9e6968-cf92-462e-869a-4c2331a4113f_xiaomi.png', '小米', 1, 'M', 1);
INSERT INTO `pms_brand` (`brand_id`, `name`, `logo`, `descript`, `show_status`, `first_letter`, `sort`) VALUES (11, 'oppo', 'https://gulimall-hello.oss-cn-beijing.aliyuncs.com/2019-11-18/5c8303f2-8b0c-4a5b-89a6-86513133d758_oppo.png', 'oppo', 1, 'O', 1);
INSERT INTO `pms_brand` (`brand_id`, `name`, `logo`, `descript`, `show_status`, `first_letter`, `sort`) VALUES (12, 'Apple', 'https://gulimall-hello.oss-cn-beijing.aliyuncs.com/2019-11-18/819bb0b1-3ed8-4072-8304-78811a289781_apple.png', '苹果', 1, 'A', 1);
COMMIT;

-- ----------------------------
-- Table structure for pms_category
-- ----------------------------
DROP TABLE IF EXISTS `pms_category`;
CREATE TABLE `pms_category` (
  `id` bigint NOT NULL AUTO_INCREMENT COMMENT '分类id',
  `title` char(50) CHARACTER SET utf8mb4 COLLATE utf8mb4_0900_ai_ci DEFAULT NULL COMMENT '分类名称',
  `pid` bigint DEFAULT NULL COMMENT '父分类id',
  `icon` char(255) DEFAULT NULL COMMENT '图标地址',
  `href` varchar(255) DEFAULT NULL,
  `spread` varchar(10) CHARACTER SET utf8mb4 COLLATE utf8mb4_0900_ai_ci DEFAULT NULL,
  `checked` varchar(10) CHARACTER SET utf8mb4 COLLATE utf8mb4_0900_ai_ci DEFAULT NULL,
  PRIMARY KEY (`id`) USING BTREE,
  KEY `parent_cid` (`pid`)
) ENGINE=InnoDB AUTO_INCREMENT=1435 DEFAULT CHARSET=utf8mb4 COLLATE=utf8mb4_0900_ai_ci COMMENT='商品三级分类';

-- ----------------------------
-- Records of pms_category
-- ----------------------------
BEGIN;
INSERT INTO `pms_category` (`id`, `title`, `pid`, `icon`, `href`, `spread`, `checked`) VALUES (1, 'Home', 0, NULL, NULL, NULL, NULL);
INSERT INTO `pms_category` (`id`, `title`, `pid`, `icon`, `href`, `spread`, `checked`) VALUES (2, 'Mattress', 1, NULL, NULL, NULL, NULL);
INSERT INTO `pms_category` (`id`, `title`, `pid`, `icon`, `href`, `spread`, `checked`) VALUES (3, 'Memory Form', 2, NULL, NULL, NULL, NULL);
INSERT INTO `pms_category` (`id`, `title`, `pid`, `icon`, `href`, `spread`, `checked`) VALUES (4, 'Hybird', 2, NULL, NULL, NULL, NULL);
COMMIT;

-- ----------------------------
-- Table structure for pms_category_brand_relation
-- ----------------------------
DROP TABLE IF EXISTS `pms_category_brand_relation`;
CREATE TABLE `pms_category_brand_relation` (
  `id` bigint NOT NULL AUTO_INCREMENT,
  `brand_id` bigint DEFAULT NULL COMMENT '品牌id',
  `catelog_id` bigint DEFAULT NULL COMMENT '分类id',
  `brand_name` varchar(255) DEFAULT NULL,
  `catelog_name` varchar(255) DEFAULT NULL,
  PRIMARY KEY (`id`)
) ENGINE=InnoDB AUTO_INCREMENT=28 DEFAULT CHARSET=utf8mb4 COLLATE=utf8mb4_0900_ai_ci COMMENT='品牌分类关联';

-- ----------------------------
-- Records of pms_category_brand_relation
-- ----------------------------
BEGIN;
INSERT INTO `pms_category_brand_relation` (`id`, `brand_id`, `catelog_id`, `brand_name`, `catelog_name`) VALUES (13, 9, 225, '华为', '手机');
INSERT INTO `pms_category_brand_relation` (`id`, `brand_id`, `catelog_id`, `brand_name`, `catelog_name`) VALUES (15, 9, 250, '华为', '平板电视');
INSERT INTO `pms_category_brand_relation` (`id`, `brand_id`, `catelog_id`, `brand_name`, `catelog_name`) VALUES (16, 9, 449, '华为', '笔记本');
INSERT INTO `pms_category_brand_relation` (`id`, `brand_id`, `catelog_id`, `brand_name`, `catelog_name`) VALUES (17, 10, 449, '小米', '笔记本');
INSERT INTO `pms_category_brand_relation` (`id`, `brand_id`, `catelog_id`, `brand_name`, `catelog_name`) VALUES (18, 10, 225, '小米', '手机');
INSERT INTO `pms_category_brand_relation` (`id`, `brand_id`, `catelog_id`, `brand_name`, `catelog_name`) VALUES (19, 10, 231, '小米', '移动电源');
INSERT INTO `pms_category_brand_relation` (`id`, `brand_id`, `catelog_id`, `brand_name`, `catelog_name`) VALUES (20, 10, 233, '小米', '蓝牙耳机');
INSERT INTO `pms_category_brand_relation` (`id`, `brand_id`, `catelog_id`, `brand_name`, `catelog_name`) VALUES (21, 10, 250, '小米', '平板电视');
INSERT INTO `pms_category_brand_relation` (`id`, `brand_id`, `catelog_id`, `brand_name`, `catelog_name`) VALUES (22, 10, 449, '小米', '笔记本');
INSERT INTO `pms_category_brand_relation` (`id`, `brand_id`, `catelog_id`, `brand_name`, `catelog_name`) VALUES (23, 11, 225, 'oppo', '手机');
INSERT INTO `pms_category_brand_relation` (`id`, `brand_id`, `catelog_id`, `brand_name`, `catelog_name`) VALUES (24, 11, 227, 'oppo', '合约机');
INSERT INTO `pms_category_brand_relation` (`id`, `brand_id`, `catelog_id`, `brand_name`, `catelog_name`) VALUES (25, 12, 225, 'Apple', '手机');
INSERT INTO `pms_category_brand_relation` (`id`, `brand_id`, `catelog_id`, `brand_name`, `catelog_name`) VALUES (26, 12, 243, 'Apple', 'iPhone 配件');
INSERT INTO `pms_category_brand_relation` (`id`, `brand_id`, `catelog_id`, `brand_name`, `catelog_name`) VALUES (27, 12, 366, 'Apple', '智能手表');
COMMIT;

-- ----------------------------
-- Table structure for pms_comment_replay
-- ----------------------------
DROP TABLE IF EXISTS `pms_comment_replay`;
CREATE TABLE `pms_comment_replay` (
  `id` bigint NOT NULL AUTO_INCREMENT COMMENT 'id',
  `comment_id` bigint DEFAULT NULL COMMENT '评论id',
  `reply_id` bigint DEFAULT NULL COMMENT '回复id',
  PRIMARY KEY (`id`)
) ENGINE=InnoDB DEFAULT CHARSET=utf8mb4 COLLATE=utf8mb4_0900_ai_ci COMMENT='商品评价回复关系';

-- ----------------------------
-- Records of pms_comment_replay
-- ----------------------------
BEGIN;
COMMIT;

-- ----------------------------
-- Table structure for pms_product_attr_value
-- ----------------------------
DROP TABLE IF EXISTS `pms_product_attr_value`;
CREATE TABLE `pms_product_attr_value` (
  `id` bigint NOT NULL AUTO_INCREMENT COMMENT 'id',
  `spu_id` bigint DEFAULT NULL COMMENT '商品id',
  `attr_id` bigint DEFAULT NULL COMMENT '属性id',
  `attr_name` varchar(200) DEFAULT NULL COMMENT '属性名',
  `attr_value` varchar(200) DEFAULT NULL COMMENT '属性值',
  `attr_sort` int DEFAULT NULL COMMENT '顺序',
  `quick_show` tinyint DEFAULT NULL COMMENT '快速展示【是否展示在介绍上；0-否 1-是】',
  PRIMARY KEY (`id`)
) ENGINE=InnoDB AUTO_INCREMENT=68 DEFAULT CHARSET=utf8mb4 COLLATE=utf8mb4_0900_ai_ci COMMENT='spu属性值';

-- ----------------------------
-- Records of pms_product_attr_value
-- ----------------------------
BEGIN;
INSERT INTO `pms_product_attr_value` (`id`, `spu_id`, `attr_id`, `attr_name`, `attr_value`, `attr_sort`, `quick_show`) VALUES (55, 13, 7, '入网型号', 'A2217', NULL, 0);
INSERT INTO `pms_product_attr_value` (`id`, `spu_id`, `attr_id`, `attr_name`, `attr_value`, `attr_sort`, `quick_show`) VALUES (56, 13, 8, '上市年份', '2018', NULL, 0);
INSERT INTO `pms_product_attr_value` (`id`, `spu_id`, `attr_id`, `attr_name`, `attr_value`, `attr_sort`, `quick_show`) VALUES (57, 13, 13, '机身长度（mm）', '158.3', NULL, 0);
INSERT INTO `pms_product_attr_value` (`id`, `spu_id`, `attr_id`, `attr_name`, `attr_value`, `attr_sort`, `quick_show`) VALUES (58, 13, 14, '机身材质工艺', '以官网信息为准', NULL, 0);
INSERT INTO `pms_product_attr_value` (`id`, `spu_id`, `attr_id`, `attr_name`, `attr_value`, `attr_sort`, `quick_show`) VALUES (59, 13, 15, 'CPU品牌', '以官网信息为准', NULL, 1);
INSERT INTO `pms_product_attr_value` (`id`, `spu_id`, `attr_id`, `attr_name`, `attr_value`, `attr_sort`, `quick_show`) VALUES (60, 13, 16, 'CPU型号', 'A13仿生', NULL, 1);
INSERT INTO `pms_product_attr_value` (`id`, `spu_id`, `attr_id`, `attr_name`, `attr_value`, `attr_sort`, `quick_show`) VALUES (61, 11, 7, '入网型号', 'LIO-AL00', NULL, 1);
INSERT INTO `pms_product_attr_value` (`id`, `spu_id`, `attr_id`, `attr_name`, `attr_value`, `attr_sort`, `quick_show`) VALUES (62, 11, 8, '上市年份', '2019', NULL, 0);
INSERT INTO `pms_product_attr_value` (`id`, `spu_id`, `attr_id`, `attr_name`, `attr_value`, `attr_sort`, `quick_show`) VALUES (63, 11, 11, '机身颜色', '黑色', NULL, 1);
INSERT INTO `pms_product_attr_value` (`id`, `spu_id`, `attr_id`, `attr_name`, `attr_value`, `attr_sort`, `quick_show`) VALUES (64, 11, 13, '机身长度（mm）', '158.3', NULL, 1);
INSERT INTO `pms_product_attr_value` (`id`, `spu_id`, `attr_id`, `attr_name`, `attr_value`, `attr_sort`, `quick_show`) VALUES (65, 11, 14, '机身材质工艺', '玻璃;陶瓷', NULL, 0);
INSERT INTO `pms_product_attr_value` (`id`, `spu_id`, `attr_id`, `attr_name`, `attr_value`, `attr_sort`, `quick_show`) VALUES (66, 11, 15, 'CPU品牌', '海思（Hisilicon）', NULL, 1);
INSERT INTO `pms_product_attr_value` (`id`, `spu_id`, `attr_id`, `attr_name`, `attr_value`, `attr_sort`, `quick_show`) VALUES (67, 11, 16, 'CPU型号', 'HUAWEI Kirin 970', NULL, 1);
COMMIT;

-- ----------------------------
-- Table structure for pms_sku_images
-- ----------------------------
DROP TABLE IF EXISTS `pms_sku_images`;
CREATE TABLE `pms_sku_images` (
  `id` bigint NOT NULL AUTO_INCREMENT COMMENT 'id',
  `sku_id` bigint DEFAULT NULL COMMENT 'sku_id',
  `img_url` varchar(255) DEFAULT NULL COMMENT '图片地址',
  `img_sort` int DEFAULT NULL COMMENT '排序',
  `default_img` int DEFAULT NULL COMMENT '默认图[0 - 不是默认图，1 - 是默认图]',
  PRIMARY KEY (`id`)
) ENGINE=InnoDB AUTO_INCREMENT=111 DEFAULT CHARSET=utf8mb4 COLLATE=utf8mb4_0900_ai_ci COMMENT='sku图片';

-- ----------------------------
-- Records of pms_sku_images
-- ----------------------------
BEGIN;
INSERT INTO `pms_sku_images` (`id`, `sku_id`, `img_url`, `img_sort`, `default_img`) VALUES (1, 1, 'https://gulimall-hello.oss-cn-beijing.aliyuncs.com/2019-11-26/ef2691e5-de1a-4ca3-827d-a60f39fbda93_0d40c24b264aa511.jpg', NULL, 0);
INSERT INTO `pms_sku_images` (`id`, `sku_id`, `img_url`, `img_sort`, `default_img`) VALUES (2, 1, 'https://gulimall-hello.oss-cn-beijing.aliyuncs.com/2019-11-26/20f83b0c-86ba-4a64-808a-f2ace190ea2c_1f15cdbcf9e1273c.jpg', NULL, 0);
INSERT INTO `pms_sku_images` (`id`, `sku_id`, `img_url`, `img_sort`, `default_img`) VALUES (3, 1, '', NULL, 0);
INSERT INTO `pms_sku_images` (`id`, `sku_id`, `img_url`, `img_sort`, `default_img`) VALUES (4, 1, '', NULL, 0);
INSERT INTO `pms_sku_images` (`id`, `sku_id`, `img_url`, `img_sort`, `default_img`) VALUES (5, 1, '', NULL, 0);
INSERT INTO `pms_sku_images` (`id`, `sku_id`, `img_url`, `img_sort`, `default_img`) VALUES (6, 1, '', NULL, 0);
INSERT INTO `pms_sku_images` (`id`, `sku_id`, `img_url`, `img_sort`, `default_img`) VALUES (7, 1, '', NULL, 0);
INSERT INTO `pms_sku_images` (`id`, `sku_id`, `img_url`, `img_sort`, `default_img`) VALUES (8, 1, '', NULL, 0);
INSERT INTO `pms_sku_images` (`id`, `sku_id`, `img_url`, `img_sort`, `default_img`) VALUES (9, 1, 'https://gulimall-hello.oss-cn-beijing.aliyuncs.com/2019-11-26/d12516dd-43cf-4ace-8dc9-14618d2d75e4_919c850652e98031.jpg', NULL, 0);
INSERT INTO `pms_sku_images` (`id`, `sku_id`, `img_url`, `img_sort`, `default_img`) VALUES (10, 1, 'https://gulimall-hello.oss-cn-beijing.aliyuncs.com/2019-11-26/60e65a44-f943-4ed5-87c8-8cf90f403018_d511faab82abb34b.jpg', NULL, 1);
INSERT INTO `pms_sku_images` (`id`, `sku_id`, `img_url`, `img_sort`, `default_img`) VALUES (11, 2, 'https://gulimall-hello.oss-cn-beijing.aliyuncs.com/2019-11-26/ef2691e5-de1a-4ca3-827d-a60f39fbda93_0d40c24b264aa511.jpg', NULL, 1);
INSERT INTO `pms_sku_images` (`id`, `sku_id`, `img_url`, `img_sort`, `default_img`) VALUES (12, 2, 'https://gulimall-hello.oss-cn-beijing.aliyuncs.com/2019-11-26/20f83b0c-86ba-4a64-808a-f2ace190ea2c_1f15cdbcf9e1273c.jpg', NULL, 0);
INSERT INTO `pms_sku_images` (`id`, `sku_id`, `img_url`, `img_sort`, `default_img`) VALUES (13, 2, '', NULL, 0);
INSERT INTO `pms_sku_images` (`id`, `sku_id`, `img_url`, `img_sort`, `default_img`) VALUES (14, 2, '', NULL, 0);
INSERT INTO `pms_sku_images` (`id`, `sku_id`, `img_url`, `img_sort`, `default_img`) VALUES (15, 2, '', NULL, 0);
INSERT INTO `pms_sku_images` (`id`, `sku_id`, `img_url`, `img_sort`, `default_img`) VALUES (16, 2, '', NULL, 0);
INSERT INTO `pms_sku_images` (`id`, `sku_id`, `img_url`, `img_sort`, `default_img`) VALUES (17, 2, '', NULL, 0);
INSERT INTO `pms_sku_images` (`id`, `sku_id`, `img_url`, `img_sort`, `default_img`) VALUES (18, 2, '', NULL, 0);
INSERT INTO `pms_sku_images` (`id`, `sku_id`, `img_url`, `img_sort`, `default_img`) VALUES (19, 2, '', NULL, 0);
INSERT INTO `pms_sku_images` (`id`, `sku_id`, `img_url`, `img_sort`, `default_img`) VALUES (20, 2, 'https://gulimall-hello.oss-cn-beijing.aliyuncs.com/2019-11-26/60e65a44-f943-4ed5-87c8-8cf90f403018_d511faab82abb34b.jpg', NULL, 0);
INSERT INTO `pms_sku_images` (`id`, `sku_id`, `img_url`, `img_sort`, `default_img`) VALUES (21, 3, 'https://gulimall-hello.oss-cn-beijing.aliyuncs.com/2019-11-26/ef2691e5-de1a-4ca3-827d-a60f39fbda93_0d40c24b264aa511.jpg', NULL, 1);
INSERT INTO `pms_sku_images` (`id`, `sku_id`, `img_url`, `img_sort`, `default_img`) VALUES (22, 3, '', NULL, 0);
INSERT INTO `pms_sku_images` (`id`, `sku_id`, `img_url`, `img_sort`, `default_img`) VALUES (23, 3, '', NULL, 0);
INSERT INTO `pms_sku_images` (`id`, `sku_id`, `img_url`, `img_sort`, `default_img`) VALUES (24, 3, '', NULL, 0);
INSERT INTO `pms_sku_images` (`id`, `sku_id`, `img_url`, `img_sort`, `default_img`) VALUES (25, 3, '', NULL, 0);
INSERT INTO `pms_sku_images` (`id`, `sku_id`, `img_url`, `img_sort`, `default_img`) VALUES (26, 3, 'https://gulimall-hello.oss-cn-beijing.aliyuncs.com/2019-11-26/099f297e-ddea-4fb5-87c7-78cd88e500c0_28f296629cca865e.jpg', NULL, 0);
INSERT INTO `pms_sku_images` (`id`, `sku_id`, `img_url`, `img_sort`, `default_img`) VALUES (27, 3, '', NULL, 0);
INSERT INTO `pms_sku_images` (`id`, `sku_id`, `img_url`, `img_sort`, `default_img`) VALUES (28, 3, 'https://gulimall-hello.oss-cn-beijing.aliyuncs.com/2019-11-26/7aa1019e-4e01-49dd-8ac4-7d2794d0b1a8_335b2c690e43a8f8.jpg', NULL, 0);
INSERT INTO `pms_sku_images` (`id`, `sku_id`, `img_url`, `img_sort`, `default_img`) VALUES (29, 3, '', NULL, 0);
INSERT INTO `pms_sku_images` (`id`, `sku_id`, `img_url`, `img_sort`, `default_img`) VALUES (30, 3, '', NULL, 0);
INSERT INTO `pms_sku_images` (`id`, `sku_id`, `img_url`, `img_sort`, `default_img`) VALUES (31, 4, 'https://gulimall-hello.oss-cn-beijing.aliyuncs.com/2019-11-26/ef2691e5-de1a-4ca3-827d-a60f39fbda93_0d40c24b264aa511.jpg', NULL, 1);
INSERT INTO `pms_sku_images` (`id`, `sku_id`, `img_url`, `img_sort`, `default_img`) VALUES (32, 4, '', NULL, 0);
INSERT INTO `pms_sku_images` (`id`, `sku_id`, `img_url`, `img_sort`, `default_img`) VALUES (33, 4, '', NULL, 0);
INSERT INTO `pms_sku_images` (`id`, `sku_id`, `img_url`, `img_sort`, `default_img`) VALUES (34, 4, '', NULL, 0);
INSERT INTO `pms_sku_images` (`id`, `sku_id`, `img_url`, `img_sort`, `default_img`) VALUES (35, 4, '', NULL, 0);
INSERT INTO `pms_sku_images` (`id`, `sku_id`, `img_url`, `img_sort`, `default_img`) VALUES (36, 4, 'https://gulimall-hello.oss-cn-beijing.aliyuncs.com/2019-11-26/099f297e-ddea-4fb5-87c7-78cd88e500c0_28f296629cca865e.jpg', NULL, 0);
INSERT INTO `pms_sku_images` (`id`, `sku_id`, `img_url`, `img_sort`, `default_img`) VALUES (37, 4, '', NULL, 0);
INSERT INTO `pms_sku_images` (`id`, `sku_id`, `img_url`, `img_sort`, `default_img`) VALUES (38, 4, 'https://gulimall-hello.oss-cn-beijing.aliyuncs.com/2019-11-26/7aa1019e-4e01-49dd-8ac4-7d2794d0b1a8_335b2c690e43a8f8.jpg', NULL, 0);
INSERT INTO `pms_sku_images` (`id`, `sku_id`, `img_url`, `img_sort`, `default_img`) VALUES (39, 4, '', NULL, 0);
INSERT INTO `pms_sku_images` (`id`, `sku_id`, `img_url`, `img_sort`, `default_img`) VALUES (40, 4, '', NULL, 0);
INSERT INTO `pms_sku_images` (`id`, `sku_id`, `img_url`, `img_sort`, `default_img`) VALUES (41, 5, 'https://gulimall-hello.oss-cn-beijing.aliyuncs.com/2019-11-26/ef2691e5-de1a-4ca3-827d-a60f39fbda93_0d40c24b264aa511.jpg', NULL, 1);
INSERT INTO `pms_sku_images` (`id`, `sku_id`, `img_url`, `img_sort`, `default_img`) VALUES (42, 5, 'https://gulimall-hello.oss-cn-beijing.aliyuncs.com/2019-11-26/20f83b0c-86ba-4a64-808a-f2ace190ea2c_1f15cdbcf9e1273c.jpg', NULL, 0);
INSERT INTO `pms_sku_images` (`id`, `sku_id`, `img_url`, `img_sort`, `default_img`) VALUES (43, 5, '', NULL, 0);
INSERT INTO `pms_sku_images` (`id`, `sku_id`, `img_url`, `img_sort`, `default_img`) VALUES (44, 5, 'https://gulimall-hello.oss-cn-beijing.aliyuncs.com/2019-11-26/9a6ba5c0-0a31-4364-8759-012bdfbf5ad3_3c24f9cd69534030.jpg', NULL, 0);
INSERT INTO `pms_sku_images` (`id`, `sku_id`, `img_url`, `img_sort`, `default_img`) VALUES (45, 5, 'https://gulimall-hello.oss-cn-beijing.aliyuncs.com/2019-11-26/a73ef55a-79b4-41d9-8eb6-760c8b5a33dc_23d9fbb256ea5d4a.jpg', NULL, 0);
INSERT INTO `pms_sku_images` (`id`, `sku_id`, `img_url`, `img_sort`, `default_img`) VALUES (46, 5, '', NULL, 0);
INSERT INTO `pms_sku_images` (`id`, `sku_id`, `img_url`, `img_sort`, `default_img`) VALUES (47, 5, '', NULL, 0);
INSERT INTO `pms_sku_images` (`id`, `sku_id`, `img_url`, `img_sort`, `default_img`) VALUES (48, 5, '', NULL, 0);
INSERT INTO `pms_sku_images` (`id`, `sku_id`, `img_url`, `img_sort`, `default_img`) VALUES (49, 5, '', NULL, 0);
INSERT INTO `pms_sku_images` (`id`, `sku_id`, `img_url`, `img_sort`, `default_img`) VALUES (50, 5, '', NULL, 0);
INSERT INTO `pms_sku_images` (`id`, `sku_id`, `img_url`, `img_sort`, `default_img`) VALUES (51, 6, 'https://gulimall-hello.oss-cn-beijing.aliyuncs.com/2019-11-26/ef2691e5-de1a-4ca3-827d-a60f39fbda93_0d40c24b264aa511.jpg', NULL, 1);
INSERT INTO `pms_sku_images` (`id`, `sku_id`, `img_url`, `img_sort`, `default_img`) VALUES (52, 6, '', NULL, 0);
INSERT INTO `pms_sku_images` (`id`, `sku_id`, `img_url`, `img_sort`, `default_img`) VALUES (53, 6, '', NULL, 0);
INSERT INTO `pms_sku_images` (`id`, `sku_id`, `img_url`, `img_sort`, `default_img`) VALUES (54, 6, 'https://gulimall-hello.oss-cn-beijing.aliyuncs.com/2019-11-26/9a6ba5c0-0a31-4364-8759-012bdfbf5ad3_3c24f9cd69534030.jpg', NULL, 0);
INSERT INTO `pms_sku_images` (`id`, `sku_id`, `img_url`, `img_sort`, `default_img`) VALUES (55, 6, 'https://gulimall-hello.oss-cn-beijing.aliyuncs.com/2019-11-26/a73ef55a-79b4-41d9-8eb6-760c8b5a33dc_23d9fbb256ea5d4a.jpg', NULL, 0);
INSERT INTO `pms_sku_images` (`id`, `sku_id`, `img_url`, `img_sort`, `default_img`) VALUES (56, 6, '', NULL, 0);
INSERT INTO `pms_sku_images` (`id`, `sku_id`, `img_url`, `img_sort`, `default_img`) VALUES (57, 6, '', NULL, 0);
INSERT INTO `pms_sku_images` (`id`, `sku_id`, `img_url`, `img_sort`, `default_img`) VALUES (58, 6, '', NULL, 0);
INSERT INTO `pms_sku_images` (`id`, `sku_id`, `img_url`, `img_sort`, `default_img`) VALUES (59, 6, '', NULL, 0);
INSERT INTO `pms_sku_images` (`id`, `sku_id`, `img_url`, `img_sort`, `default_img`) VALUES (60, 6, '', NULL, 0);
INSERT INTO `pms_sku_images` (`id`, `sku_id`, `img_url`, `img_sort`, `default_img`) VALUES (61, 7, '', NULL, 0);
INSERT INTO `pms_sku_images` (`id`, `sku_id`, `img_url`, `img_sort`, `default_img`) VALUES (62, 7, '', NULL, 0);
INSERT INTO `pms_sku_images` (`id`, `sku_id`, `img_url`, `img_sort`, `default_img`) VALUES (63, 7, '', NULL, 0);
INSERT INTO `pms_sku_images` (`id`, `sku_id`, `img_url`, `img_sort`, `default_img`) VALUES (64, 7, '', NULL, 0);
INSERT INTO `pms_sku_images` (`id`, `sku_id`, `img_url`, `img_sort`, `default_img`) VALUES (65, 7, '', NULL, 0);
INSERT INTO `pms_sku_images` (`id`, `sku_id`, `img_url`, `img_sort`, `default_img`) VALUES (66, 7, '', NULL, 0);
INSERT INTO `pms_sku_images` (`id`, `sku_id`, `img_url`, `img_sort`, `default_img`) VALUES (67, 7, 'https://gulimall-hello.oss-cn-beijing.aliyuncs.com/2019-11-26/38492c9f-b0e0-4cba-87a9-77cb6189ea73_73ab4d2e818d2211.jpg', NULL, 0);
INSERT INTO `pms_sku_images` (`id`, `sku_id`, `img_url`, `img_sort`, `default_img`) VALUES (68, 7, '', NULL, 0);
INSERT INTO `pms_sku_images` (`id`, `sku_id`, `img_url`, `img_sort`, `default_img`) VALUES (69, 7, 'https://gulimall-hello.oss-cn-beijing.aliyuncs.com/2019-11-26/d12516dd-43cf-4ace-8dc9-14618d2d75e4_919c850652e98031.jpg', NULL, 0);
INSERT INTO `pms_sku_images` (`id`, `sku_id`, `img_url`, `img_sort`, `default_img`) VALUES (70, 7, 'https://gulimall-hello.oss-cn-beijing.aliyuncs.com/2019-11-26/60e65a44-f943-4ed5-87c8-8cf90f403018_d511faab82abb34b.jpg', NULL, 1);
INSERT INTO `pms_sku_images` (`id`, `sku_id`, `img_url`, `img_sort`, `default_img`) VALUES (71, 8, '', NULL, 0);
INSERT INTO `pms_sku_images` (`id`, `sku_id`, `img_url`, `img_sort`, `default_img`) VALUES (72, 8, '', NULL, 0);
INSERT INTO `pms_sku_images` (`id`, `sku_id`, `img_url`, `img_sort`, `default_img`) VALUES (73, 8, '', NULL, 0);
INSERT INTO `pms_sku_images` (`id`, `sku_id`, `img_url`, `img_sort`, `default_img`) VALUES (74, 8, '', NULL, 0);
INSERT INTO `pms_sku_images` (`id`, `sku_id`, `img_url`, `img_sort`, `default_img`) VALUES (75, 8, '', NULL, 0);
INSERT INTO `pms_sku_images` (`id`, `sku_id`, `img_url`, `img_sort`, `default_img`) VALUES (76, 8, '', NULL, 0);
INSERT INTO `pms_sku_images` (`id`, `sku_id`, `img_url`, `img_sort`, `default_img`) VALUES (77, 8, 'https://gulimall-hello.oss-cn-beijing.aliyuncs.com/2019-11-26/38492c9f-b0e0-4cba-87a9-77cb6189ea73_73ab4d2e818d2211.jpg', NULL, 0);
INSERT INTO `pms_sku_images` (`id`, `sku_id`, `img_url`, `img_sort`, `default_img`) VALUES (78, 8, '', NULL, 0);
INSERT INTO `pms_sku_images` (`id`, `sku_id`, `img_url`, `img_sort`, `default_img`) VALUES (79, 8, 'https://gulimall-hello.oss-cn-beijing.aliyuncs.com/2019-11-26/d12516dd-43cf-4ace-8dc9-14618d2d75e4_919c850652e98031.jpg', NULL, 0);
INSERT INTO `pms_sku_images` (`id`, `sku_id`, `img_url`, `img_sort`, `default_img`) VALUES (80, 8, 'https://gulimall-hello.oss-cn-beijing.aliyuncs.com/2019-11-26/60e65a44-f943-4ed5-87c8-8cf90f403018_d511faab82abb34b.jpg', NULL, 1);
INSERT INTO `pms_sku_images` (`id`, `sku_id`, `img_url`, `img_sort`, `default_img`) VALUES (81, 9, 'https://gulimall-hello.oss-cn-beijing.aliyuncs.com/2019-11-27/462ef293-2b8b-4c53-85f2-1726e14dc976_23cd65077f12f7f5.jpg', NULL, 0);
INSERT INTO `pms_sku_images` (`id`, `sku_id`, `img_url`, `img_sort`, `default_img`) VALUES (82, 9, 'https://gulimall-hello.oss-cn-beijing.aliyuncs.com/2019-11-27/bc4825d6-2a6c-43f8-8d75-5f35b77b9514_a2c208410ae84d1f.jpg', NULL, 1);
INSERT INTO `pms_sku_images` (`id`, `sku_id`, `img_url`, `img_sort`, `default_img`) VALUES (83, 9, 'https://gulimall-hello.oss-cn-beijing.aliyuncs.com/2019-11-27/f968b6ac-2fca-4440-842f-8db8b76478f0_b8494bf281991f94.jpg', NULL, 0);
INSERT INTO `pms_sku_images` (`id`, `sku_id`, `img_url`, `img_sort`, `default_img`) VALUES (84, 10, 'https://gulimall-hello.oss-cn-beijing.aliyuncs.com/2019-11-27/462ef293-2b8b-4c53-85f2-1726e14dc976_23cd65077f12f7f5.jpg', NULL, 0);
INSERT INTO `pms_sku_images` (`id`, `sku_id`, `img_url`, `img_sort`, `default_img`) VALUES (85, 10, 'https://gulimall-hello.oss-cn-beijing.aliyuncs.com/2019-11-27/bc4825d6-2a6c-43f8-8d75-5f35b77b9514_a2c208410ae84d1f.jpg', NULL, 1);
INSERT INTO `pms_sku_images` (`id`, `sku_id`, `img_url`, `img_sort`, `default_img`) VALUES (86, 10, 'https://gulimall-hello.oss-cn-beijing.aliyuncs.com/2019-11-27/f968b6ac-2fca-4440-842f-8db8b76478f0_b8494bf281991f94.jpg', NULL, 0);
INSERT INTO `pms_sku_images` (`id`, `sku_id`, `img_url`, `img_sort`, `default_img`) VALUES (87, 11, 'https://gulimall-hello.oss-cn-beijing.aliyuncs.com/2019-11-27/462ef293-2b8b-4c53-85f2-1726e14dc976_23cd65077f12f7f5.jpg', NULL, 0);
INSERT INTO `pms_sku_images` (`id`, `sku_id`, `img_url`, `img_sort`, `default_img`) VALUES (88, 11, 'https://gulimall-hello.oss-cn-beijing.aliyuncs.com/2019-11-27/bc4825d6-2a6c-43f8-8d75-5f35b77b9514_a2c208410ae84d1f.jpg', NULL, 1);
INSERT INTO `pms_sku_images` (`id`, `sku_id`, `img_url`, `img_sort`, `default_img`) VALUES (89, 11, 'https://gulimall-hello.oss-cn-beijing.aliyuncs.com/2019-11-27/f968b6ac-2fca-4440-842f-8db8b76478f0_b8494bf281991f94.jpg', NULL, 0);
INSERT INTO `pms_sku_images` (`id`, `sku_id`, `img_url`, `img_sort`, `default_img`) VALUES (90, 12, 'https://gulimall-hello.oss-cn-beijing.aliyuncs.com/2019-11-27/462ef293-2b8b-4c53-85f2-1726e14dc976_23cd65077f12f7f5.jpg', NULL, 1);
INSERT INTO `pms_sku_images` (`id`, `sku_id`, `img_url`, `img_sort`, `default_img`) VALUES (91, 13, 'https://gulimall-hello.oss-cn-beijing.aliyuncs.com/2019-11-27/462ef293-2b8b-4c53-85f2-1726e14dc976_23cd65077f12f7f5.jpg', NULL, 1);
INSERT INTO `pms_sku_images` (`id`, `sku_id`, `img_url`, `img_sort`, `default_img`) VALUES (92, 14, 'https://gulimall-hello.oss-cn-beijing.aliyuncs.com/2019-11-27/462ef293-2b8b-4c53-85f2-1726e14dc976_23cd65077f12f7f5.jpg', NULL, 1);
INSERT INTO `pms_sku_images` (`id`, `sku_id`, `img_url`, `img_sort`, `default_img`) VALUES (93, 15, 'https://gulimall-hello.oss-cn-beijing.aliyuncs.com/2019-11-27/299481e9-4704-4824-8b18-60c7d268353c_7ae0120ec27dc3a7.jpg', NULL, 1);
INSERT INTO `pms_sku_images` (`id`, `sku_id`, `img_url`, `img_sort`, `default_img`) VALUES (94, 16, 'https://gulimall-hello.oss-cn-beijing.aliyuncs.com/2019-11-27/299481e9-4704-4824-8b18-60c7d268353c_7ae0120ec27dc3a7.jpg', NULL, 1);
INSERT INTO `pms_sku_images` (`id`, `sku_id`, `img_url`, `img_sort`, `default_img`) VALUES (95, 17, 'https://gulimall-hello.oss-cn-beijing.aliyuncs.com/2019-11-27/299481e9-4704-4824-8b18-60c7d268353c_7ae0120ec27dc3a7.jpg', NULL, 1);
INSERT INTO `pms_sku_images` (`id`, `sku_id`, `img_url`, `img_sort`, `default_img`) VALUES (96, 18, 'https://gulimall-hello.oss-cn-beijing.aliyuncs.com/2019-11-27/299481e9-4704-4824-8b18-60c7d268353c_7ae0120ec27dc3a7.jpg', NULL, 1);
INSERT INTO `pms_sku_images` (`id`, `sku_id`, `img_url`, `img_sort`, `default_img`) VALUES (97, 19, 'https://gulimall-hello.oss-cn-beijing.aliyuncs.com/2019-11-27/299481e9-4704-4824-8b18-60c7d268353c_7ae0120ec27dc3a7.jpg', NULL, 1);
INSERT INTO `pms_sku_images` (`id`, `sku_id`, `img_url`, `img_sort`, `default_img`) VALUES (98, 20, 'https://gulimall-hello.oss-cn-beijing.aliyuncs.com/2019-11-27/299481e9-4704-4824-8b18-60c7d268353c_7ae0120ec27dc3a7.jpg', NULL, 1);
INSERT INTO `pms_sku_images` (`id`, `sku_id`, `img_url`, `img_sort`, `default_img`) VALUES (99, 21, 'https://gulimall-hello.oss-cn-beijing.aliyuncs.com/2019-11-27/1756fa6d-1934-4d5c-8faf-84b3d882fe53_5b5e74d0978360a1.jpg', NULL, 0);
INSERT INTO `pms_sku_images` (`id`, `sku_id`, `img_url`, `img_sort`, `default_img`) VALUES (100, 21, 'https://gulimall-hello.oss-cn-beijing.aliyuncs.com/2019-11-27/e21777b3-18ac-4580-819e-497c3aa25e4f_6a1b2703a9ed8737.jpg', NULL, 1);
INSERT INTO `pms_sku_images` (`id`, `sku_id`, `img_url`, `img_sort`, `default_img`) VALUES (101, 21, 'https://gulimall-hello.oss-cn-beijing.aliyuncs.com/2019-11-27/2419c5cf-a641-4ec1-8f94-64981dc207f6_63e862164165f483.jpg', NULL, 0);
INSERT INTO `pms_sku_images` (`id`, `sku_id`, `img_url`, `img_sort`, `default_img`) VALUES (102, 22, 'https://gulimall-hello.oss-cn-beijing.aliyuncs.com/2019-11-27/1756fa6d-1934-4d5c-8faf-84b3d882fe53_5b5e74d0978360a1.jpg', NULL, 0);
INSERT INTO `pms_sku_images` (`id`, `sku_id`, `img_url`, `img_sort`, `default_img`) VALUES (103, 22, 'https://gulimall-hello.oss-cn-beijing.aliyuncs.com/2019-11-27/e21777b3-18ac-4580-819e-497c3aa25e4f_6a1b2703a9ed8737.jpg', NULL, 1);
INSERT INTO `pms_sku_images` (`id`, `sku_id`, `img_url`, `img_sort`, `default_img`) VALUES (104, 22, 'https://gulimall-hello.oss-cn-beijing.aliyuncs.com/2019-11-27/2419c5cf-a641-4ec1-8f94-64981dc207f6_63e862164165f483.jpg', NULL, 0);
INSERT INTO `pms_sku_images` (`id`, `sku_id`, `img_url`, `img_sort`, `default_img`) VALUES (105, 23, 'https://gulimall-hello.oss-cn-beijing.aliyuncs.com/2019-11-27/1756fa6d-1934-4d5c-8faf-84b3d882fe53_5b5e74d0978360a1.jpg', NULL, 0);
INSERT INTO `pms_sku_images` (`id`, `sku_id`, `img_url`, `img_sort`, `default_img`) VALUES (106, 23, 'https://gulimall-hello.oss-cn-beijing.aliyuncs.com/2019-11-27/e21777b3-18ac-4580-819e-497c3aa25e4f_6a1b2703a9ed8737.jpg', NULL, 1);
INSERT INTO `pms_sku_images` (`id`, `sku_id`, `img_url`, `img_sort`, `default_img`) VALUES (107, 23, 'https://gulimall-hello.oss-cn-beijing.aliyuncs.com/2019-11-27/2419c5cf-a641-4ec1-8f94-64981dc207f6_63e862164165f483.jpg', NULL, 0);
INSERT INTO `pms_sku_images` (`id`, `sku_id`, `img_url`, `img_sort`, `default_img`) VALUES (108, 24, 'https://gulimall-hello.oss-cn-beijing.aliyuncs.com/2019-11-27/299481e9-4704-4824-8b18-60c7d268353c_7ae0120ec27dc3a7.jpg', NULL, 1);
INSERT INTO `pms_sku_images` (`id`, `sku_id`, `img_url`, `img_sort`, `default_img`) VALUES (109, 25, 'https://gulimall-hello.oss-cn-beijing.aliyuncs.com/2019-11-27/299481e9-4704-4824-8b18-60c7d268353c_7ae0120ec27dc3a7.jpg', NULL, 1);
INSERT INTO `pms_sku_images` (`id`, `sku_id`, `img_url`, `img_sort`, `default_img`) VALUES (110, 26, 'https://gulimall-hello.oss-cn-beijing.aliyuncs.com/2019-11-27/299481e9-4704-4824-8b18-60c7d268353c_7ae0120ec27dc3a7.jpg', NULL, 1);
COMMIT;

-- ----------------------------
-- Table structure for pms_sku_info
-- ----------------------------
DROP TABLE IF EXISTS `pms_sku_info`;
CREATE TABLE `pms_sku_info` (
  `sku_id` bigint NOT NULL AUTO_INCREMENT COMMENT 'skuId',
  `spu_id` bigint DEFAULT NULL COMMENT 'spuId',
  `sku_name` varchar(255) DEFAULT NULL COMMENT 'sku名称',
  `sku_desc` varchar(2000) DEFAULT NULL COMMENT 'sku介绍描述',
  `catalog_id` bigint DEFAULT NULL COMMENT '所属分类id',
  `brand_id` bigint DEFAULT NULL COMMENT '品牌id',
  `sku_default_img` varchar(255) DEFAULT NULL COMMENT '默认图片',
  `sku_title` varchar(255) DEFAULT NULL COMMENT '标题',
  `sku_subtitle` varchar(2000) DEFAULT NULL COMMENT '副标题',
  `price` decimal(18,4) DEFAULT NULL COMMENT '价格',
  `sale_count` bigint DEFAULT NULL COMMENT '销量',
  PRIMARY KEY (`sku_id`)
) ENGINE=InnoDB AUTO_INCREMENT=27 DEFAULT CHARSET=utf8mb4 COLLATE=utf8mb4_0900_ai_ci COMMENT='sku信息';

-- ----------------------------
-- Records of pms_sku_info
-- ----------------------------
BEGIN;
INSERT INTO `pms_sku_info` (`sku_id`, `spu_id`, `sku_name`, `sku_desc`, `catalog_id`, `brand_id`, `sku_default_img`, `sku_title`, `sku_subtitle`, `price`, `sale_count`) VALUES (1, 11, '华为 HUAWEI Mate 30 Pro 星河银 8GB+256GB', NULL, 225, 9, 'https://gulimall-hello.oss-cn-beijing.aliyuncs.com/2019-11-26/60e65a44-f943-4ed5-87c8-8cf90f403018_d511faab82abb34b.jpg', '华为 HUAWEI Mate 30 Pro 星河银 8GB+256GB麒麟990旗舰芯片OLED环幕屏双4000万徕卡电影四摄4G全网通手机', '【现货抢购！享白条12期免息！】麒麟990，OLED环幕屏双4000万徕卡电影四摄；Mate30系列享12期免息》', 6299.0000, 0);
INSERT INTO `pms_sku_info` (`sku_id`, `spu_id`, `sku_name`, `sku_desc`, `catalog_id`, `brand_id`, `sku_default_img`, `sku_title`, `sku_subtitle`, `price`, `sale_count`) VALUES (2, 11, '华为 HUAWEI Mate 30 Pro 星河银 8GB+128GB', NULL, 225, 9, 'https://gulimall-hello.oss-cn-beijing.aliyuncs.com/2019-11-26/ef2691e5-de1a-4ca3-827d-a60f39fbda93_0d40c24b264aa511.jpg', '华为 HUAWEI Mate 30 Pro 星河银 8GB+128GB麒麟990旗舰芯片OLED环幕屏双4000万徕卡电影四摄4G全网通手机', '【现货抢购！享白条12期免息！】麒麟990，OLED环幕屏双4000万徕卡电影四摄；Mate30系列享12期免息》', 5799.0000, 0);
INSERT INTO `pms_sku_info` (`sku_id`, `spu_id`, `sku_name`, `sku_desc`, `catalog_id`, `brand_id`, `sku_default_img`, `sku_title`, `sku_subtitle`, `price`, `sale_count`) VALUES (3, 11, '华为 HUAWEI Mate 30 Pro 亮黑色 8GB+256GB', NULL, 225, 9, 'https://gulimall-hello.oss-cn-beijing.aliyuncs.com/2019-11-26/ef2691e5-de1a-4ca3-827d-a60f39fbda93_0d40c24b264aa511.jpg', '华为 HUAWEI Mate 30 Pro 亮黑色 8GB+256GB麒麟990旗舰芯片OLED环幕屏双4000万徕卡电影四摄4G全网通手机', '【现货抢购！享白条12期免息！】麒麟990，OLED环幕屏双4000万徕卡电影四摄；Mate30系列享12期免息》', 6299.0000, 0);
INSERT INTO `pms_sku_info` (`sku_id`, `spu_id`, `sku_name`, `sku_desc`, `catalog_id`, `brand_id`, `sku_default_img`, `sku_title`, `sku_subtitle`, `price`, `sale_count`) VALUES (4, 11, '华为 HUAWEI Mate 30 Pro 亮黑色 8GB+128GB', NULL, 225, 9, 'https://gulimall-hello.oss-cn-beijing.aliyuncs.com/2019-11-26/ef2691e5-de1a-4ca3-827d-a60f39fbda93_0d40c24b264aa511.jpg', '华为 HUAWEI Mate 30 Pro 亮黑色 8GB+128GB麒麟990旗舰芯片OLED环幕屏双4000万徕卡电影四摄4G全网通手机', '【现货抢购！享白条12期免息！】麒麟990，OLED环幕屏双4000万徕卡电影四摄；Mate30系列享12期免息》', 5799.0000, 0);
INSERT INTO `pms_sku_info` (`sku_id`, `spu_id`, `sku_name`, `sku_desc`, `catalog_id`, `brand_id`, `sku_default_img`, `sku_title`, `sku_subtitle`, `price`, `sale_count`) VALUES (5, 11, '华为 HUAWEI Mate 30 Pro 翡冷翠 8GB+256GB', NULL, 225, 9, 'https://gulimall-hello.oss-cn-beijing.aliyuncs.com/2019-11-26/ef2691e5-de1a-4ca3-827d-a60f39fbda93_0d40c24b264aa511.jpg', '华为 HUAWEI Mate 30 Pro 翡冷翠 8GB+256GB麒麟990旗舰芯片OLED环幕屏双4000万徕卡电影四摄4G全网通手机', '【现货抢购！享白条12期免息！】麒麟990，OLED环幕屏双4000万徕卡电影四摄；Mate30系列享12期免息》', 6299.0000, 0);
INSERT INTO `pms_sku_info` (`sku_id`, `spu_id`, `sku_name`, `sku_desc`, `catalog_id`, `brand_id`, `sku_default_img`, `sku_title`, `sku_subtitle`, `price`, `sale_count`) VALUES (6, 11, '华为 HUAWEI Mate 30 Pro 翡冷翠 8GB+128GB', NULL, 225, 9, 'https://gulimall-hello.oss-cn-beijing.aliyuncs.com/2019-11-26/ef2691e5-de1a-4ca3-827d-a60f39fbda93_0d40c24b264aa511.jpg', '华为 HUAWEI Mate 30 Pro 翡冷翠 8GB+128GB麒麟990旗舰芯片OLED环幕屏双4000万徕卡电影四摄4G全网通手机', '【现货抢购！享白条12期免息！】麒麟990，OLED环幕屏双4000万徕卡电影四摄；Mate30系列享12期免息》', 5799.0000, 0);
INSERT INTO `pms_sku_info` (`sku_id`, `spu_id`, `sku_name`, `sku_desc`, `catalog_id`, `brand_id`, `sku_default_img`, `sku_title`, `sku_subtitle`, `price`, `sale_count`) VALUES (7, 11, '华为 HUAWEI Mate 30 Pro 罗兰紫 8GB+256GB', NULL, 225, 9, 'https://gulimall-hello.oss-cn-beijing.aliyuncs.com/2019-11-26/60e65a44-f943-4ed5-87c8-8cf90f403018_d511faab82abb34b.jpg', '华为 HUAWEI Mate 30 Pro 罗兰紫 8GB+256GB麒麟990旗舰芯片OLED环幕屏双4000万徕卡电影四摄4G全网通手机', '【现货抢购！享白条12期免息！】麒麟990，OLED环幕屏双4000万徕卡电影四摄；Mate30系列享12期免息》', 6299.0000, 0);
INSERT INTO `pms_sku_info` (`sku_id`, `spu_id`, `sku_name`, `sku_desc`, `catalog_id`, `brand_id`, `sku_default_img`, `sku_title`, `sku_subtitle`, `price`, `sale_count`) VALUES (8, 11, '华为 HUAWEI Mate 30 Pro 罗兰紫 8GB+128GB', NULL, 225, 9, 'https://gulimall-hello.oss-cn-beijing.aliyuncs.com/2019-11-26/60e65a44-f943-4ed5-87c8-8cf90f403018_d511faab82abb34b.jpg', '华为 HUAWEI Mate 30 Pro 罗兰紫 8GB+128GB麒麟990旗舰芯片OLED环幕屏双4000万徕卡电影四摄4G全网通手机', '【现货抢购！享白条12期免息！】麒麟990，OLED环幕屏双4000万徕卡电影四摄；Mate30系列享12期免息》', 5799.0000, 0);
INSERT INTO `pms_sku_info` (`sku_id`, `spu_id`, `sku_name`, `sku_desc`, `catalog_id`, `brand_id`, `sku_default_img`, `sku_title`, `sku_subtitle`, `price`, `sale_count`) VALUES (9, 13, ' Apple iPhone 11 (A2223)  黑色 128GB ', NULL, 225, 12, 'https://gulimall-hello.oss-cn-beijing.aliyuncs.com/2019-11-27/bc4825d6-2a6c-43f8-8d75-5f35b77b9514_a2c208410ae84d1f.jpg', ' Apple iPhone 11 (A2223)  黑色 128GB 移动联通电信4G手机 双卡双待 最后几件优惠', 'iPhoneXS系列性能强劲，样样出色，现特惠来袭，低至5399元！详情请点击！', 5999.0000, 0);
INSERT INTO `pms_sku_info` (`sku_id`, `spu_id`, `sku_name`, `sku_desc`, `catalog_id`, `brand_id`, `sku_default_img`, `sku_title`, `sku_subtitle`, `price`, `sale_count`) VALUES (10, 13, ' Apple iPhone 11 (A2223)  黑色 256GB', NULL, 225, 12, 'https://gulimall-hello.oss-cn-beijing.aliyuncs.com/2019-11-27/bc4825d6-2a6c-43f8-8d75-5f35b77b9514_a2c208410ae84d1f.jpg', ' Apple iPhone 11 (A2223)  黑色 256GB 移动联通电信4G手机 双卡双待', 'iPhoneXS系列性能强劲，样样出色，现特惠来袭，低至5399元！详情请点击！', 6799.0000, 0);
INSERT INTO `pms_sku_info` (`sku_id`, `spu_id`, `sku_name`, `sku_desc`, `catalog_id`, `brand_id`, `sku_default_img`, `sku_title`, `sku_subtitle`, `price`, `sale_count`) VALUES (11, 13, ' Apple iPhone 11 (A2223)  黑色 64GB', NULL, 225, 12, 'https://gulimall-hello.oss-cn-beijing.aliyuncs.com/2019-11-27/bc4825d6-2a6c-43f8-8d75-5f35b77b9514_a2c208410ae84d1f.jpg', ' Apple iPhone 11 (A2223)  黑色 64GB  移动联通电信4G手机 双卡双待', 'iPhoneXS系列性能强劲，样样出色，现特惠来袭，低至5399元！详情请点击！', 5499.0000, 0);
INSERT INTO `pms_sku_info` (`sku_id`, `spu_id`, `sku_name`, `sku_desc`, `catalog_id`, `brand_id`, `sku_default_img`, `sku_title`, `sku_subtitle`, `price`, `sale_count`) VALUES (12, 13, ' Apple iPhone 11 (A2223)  白色 128GB ', NULL, 225, 12, 'https://gulimall-hello.oss-cn-beijing.aliyuncs.com/2019-11-27/462ef293-2b8b-4c53-85f2-1726e14dc976_23cd65077f12f7f5.jpg', ' Apple iPhone 11 (A2223)  白色 128GB  移动联通电信4G手机 双卡双待', 'iPhoneXS系列性能强劲，样样出色，现特惠来袭，低至5399元！详情请点击！', 5999.0000, 0);
INSERT INTO `pms_sku_info` (`sku_id`, `spu_id`, `sku_name`, `sku_desc`, `catalog_id`, `brand_id`, `sku_default_img`, `sku_title`, `sku_subtitle`, `price`, `sale_count`) VALUES (13, 13, ' Apple iPhone 11 (A2223)  白色 256GB', NULL, 225, 12, 'https://gulimall-hello.oss-cn-beijing.aliyuncs.com/2019-11-27/462ef293-2b8b-4c53-85f2-1726e14dc976_23cd65077f12f7f5.jpg', ' Apple iPhone 11 (A2223)  白色 256GB  移动联通电信4G手机 双卡双待', 'iPhoneXS系列性能强劲，样样出色，现特惠来袭，低至5399元！详情请点击！', 6799.0000, 0);
INSERT INTO `pms_sku_info` (`sku_id`, `spu_id`, `sku_name`, `sku_desc`, `catalog_id`, `brand_id`, `sku_default_img`, `sku_title`, `sku_subtitle`, `price`, `sale_count`) VALUES (14, 13, ' Apple iPhone 11 (A2223)  白色 64GB', NULL, 225, 12, 'https://gulimall-hello.oss-cn-beijing.aliyuncs.com/2019-11-27/462ef293-2b8b-4c53-85f2-1726e14dc976_23cd65077f12f7f5.jpg', ' Apple iPhone 11 (A2223)  白色 64GB  移动联通电信4G手机 双卡双待', 'iPhoneXS系列性能强劲，样样出色，现特惠来袭，低至5399元！详情请点击！', 5499.0000, 0);
INSERT INTO `pms_sku_info` (`sku_id`, `spu_id`, `sku_name`, `sku_desc`, `catalog_id`, `brand_id`, `sku_default_img`, `sku_title`, `sku_subtitle`, `price`, `sale_count`) VALUES (15, 13, ' Apple iPhone 11 (A2223)  绿色 128GB ', NULL, 225, 12, 'https://gulimall-hello.oss-cn-beijing.aliyuncs.com/2019-11-27/299481e9-4704-4824-8b18-60c7d268353c_7ae0120ec27dc3a7.jpg', ' Apple iPhone 11 (A2223)  绿色 128GB  移动联通电信4G手机 双卡双待', 'iPhoneXS系列性能强劲，样样出色，现特惠来袭，低至5399元！详情请点击！', 5999.0000, 0);
INSERT INTO `pms_sku_info` (`sku_id`, `spu_id`, `sku_name`, `sku_desc`, `catalog_id`, `brand_id`, `sku_default_img`, `sku_title`, `sku_subtitle`, `price`, `sale_count`) VALUES (16, 13, ' Apple iPhone 11 (A2223)  绿色 256GB', NULL, 225, 12, 'https://gulimall-hello.oss-cn-beijing.aliyuncs.com/2019-11-27/299481e9-4704-4824-8b18-60c7d268353c_7ae0120ec27dc3a7.jpg', ' Apple iPhone 11 (A2223)  绿色 256GB  移动联通电信4G手机 双卡双待', 'iPhoneXS系列性能强劲，样样出色，现特惠来袭，低至5399元！详情请点击！', 6799.0000, 0);
INSERT INTO `pms_sku_info` (`sku_id`, `spu_id`, `sku_name`, `sku_desc`, `catalog_id`, `brand_id`, `sku_default_img`, `sku_title`, `sku_subtitle`, `price`, `sale_count`) VALUES (17, 13, ' Apple iPhone 11 (A2223)  绿色 64GB', NULL, 225, 12, 'https://gulimall-hello.oss-cn-beijing.aliyuncs.com/2019-11-27/299481e9-4704-4824-8b18-60c7d268353c_7ae0120ec27dc3a7.jpg', ' Apple iPhone 11 (A2223)  绿色 64GB  移动联通电信4G手机 双卡双待', 'iPhoneXS系列性能强劲，样样出色，现特惠来袭，低至5399元！详情请点击！', 5499.0000, 0);
INSERT INTO `pms_sku_info` (`sku_id`, `spu_id`, `sku_name`, `sku_desc`, `catalog_id`, `brand_id`, `sku_default_img`, `sku_title`, `sku_subtitle`, `price`, `sale_count`) VALUES (18, 13, ' Apple iPhone 11 (A2223)  黄色 128GB ', NULL, 225, 12, 'https://gulimall-hello.oss-cn-beijing.aliyuncs.com/2019-11-27/299481e9-4704-4824-8b18-60c7d268353c_7ae0120ec27dc3a7.jpg', ' Apple iPhone 11 (A2223)  黄色 128GB  移动联通电信4G手机 双卡双待', 'iPhoneXS系列性能强劲，样样出色，现特惠来袭，低至5399元！详情请点击！', 5999.0000, 0);
INSERT INTO `pms_sku_info` (`sku_id`, `spu_id`, `sku_name`, `sku_desc`, `catalog_id`, `brand_id`, `sku_default_img`, `sku_title`, `sku_subtitle`, `price`, `sale_count`) VALUES (19, 13, ' Apple iPhone 11 (A2223)  黄色 256GB', NULL, 225, 12, 'https://gulimall-hello.oss-cn-beijing.aliyuncs.com/2019-11-27/299481e9-4704-4824-8b18-60c7d268353c_7ae0120ec27dc3a7.jpg', ' Apple iPhone 11 (A2223)  黄色 256GB  移动联通电信4G手机 双卡双待', 'iPhoneXS系列性能强劲，样样出色，现特惠来袭，低至5399元！详情请点击！', 6799.0000, 0);
INSERT INTO `pms_sku_info` (`sku_id`, `spu_id`, `sku_name`, `sku_desc`, `catalog_id`, `brand_id`, `sku_default_img`, `sku_title`, `sku_subtitle`, `price`, `sale_count`) VALUES (20, 13, ' Apple iPhone 11 (A2223)  黄色 64GB', NULL, 225, 12, 'https://gulimall-hello.oss-cn-beijing.aliyuncs.com/2019-11-27/299481e9-4704-4824-8b18-60c7d268353c_7ae0120ec27dc3a7.jpg', ' Apple iPhone 11 (A2223)  黄色 64GB  移动联通电信4G手机 双卡双待', 'iPhoneXS系列性能强劲，样样出色，现特惠来袭，低至5399元！详情请点击！', 5499.0000, 0);
INSERT INTO `pms_sku_info` (`sku_id`, `spu_id`, `sku_name`, `sku_desc`, `catalog_id`, `brand_id`, `sku_default_img`, `sku_title`, `sku_subtitle`, `price`, `sale_count`) VALUES (21, 13, ' Apple iPhone 11 (A2223)  红色 128GB ', NULL, 225, 12, 'https://gulimall-hello.oss-cn-beijing.aliyuncs.com/2019-11-27/e21777b3-18ac-4580-819e-497c3aa25e4f_6a1b2703a9ed8737.jpg', ' Apple iPhone 11 (A2223)  红色 128GB  移动联通电信4G手机 双卡双待', 'iPhoneXS系列性能强劲，样样出色，现特惠来袭，低至5399元！详情请点击！', 5999.0000, 0);
INSERT INTO `pms_sku_info` (`sku_id`, `spu_id`, `sku_name`, `sku_desc`, `catalog_id`, `brand_id`, `sku_default_img`, `sku_title`, `sku_subtitle`, `price`, `sale_count`) VALUES (22, 13, ' Apple iPhone 11 (A2223)  红色 256GB', NULL, 225, 12, 'https://gulimall-hello.oss-cn-beijing.aliyuncs.com/2019-11-27/e21777b3-18ac-4580-819e-497c3aa25e4f_6a1b2703a9ed8737.jpg', ' Apple iPhone 11 (A2223)  红色 256GB  移动联通电信4G手机 双卡双待', 'iPhoneXS系列性能强劲，样样出色，现特惠来袭，低至5399元！详情请点击！', 6799.0000, 0);
INSERT INTO `pms_sku_info` (`sku_id`, `spu_id`, `sku_name`, `sku_desc`, `catalog_id`, `brand_id`, `sku_default_img`, `sku_title`, `sku_subtitle`, `price`, `sale_count`) VALUES (23, 13, ' Apple iPhone 11 (A2223)  红色 64GB', NULL, 225, 12, 'https://gulimall-hello.oss-cn-beijing.aliyuncs.com/2019-11-27/e21777b3-18ac-4580-819e-497c3aa25e4f_6a1b2703a9ed8737.jpg', ' Apple iPhone 11 (A2223)  红色 64GB  移动联通电信4G手机 双卡双待', 'iPhoneXS系列性能强劲，样样出色，现特惠来袭，低至5399元！详情请点击！', 5499.0000, 0);
INSERT INTO `pms_sku_info` (`sku_id`, `spu_id`, `sku_name`, `sku_desc`, `catalog_id`, `brand_id`, `sku_default_img`, `sku_title`, `sku_subtitle`, `price`, `sale_count`) VALUES (24, 13, ' Apple iPhone 11 (A2223)  紫色 128GB ', NULL, 225, 12, 'https://gulimall-hello.oss-cn-beijing.aliyuncs.com/2019-11-27/299481e9-4704-4824-8b18-60c7d268353c_7ae0120ec27dc3a7.jpg', ' Apple iPhone 11 (A2223)  紫色 128GB  移动联通电信4G手机 双卡双待', 'iPhoneXS系列性能强劲，样样出色，现特惠来袭，低至5399元！详情请点击！', 5999.0000, 0);
INSERT INTO `pms_sku_info` (`sku_id`, `spu_id`, `sku_name`, `sku_desc`, `catalog_id`, `brand_id`, `sku_default_img`, `sku_title`, `sku_subtitle`, `price`, `sale_count`) VALUES (25, 13, ' Apple iPhone 11 (A2223)  紫色 256GB', NULL, 225, 12, 'https://gulimall-hello.oss-cn-beijing.aliyuncs.com/2019-11-27/299481e9-4704-4824-8b18-60c7d268353c_7ae0120ec27dc3a7.jpg', ' Apple iPhone 11 (A2223)  紫色 256GB  移动联通电信4G手机 双卡双待', 'iPhoneXS系列性能强劲，样样出色，现特惠来袭，低至5399元！详情请点击！', 6799.0000, 0);
INSERT INTO `pms_sku_info` (`sku_id`, `spu_id`, `sku_name`, `sku_desc`, `catalog_id`, `brand_id`, `sku_default_img`, `sku_title`, `sku_subtitle`, `price`, `sale_count`) VALUES (26, 13, ' Apple iPhone 11 (A2223)  紫色 64GB', NULL, 225, 12, 'https://gulimall-hello.oss-cn-beijing.aliyuncs.com/2019-11-27/299481e9-4704-4824-8b18-60c7d268353c_7ae0120ec27dc3a7.jpg', ' Apple iPhone 11 (A2223)  紫色 64GB  移动联通电信4G手机 双卡双待', 'iPhoneXS系列性能强劲，样样出色，现特惠来袭，低至5399元！详情请点击！', 5499.0000, 0);
COMMIT;

-- ----------------------------
-- Table structure for pms_sku_sale_attr_value
-- ----------------------------
DROP TABLE IF EXISTS `pms_sku_sale_attr_value`;
CREATE TABLE `pms_sku_sale_attr_value` (
  `id` bigint NOT NULL AUTO_INCREMENT COMMENT 'id',
  `sku_id` bigint DEFAULT NULL COMMENT 'sku_id',
  `attr_id` bigint DEFAULT NULL COMMENT 'attr_id',
  `attr_name` varchar(200) DEFAULT NULL COMMENT '销售属性名',
  `attr_value` varchar(200) DEFAULT NULL COMMENT '销售属性值',
  `attr_sort` int DEFAULT NULL COMMENT '顺序',
  PRIMARY KEY (`id`)
) ENGINE=InnoDB AUTO_INCREMENT=53 DEFAULT CHARSET=utf8mb4 COLLATE=utf8mb4_0900_ai_ci COMMENT='sku销售属性&值';

-- ----------------------------
-- Records of pms_sku_sale_attr_value
-- ----------------------------
BEGIN;
INSERT INTO `pms_sku_sale_attr_value` (`id`, `sku_id`, `attr_id`, `attr_name`, `attr_value`, `attr_sort`) VALUES (1, 1, 9, '颜色', '星河银', NULL);
INSERT INTO `pms_sku_sale_attr_value` (`id`, `sku_id`, `attr_id`, `attr_name`, `attr_value`, `attr_sort`) VALUES (2, 1, 12, '版本', '8GB+256GB', NULL);
INSERT INTO `pms_sku_sale_attr_value` (`id`, `sku_id`, `attr_id`, `attr_name`, `attr_value`, `attr_sort`) VALUES (3, 2, 9, '颜色', '星河银', NULL);
INSERT INTO `pms_sku_sale_attr_value` (`id`, `sku_id`, `attr_id`, `attr_name`, `attr_value`, `attr_sort`) VALUES (4, 2, 12, '版本', '8GB+128GB', NULL);
INSERT INTO `pms_sku_sale_attr_value` (`id`, `sku_id`, `attr_id`, `attr_name`, `attr_value`, `attr_sort`) VALUES (5, 3, 9, '颜色', '亮黑色', NULL);
INSERT INTO `pms_sku_sale_attr_value` (`id`, `sku_id`, `attr_id`, `attr_name`, `attr_value`, `attr_sort`) VALUES (6, 3, 12, '版本', '8GB+256GB', NULL);
INSERT INTO `pms_sku_sale_attr_value` (`id`, `sku_id`, `attr_id`, `attr_name`, `attr_value`, `attr_sort`) VALUES (7, 4, 9, '颜色', '亮黑色', NULL);
INSERT INTO `pms_sku_sale_attr_value` (`id`, `sku_id`, `attr_id`, `attr_name`, `attr_value`, `attr_sort`) VALUES (8, 4, 12, '版本', '8GB+128GB', NULL);
INSERT INTO `pms_sku_sale_attr_value` (`id`, `sku_id`, `attr_id`, `attr_name`, `attr_value`, `attr_sort`) VALUES (9, 5, 9, '颜色', '翡冷翠', NULL);
INSERT INTO `pms_sku_sale_attr_value` (`id`, `sku_id`, `attr_id`, `attr_name`, `attr_value`, `attr_sort`) VALUES (10, 5, 12, '版本', '8GB+256GB', NULL);
INSERT INTO `pms_sku_sale_attr_value` (`id`, `sku_id`, `attr_id`, `attr_name`, `attr_value`, `attr_sort`) VALUES (11, 6, 9, '颜色', '翡冷翠', NULL);
INSERT INTO `pms_sku_sale_attr_value` (`id`, `sku_id`, `attr_id`, `attr_name`, `attr_value`, `attr_sort`) VALUES (12, 6, 12, '版本', '8GB+128GB', NULL);
INSERT INTO `pms_sku_sale_attr_value` (`id`, `sku_id`, `attr_id`, `attr_name`, `attr_value`, `attr_sort`) VALUES (13, 7, 9, '颜色', '罗兰紫', NULL);
INSERT INTO `pms_sku_sale_attr_value` (`id`, `sku_id`, `attr_id`, `attr_name`, `attr_value`, `attr_sort`) VALUES (14, 7, 12, '版本', '8GB+256GB', NULL);
INSERT INTO `pms_sku_sale_attr_value` (`id`, `sku_id`, `attr_id`, `attr_name`, `attr_value`, `attr_sort`) VALUES (15, 8, 9, '颜色', '罗兰紫', NULL);
INSERT INTO `pms_sku_sale_attr_value` (`id`, `sku_id`, `attr_id`, `attr_name`, `attr_value`, `attr_sort`) VALUES (16, 8, 12, '版本', '8GB+128GB', NULL);
INSERT INTO `pms_sku_sale_attr_value` (`id`, `sku_id`, `attr_id`, `attr_name`, `attr_value`, `attr_sort`) VALUES (17, 9, 9, '颜色', '黑色', NULL);
INSERT INTO `pms_sku_sale_attr_value` (`id`, `sku_id`, `attr_id`, `attr_name`, `attr_value`, `attr_sort`) VALUES (18, 9, 12, '版本', '128GB ', NULL);
INSERT INTO `pms_sku_sale_attr_value` (`id`, `sku_id`, `attr_id`, `attr_name`, `attr_value`, `attr_sort`) VALUES (19, 10, 9, '颜色', '黑色', NULL);
INSERT INTO `pms_sku_sale_attr_value` (`id`, `sku_id`, `attr_id`, `attr_name`, `attr_value`, `attr_sort`) VALUES (20, 10, 12, '版本', '256GB', NULL);
INSERT INTO `pms_sku_sale_attr_value` (`id`, `sku_id`, `attr_id`, `attr_name`, `attr_value`, `attr_sort`) VALUES (21, 11, 9, '颜色', '黑色', NULL);
INSERT INTO `pms_sku_sale_attr_value` (`id`, `sku_id`, `attr_id`, `attr_name`, `attr_value`, `attr_sort`) VALUES (22, 11, 12, '版本', '64GB', NULL);
INSERT INTO `pms_sku_sale_attr_value` (`id`, `sku_id`, `attr_id`, `attr_name`, `attr_value`, `attr_sort`) VALUES (23, 12, 9, '颜色', '白色', NULL);
INSERT INTO `pms_sku_sale_attr_value` (`id`, `sku_id`, `attr_id`, `attr_name`, `attr_value`, `attr_sort`) VALUES (24, 12, 12, '版本', '128GB ', NULL);
INSERT INTO `pms_sku_sale_attr_value` (`id`, `sku_id`, `attr_id`, `attr_name`, `attr_value`, `attr_sort`) VALUES (25, 13, 9, '颜色', '白色', NULL);
INSERT INTO `pms_sku_sale_attr_value` (`id`, `sku_id`, `attr_id`, `attr_name`, `attr_value`, `attr_sort`) VALUES (26, 13, 12, '版本', '256GB', NULL);
INSERT INTO `pms_sku_sale_attr_value` (`id`, `sku_id`, `attr_id`, `attr_name`, `attr_value`, `attr_sort`) VALUES (27, 14, 9, '颜色', '白色', NULL);
INSERT INTO `pms_sku_sale_attr_value` (`id`, `sku_id`, `attr_id`, `attr_name`, `attr_value`, `attr_sort`) VALUES (28, 14, 12, '版本', '64GB', NULL);
INSERT INTO `pms_sku_sale_attr_value` (`id`, `sku_id`, `attr_id`, `attr_name`, `attr_value`, `attr_sort`) VALUES (29, 15, 9, '颜色', '绿色', NULL);
INSERT INTO `pms_sku_sale_attr_value` (`id`, `sku_id`, `attr_id`, `attr_name`, `attr_value`, `attr_sort`) VALUES (30, 15, 12, '版本', '128GB ', NULL);
INSERT INTO `pms_sku_sale_attr_value` (`id`, `sku_id`, `attr_id`, `attr_name`, `attr_value`, `attr_sort`) VALUES (31, 16, 9, '颜色', '绿色', NULL);
INSERT INTO `pms_sku_sale_attr_value` (`id`, `sku_id`, `attr_id`, `attr_name`, `attr_value`, `attr_sort`) VALUES (32, 16, 12, '版本', '256GB', NULL);
INSERT INTO `pms_sku_sale_attr_value` (`id`, `sku_id`, `attr_id`, `attr_name`, `attr_value`, `attr_sort`) VALUES (33, 17, 9, '颜色', '绿色', NULL);
INSERT INTO `pms_sku_sale_attr_value` (`id`, `sku_id`, `attr_id`, `attr_name`, `attr_value`, `attr_sort`) VALUES (34, 17, 12, '版本', '64GB', NULL);
INSERT INTO `pms_sku_sale_attr_value` (`id`, `sku_id`, `attr_id`, `attr_name`, `attr_value`, `attr_sort`) VALUES (35, 18, 9, '颜色', '黄色', NULL);
INSERT INTO `pms_sku_sale_attr_value` (`id`, `sku_id`, `attr_id`, `attr_name`, `attr_value`, `attr_sort`) VALUES (36, 18, 12, '版本', '128GB ', NULL);
INSERT INTO `pms_sku_sale_attr_value` (`id`, `sku_id`, `attr_id`, `attr_name`, `attr_value`, `attr_sort`) VALUES (37, 19, 9, '颜色', '黄色', NULL);
INSERT INTO `pms_sku_sale_attr_value` (`id`, `sku_id`, `attr_id`, `attr_name`, `attr_value`, `attr_sort`) VALUES (38, 19, 12, '版本', '256GB', NULL);
INSERT INTO `pms_sku_sale_attr_value` (`id`, `sku_id`, `attr_id`, `attr_name`, `attr_value`, `attr_sort`) VALUES (39, 20, 9, '颜色', '黄色', NULL);
INSERT INTO `pms_sku_sale_attr_value` (`id`, `sku_id`, `attr_id`, `attr_name`, `attr_value`, `attr_sort`) VALUES (40, 20, 12, '版本', '64GB', NULL);
INSERT INTO `pms_sku_sale_attr_value` (`id`, `sku_id`, `attr_id`, `attr_name`, `attr_value`, `attr_sort`) VALUES (41, 21, 9, '颜色', '红色', NULL);
INSERT INTO `pms_sku_sale_attr_value` (`id`, `sku_id`, `attr_id`, `attr_name`, `attr_value`, `attr_sort`) VALUES (42, 21, 12, '版本', '128GB ', NULL);
INSERT INTO `pms_sku_sale_attr_value` (`id`, `sku_id`, `attr_id`, `attr_name`, `attr_value`, `attr_sort`) VALUES (43, 22, 9, '颜色', '红色', NULL);
INSERT INTO `pms_sku_sale_attr_value` (`id`, `sku_id`, `attr_id`, `attr_name`, `attr_value`, `attr_sort`) VALUES (44, 22, 12, '版本', '256GB', NULL);
INSERT INTO `pms_sku_sale_attr_value` (`id`, `sku_id`, `attr_id`, `attr_name`, `attr_value`, `attr_sort`) VALUES (45, 23, 9, '颜色', '红色', NULL);
INSERT INTO `pms_sku_sale_attr_value` (`id`, `sku_id`, `attr_id`, `attr_name`, `attr_value`, `attr_sort`) VALUES (46, 23, 12, '版本', '64GB', NULL);
INSERT INTO `pms_sku_sale_attr_value` (`id`, `sku_id`, `attr_id`, `attr_name`, `attr_value`, `attr_sort`) VALUES (47, 24, 9, '颜色', '紫色', NULL);
INSERT INTO `pms_sku_sale_attr_value` (`id`, `sku_id`, `attr_id`, `attr_name`, `attr_value`, `attr_sort`) VALUES (48, 24, 12, '版本', '128GB ', NULL);
INSERT INTO `pms_sku_sale_attr_value` (`id`, `sku_id`, `attr_id`, `attr_name`, `attr_value`, `attr_sort`) VALUES (49, 25, 9, '颜色', '紫色', NULL);
INSERT INTO `pms_sku_sale_attr_value` (`id`, `sku_id`, `attr_id`, `attr_name`, `attr_value`, `attr_sort`) VALUES (50, 25, 12, '版本', '256GB', NULL);
INSERT INTO `pms_sku_sale_attr_value` (`id`, `sku_id`, `attr_id`, `attr_name`, `attr_value`, `attr_sort`) VALUES (51, 26, 9, '颜色', '紫色', NULL);
INSERT INTO `pms_sku_sale_attr_value` (`id`, `sku_id`, `attr_id`, `attr_name`, `attr_value`, `attr_sort`) VALUES (52, 26, 12, '版本', '64GB', NULL);
COMMIT;

-- ----------------------------
-- Table structure for pms_spu_comment
-- ----------------------------
DROP TABLE IF EXISTS `pms_spu_comment`;
CREATE TABLE `pms_spu_comment` (
  `id` bigint NOT NULL AUTO_INCREMENT COMMENT 'id',
  `sku_id` bigint DEFAULT NULL COMMENT 'sku_id',
  `spu_id` bigint DEFAULT NULL COMMENT 'spu_id',
  `spu_name` varchar(255) DEFAULT NULL COMMENT '商品名字',
  `member_nick_name` varchar(255) DEFAULT NULL COMMENT '会员昵称',
  `star` tinyint(1) DEFAULT NULL COMMENT '星级',
  `member_ip` varchar(64) DEFAULT NULL COMMENT '会员ip',
  `create_time` datetime DEFAULT NULL COMMENT '创建时间',
  `show_status` tinyint(1) DEFAULT NULL COMMENT '显示状态[0-不显示，1-显示]',
  `spu_attributes` varchar(255) DEFAULT NULL COMMENT '购买时属性组合',
  `likes_count` int DEFAULT NULL COMMENT '点赞数',
  `reply_count` int DEFAULT NULL COMMENT '回复数',
  `resources` varchar(1000) DEFAULT NULL COMMENT '评论图片/视频[json数据；[{type:文件类型,url:资源路径}]]',
  `content` text COMMENT '内容',
  `member_icon` varchar(255) DEFAULT NULL COMMENT '用户头像',
  `comment_type` tinyint DEFAULT NULL COMMENT '评论类型[0 - 对商品的直接评论，1 - 对评论的回复]',
  PRIMARY KEY (`id`)
) ENGINE=InnoDB DEFAULT CHARSET=utf8mb4 COLLATE=utf8mb4_0900_ai_ci COMMENT='商品评价';

-- ----------------------------
-- Records of pms_spu_comment
-- ----------------------------
BEGIN;
COMMIT;

-- ----------------------------
-- Table structure for pms_spu_images
-- ----------------------------
DROP TABLE IF EXISTS `pms_spu_images`;
CREATE TABLE `pms_spu_images` (
  `id` bigint NOT NULL AUTO_INCREMENT COMMENT 'id',
  `spu_id` bigint DEFAULT NULL COMMENT 'spu_id',
  `img_name` varchar(200) DEFAULT NULL COMMENT '图片名',
  `img_url` varchar(255) DEFAULT NULL COMMENT '图片地址',
  `img_sort` int DEFAULT NULL COMMENT '顺序',
  `default_img` tinyint DEFAULT NULL COMMENT '是否默认图',
  PRIMARY KEY (`id`)
) ENGINE=InnoDB AUTO_INCREMENT=95 DEFAULT CHARSET=utf8mb4 COLLATE=utf8mb4_0900_ai_ci COMMENT='spu图片';

-- ----------------------------
-- Records of pms_spu_images
-- ----------------------------
BEGIN;
INSERT INTO `pms_spu_images` (`id`, `spu_id`, `img_name`, `img_url`, `img_sort`, `default_img`) VALUES (71, 11, NULL, 'https://gulimall-hello.oss-cn-beijing.aliyuncs.com/2019-11-26/ef2691e5-de1a-4ca3-827d-a60f39fbda93_0d40c24b264aa511.jpg', NULL, NULL);
INSERT INTO `pms_spu_images` (`id`, `spu_id`, `img_name`, `img_url`, `img_sort`, `default_img`) VALUES (72, 11, NULL, 'https://gulimall-hello.oss-cn-beijing.aliyuncs.com/2019-11-26/20f83b0c-86ba-4a64-808a-f2ace190ea2c_1f15cdbcf9e1273c.jpg', NULL, NULL);
INSERT INTO `pms_spu_images` (`id`, `spu_id`, `img_name`, `img_url`, `img_sort`, `default_img`) VALUES (73, 11, NULL, 'https://gulimall-hello.oss-cn-beijing.aliyuncs.com/2019-11-26/89e324b9-d0cf-4f4f-8e81-94bb219910b3_2b1837c6c50add30.jpg', NULL, NULL);
INSERT INTO `pms_spu_images` (`id`, `spu_id`, `img_name`, `img_url`, `img_sort`, `default_img`) VALUES (74, 11, NULL, 'https://gulimall-hello.oss-cn-beijing.aliyuncs.com/2019-11-26/9a6ba5c0-0a31-4364-8759-012bdfbf5ad3_3c24f9cd69534030.jpg', NULL, NULL);
INSERT INTO `pms_spu_images` (`id`, `spu_id`, `img_name`, `img_url`, `img_sort`, `default_img`) VALUES (75, 11, NULL, 'https://gulimall-hello.oss-cn-beijing.aliyuncs.com/2019-11-26/a73ef55a-79b4-41d9-8eb6-760c8b5a33dc_23d9fbb256ea5d4a.jpg', NULL, NULL);
INSERT INTO `pms_spu_images` (`id`, `spu_id`, `img_name`, `img_url`, `img_sort`, `default_img`) VALUES (76, 11, NULL, 'https://gulimall-hello.oss-cn-beijing.aliyuncs.com/2019-11-26/099f297e-ddea-4fb5-87c7-78cd88e500c0_28f296629cca865e.jpg', NULL, NULL);
INSERT INTO `pms_spu_images` (`id`, `spu_id`, `img_name`, `img_url`, `img_sort`, `default_img`) VALUES (77, 11, NULL, 'https://gulimall-hello.oss-cn-beijing.aliyuncs.com/2019-11-26/38492c9f-b0e0-4cba-87a9-77cb6189ea73_73ab4d2e818d2211.jpg', NULL, NULL);
INSERT INTO `pms_spu_images` (`id`, `spu_id`, `img_name`, `img_url`, `img_sort`, `default_img`) VALUES (78, 11, NULL, 'https://gulimall-hello.oss-cn-beijing.aliyuncs.com/2019-11-26/7aa1019e-4e01-49dd-8ac4-7d2794d0b1a8_335b2c690e43a8f8.jpg', NULL, NULL);
INSERT INTO `pms_spu_images` (`id`, `spu_id`, `img_name`, `img_url`, `img_sort`, `default_img`) VALUES (79, 11, NULL, 'https://gulimall-hello.oss-cn-beijing.aliyuncs.com/2019-11-26/d12516dd-43cf-4ace-8dc9-14618d2d75e4_919c850652e98031.jpg', NULL, NULL);
INSERT INTO `pms_spu_images` (`id`, `spu_id`, `img_name`, `img_url`, `img_sort`, `default_img`) VALUES (80, 11, NULL, 'https://gulimall-hello.oss-cn-beijing.aliyuncs.com/2019-11-26/60e65a44-f943-4ed5-87c8-8cf90f403018_d511faab82abb34b.jpg', NULL, NULL);
INSERT INTO `pms_spu_images` (`id`, `spu_id`, `img_name`, `img_url`, `img_sort`, `default_img`) VALUES (88, 13, NULL, 'https://gulimall-hello.oss-cn-beijing.aliyuncs.com/2019-11-27/1756fa6d-1934-4d5c-8faf-84b3d882fe53_5b5e74d0978360a1.jpg', NULL, NULL);
INSERT INTO `pms_spu_images` (`id`, `spu_id`, `img_name`, `img_url`, `img_sort`, `default_img`) VALUES (89, 13, NULL, 'https://gulimall-hello.oss-cn-beijing.aliyuncs.com/2019-11-27/299481e9-4704-4824-8b18-60c7d268353c_7ae0120ec27dc3a7.jpg', NULL, NULL);
INSERT INTO `pms_spu_images` (`id`, `spu_id`, `img_name`, `img_url`, `img_sort`, `default_img`) VALUES (90, 13, NULL, 'https://gulimall-hello.oss-cn-beijing.aliyuncs.com/2019-11-27/462ef293-2b8b-4c53-85f2-1726e14dc976_23cd65077f12f7f5.jpg', NULL, NULL);
INSERT INTO `pms_spu_images` (`id`, `spu_id`, `img_name`, `img_url`, `img_sort`, `default_img`) VALUES (91, 13, NULL, 'https://gulimall-hello.oss-cn-beijing.aliyuncs.com/2019-11-27/bc4825d6-2a6c-43f8-8d75-5f35b77b9514_a2c208410ae84d1f.jpg', NULL, NULL);
INSERT INTO `pms_spu_images` (`id`, `spu_id`, `img_name`, `img_url`, `img_sort`, `default_img`) VALUES (92, 13, NULL, 'https://gulimall-hello.oss-cn-beijing.aliyuncs.com/2019-11-27/f968b6ac-2fca-4440-842f-8db8b76478f0_b8494bf281991f94.jpg', NULL, NULL);
INSERT INTO `pms_spu_images` (`id`, `spu_id`, `img_name`, `img_url`, `img_sort`, `default_img`) VALUES (93, 13, NULL, 'https://gulimall-hello.oss-cn-beijing.aliyuncs.com/2019-11-27/e21777b3-18ac-4580-819e-497c3aa25e4f_6a1b2703a9ed8737.jpg', NULL, NULL);
INSERT INTO `pms_spu_images` (`id`, `spu_id`, `img_name`, `img_url`, `img_sort`, `default_img`) VALUES (94, 13, NULL, 'https://gulimall-hello.oss-cn-beijing.aliyuncs.com/2019-11-27/2419c5cf-a641-4ec1-8f94-64981dc207f6_63e862164165f483.jpg', NULL, NULL);
COMMIT;

-- ----------------------------
-- Table structure for pms_spu_info
-- ----------------------------
DROP TABLE IF EXISTS `pms_spu_info`;
CREATE TABLE `pms_spu_info` (
  `id` bigint NOT NULL AUTO_INCREMENT COMMENT '商品id',
  `spu_name` varchar(200) DEFAULT NULL COMMENT '商品名称',
  `spu_description` varchar(1000) DEFAULT NULL COMMENT '商品描述',
  `catalog_id` bigint DEFAULT NULL COMMENT '所属分类id',
  `brand_id` bigint DEFAULT NULL COMMENT '品牌id',
  `weight` decimal(18,4) DEFAULT NULL,
  `publish_status` tinyint DEFAULT NULL COMMENT '上架状态[0 - 下架，1 - 上架]',
  `create_time` datetime DEFAULT NULL,
  `update_time` datetime DEFAULT NULL,
  PRIMARY KEY (`id`)
) ENGINE=InnoDB AUTO_INCREMENT=14 DEFAULT CHARSET=utf8mb4 COLLATE=utf8mb4_0900_ai_ci COMMENT='spu信息';

-- ----------------------------
-- Records of pms_spu_info
-- ----------------------------
BEGIN;
INSERT INTO `pms_spu_info` (`id`, `spu_name`, `spu_description`, `catalog_id`, `brand_id`, `weight`, `publish_status`, `create_time`, `update_time`) VALUES (11, '华为 HUAWEI Mate 30 Pro', '华为 HUAWEI Mate 30 Pro', 225, 9, 0.1980, 1, '2019-11-26 10:10:57', '2019-12-15 23:04:16');
INSERT INTO `pms_spu_info` (`id`, `spu_name`, `spu_description`, `catalog_id`, `brand_id`, `weight`, `publish_status`, `create_time`, `update_time`) VALUES (13, ' Apple iPhone 11 (A2223) ', ' Apple iPhone 11 (A2223) ', 225, 12, 0.1940, 1, '2019-11-27 05:37:30', '2019-12-15 23:25:19');
COMMIT;

-- ----------------------------
-- Table structure for pms_spu_info_desc
-- ----------------------------
DROP TABLE IF EXISTS `pms_spu_info_desc`;
CREATE TABLE `pms_spu_info_desc` (
  `spu_id` bigint NOT NULL COMMENT '商品id',
  `decript` longtext COMMENT '商品介绍',
  PRIMARY KEY (`spu_id`)
) ENGINE=InnoDB DEFAULT CHARSET=utf8mb4 COLLATE=utf8mb4_0900_ai_ci COMMENT='spu信息介绍';

-- ----------------------------
-- Records of pms_spu_info_desc
-- ----------------------------
BEGIN;
INSERT INTO `pms_spu_info_desc` (`spu_id`, `decript`) VALUES (11, 'https://gulimall-hello.oss-cn-beijing.aliyuncs.com/2019-11-26/702b76e6-ce3e-4268-8216-a12db5607347_73366cc235d68202.jpg,https://gulimall-hello.oss-cn-beijing.aliyuncs.com/2019-11-26/38956d81-5dff-4abd-8ce8-144908e869d8_528211b97272d88a.jpg');
INSERT INTO `pms_spu_info_desc` (`spu_id`, `decript`) VALUES (13, 'https://gulimall-hello.oss-cn-beijing.aliyuncs.com/2019-11-27/ffc5a377-b037-4f26-84a0-df5b1c7cf42d_f205d9c99a2b4b01.jpg');
COMMIT;

-- ----------------------------
-- Table structure for product_comment
-- ----------------------------
DROP TABLE IF EXISTS `product_comment`;
CREATE TABLE `product_comment` (
  `comment_id` int unsigned NOT NULL AUTO_INCREMENT COMMENT '评论ID',
  `good_id` int unsigned NOT NULL COMMENT '商品ID',
  `order_id` bigint unsigned NOT NULL COMMENT '订单ID',
  `userInfo_UUID` int unsigned NOT NULL COMMENT '用户ID',
  `title` varchar(50) CHARACTER SET utf8mb4 COLLATE utf8mb4_bin NOT NULL COMMENT '评论标题',
  `content` varchar(300) CHARACTER SET utf8mb4 COLLATE utf8mb4_bin NOT NULL COMMENT '评论内容',
  `audit_status` tinyint NOT NULL COMMENT '审核状态：0未审核，1已审核',
  `audit_time` timestamp NOT NULL DEFAULT CURRENT_TIMESTAMP ON UPDATE CURRENT_TIMESTAMP COMMENT '评论时间',
  `modified_time` timestamp NOT NULL DEFAULT CURRENT_TIMESTAMP ON UPDATE CURRENT_TIMESTAMP COMMENT '最后修改时间',
  PRIMARY KEY (`comment_id`) USING BTREE
) ENGINE=InnoDB DEFAULT CHARSET=utf8mb4 COLLATE=utf8mb4_bin COMMENT='商品评论表';

-- ----------------------------
-- Records of product_comment
-- ----------------------------
BEGIN;
COMMIT;

-- ----------------------------
-- Table structure for rule
-- ----------------------------
DROP TABLE IF EXISTS `rule`;
CREATE TABLE `rule` (
  `rule_id` int NOT NULL AUTO_INCREMENT COMMENT '主键',
  `name` varchar(50) CHARACTER SET utf8 COLLATE utf8_general_ci NOT NULL COMMENT '规则名称',
  `type` int NOT NULL COMMENT '优惠卷类型, 0-满减, 1-折扣 2—直减',
  `create_time` timestamp NOT NULL DEFAULT CURRENT_TIMESTAMP,
  `modified_time` timestamp NOT NULL DEFAULT CURRENT_TIMESTAMP ON UPDATE CURRENT_TIMESTAMP,
  `receive_started_at` timestamp NOT NULL DEFAULT CURRENT_TIMESTAMP COMMENT '领取开始时间 \n',
  `receive_ended_at` timestamp NOT NULL DEFAULT CURRENT_TIMESTAMP COMMENT '领取结束时间 \n',
  `use_started_at` timestamp NOT NULL DEFAULT CURRENT_TIMESTAMP COMMENT '使用开始时间',
  `use_ended_at` timestamp NOT NULL DEFAULT CURRENT_TIMESTAMP COMMENT '使用结束时间',
  `amount` decimal(10,2) DEFAULT '0.00' COMMENT '优惠金额',
  `threshold` decimal(10,2) DEFAULT '0.00' COMMENT '门槛',
  `receive_count` int DEFAULT NULL COMMENT '每个用户可以领取的数量',
  `use_range` int DEFAULT NULL COMMENT '使用范围，0—全场，1—商品 ',
  `goods_list` varchar(255) CHARACTER SET utf8 COLLATE utf8_general_ci DEFAULT NULL,
  `discount` decimal(10,2) DEFAULT '0.00',
  PRIMARY KEY (`rule_id`) USING BTREE
) ENGINE=InnoDB AUTO_INCREMENT=21 DEFAULT CHARSET=utf8mb3;

-- ----------------------------
-- Records of rule
-- ----------------------------
BEGIN;
INSERT INTO `rule` (`rule_id`, `name`, `type`, `create_time`, `modified_time`, `receive_started_at`, `receive_ended_at`, `use_started_at`, `use_ended_at`, `amount`, `threshold`, `receive_count`, `use_range`, `goods_list`, `discount`) VALUES (13, '打折券001', 1, '2022-12-12 06:17:02', '2022-12-14 13:50:05', '2022-12-11 00:00:00', '2022-12-18 00:00:00', '2022-12-12 00:00:00', '2022-12-18 00:00:00', 0.00, 0.00, 1, 0, '[]', 9.00);
INSERT INTO `rule` (`rule_id`, `name`, `type`, `create_time`, `modified_time`, `receive_started_at`, `receive_ended_at`, `use_started_at`, `use_ended_at`, `amount`, `threshold`, `receive_count`, `use_range`, `goods_list`, `discount`) VALUES (14, '直减10', 2, '2022-12-12 06:19:12', '2022-12-14 13:50:15', '2022-12-11 00:00:00', '2022-12-18 00:00:00', '2022-12-12 00:00:00', '2022-12-18 00:00:00', 10.00, 0.00, 1, 0, '[]', 0.00);
INSERT INTO `rule` (`rule_id`, `name`, `type`, `create_time`, `modified_time`, `receive_started_at`, `receive_ended_at`, `use_started_at`, `use_ended_at`, `amount`, `threshold`, `receive_count`, `use_range`, `goods_list`, `discount`) VALUES (15, '满50减5--001', 0, '2022-12-12 06:19:50', '2022-12-14 13:50:15', '2022-12-11 00:00:00', '2022-12-18 00:00:00', '2022-12-11 00:00:00', '2022-12-18 00:00:00', 5.00, 50.00, 1, 0, '[]', 0.00);
INSERT INTO `rule` (`rule_id`, `name`, `type`, `create_time`, `modified_time`, `receive_started_at`, `receive_ended_at`, `use_started_at`, `use_ended_at`, `amount`, `threshold`, `receive_count`, `use_range`, `goods_list`, `discount`) VALUES (18, '商品直减10', 2, '2022-12-12 06:21:10', '2022-12-14 13:50:15', '2022-12-11 00:00:00', '2022-12-18 00:00:00', '2022-12-11 00:00:00', '2022-12-18 00:00:00', 10.00, 0.00, 1, 1, '[42,43]', 0.00);
INSERT INTO `rule` (`rule_id`, `name`, `type`, `create_time`, `modified_time`, `receive_started_at`, `receive_ended_at`, `use_started_at`, `use_ended_at`, `amount`, `threshold`, `receive_count`, `use_range`, `goods_list`, `discount`) VALUES (19, '商品折扣9折--001', 1, '2022-12-12 06:21:49', '2022-12-14 13:50:15', '2022-12-11 00:00:00', '2022-12-18 00:00:00', '2022-12-12 00:00:00', '2022-12-18 00:00:00', 0.00, 0.00, 1, 1, '[42,44]', 9.00);
INSERT INTO `rule` (`rule_id`, `name`, `type`, `create_time`, `modified_time`, `receive_started_at`, `receive_ended_at`, `use_started_at`, `use_ended_at`, `amount`, `threshold`, `receive_count`, `use_range`, `goods_list`, `discount`) VALUES (20, '商品满减001', 0, '2022-12-12 06:22:39', '2022-12-14 13:50:15', '2022-12-11 00:00:00', '2022-12-18 00:00:00', '2022-12-11 00:00:00', '2022-12-18 00:00:00', 1.00, 50.00, 1, 1, '[44,45]', 0.00);
COMMIT;

-- ----------------------------
-- Table structure for schedule_task
-- ----------------------------
DROP TABLE IF EXISTS `schedule_task`;
CREATE TABLE `schedule_task` (
  `id` int NOT NULL AUTO_INCREMENT,
  `desc_txt` varchar(255) CHARACTER SET utf8mb4 COLLATE utf8mb4_bin DEFAULT NULL,
  `cron` varchar(255) CHARACTER SET utf8mb4 COLLATE utf8mb4_bin DEFAULT NULL,
  `status` enum('create','running','stop') CHARACTER SET utf8mb4 COLLATE utf8mb4_bin DEFAULT 'create',
  `deleted` tinyint DEFAULT NULL,
  `exe_class` varchar(255) CHARACTER SET utf8mb4 COLLATE utf8mb4_bin DEFAULT NULL,
  `params` varchar(255) CHARACTER SET utf8mb4 COLLATE utf8mb4_bin DEFAULT NULL,
  `create_time` timestamp NULL DEFAULT CURRENT_TIMESTAMP,
  `update_time` timestamp NULL DEFAULT CURRENT_TIMESTAMP ON UPDATE CURRENT_TIMESTAMP,
  PRIMARY KEY (`id`)
) ENGINE=InnoDB AUTO_INCREMENT=3 DEFAULT CHARSET=utf8mb3 COLLATE=utf8_bin;

-- ----------------------------
-- Records of schedule_task
-- ----------------------------
BEGIN;
COMMIT;

-- ----------------------------
-- Table structure for specification
-- ----------------------------
DROP TABLE IF EXISTS `specification`;
CREATE TABLE `specification` (
  `id` int unsigned NOT NULL AUTO_INCREMENT,
  `title` varchar(20) CHARACTER SET utf8mb4 COLLATE utf8mb4_bin DEFAULT NULL,
  `name` varchar(30) COLLATE utf8mb4_bin DEFAULT NULL,
  PRIMARY KEY (`id`)
) ENGINE=InnoDB AUTO_INCREMENT=7 DEFAULT CHARSET=utf8mb4 COLLATE=utf8mb4_bin;

-- ----------------------------
-- Records of specification
-- ----------------------------
BEGIN;
COMMIT;

-- ----------------------------
-- Table structure for suggestion
-- ----------------------------
DROP TABLE IF EXISTS `suggestion`;
CREATE TABLE `suggestion` (
  `suggest_id` varchar(40) CHARACTER SET utf8mb4 COLLATE utf8mb4_bin NOT NULL,
  `content` longtext CHARACTER SET utf8mb4 COLLATE utf8mb4_bin,
  `create_time` timestamp NULL DEFAULT CURRENT_TIMESTAMP,
  `customer_id` int DEFAULT NULL,
  `modified_time` timestamp NULL DEFAULT CURRENT_TIMESTAMP ON UPDATE CURRENT_TIMESTAMP,
  `reply_content` varchar(255) CHARACTER SET utf8mb4 COLLATE utf8mb4_bin DEFAULT '-1',
  `status` int DEFAULT '1',
  PRIMARY KEY (`suggest_id`)
) ENGINE=InnoDB DEFAULT CHARSET=utf8mb4 COLLATE=utf8mb4_bin;

-- ----------------------------
-- Records of suggestion
-- ----------------------------
BEGIN;
INSERT INTO `suggestion` (`suggest_id`, `content`, `create_time`, `customer_id`, `modified_time`, `reply_content`, `status`) VALUES ('20221215132309', 'Hellas你\nnjhdjsjjdsnjasdjkasd\nsadnjkasdnjsa', '2022-12-15 13:23:09', 12, '2022-12-15 13:39:44', '你好dfsfasjkhdas', 2);
INSERT INTO `suggestion` (`suggest_id`, `content`, `create_time`, `customer_id`, `modified_time`, `reply_content`, `status`) VALUES ('20221215132728', 'helllo', '2022-12-15 13:27:28', 12, '2022-12-15 13:27:28', '-1', 1);
COMMIT;

-- ----------------------------
-- Table structure for wx_info
-- ----------------------------
DROP TABLE IF EXISTS `wx_info`;
CREATE TABLE `wx_info` (
  `wx_id` int NOT NULL AUTO_INCREMENT,
  `appid` varchar(50) COLLATE utf8mb4_bin DEFAULT NULL,
  `appSecret` varchar(200) CHARACTER SET utf8mb4 COLLATE utf8mb4_bin DEFAULT NULL,
  `originalID` varchar(50) COLLATE utf8mb4_bin DEFAULT NULL,
  `name` varchar(20) CHARACTER SET utf8mb4 COLLATE utf8mb4_bin DEFAULT NULL,
  PRIMARY KEY (`wx_id`)
) ENGINE=InnoDB AUTO_INCREMENT=2 DEFAULT CHARSET=utf8mb4 COLLATE=utf8mb4_bin;

-- ----------------------------
-- Records of wx_info
-- ----------------------------
BEGIN;
INSERT INTO `wx_info` (`wx_id`, `appid`, `appSecret`, `originalID`, `name`) VALUES (1, 'wx702d1ebb3c60dca3', '466ff3c7a949f15eff5f209b2bf2ef6d', 'gh_8ccd49ff24b3', '橘作坊');
COMMIT;

-- ----------------------------
-- View structure for view_order_full
-- ----------------------------
DROP VIEW IF EXISTS `view_order_full`;
CREATE ALGORITHM = UNDEFINED SQL SECURITY DEFINER VIEW `view_order_full` AS select `order_detail`.`good_id` AS `good_id`,`order_detail`.`good_name` AS `good_name`,`order_detail`.`good_cnt` AS `good_cnt`,`order_detail`.`good_price` AS `good_price`,`order_detail`.`average_cost` AS `average_cost`,`order_detail`.`weight` AS `weight`,`order_detail`.`w_id` AS `w_id`,`order_master`.`order_id` AS `order_id`,`order_master`.`order_sn` AS `order_sn`,`order_master`.`customer_id` AS `customer_id`,`order_master`.`payment_method` AS `payment_method`,`order_master`.`order_money` AS `order_money`,`order_master`.`district_money` AS `district_money`,`order_master`.`shipping_money` AS `shipping_money`,`order_master`.`payment_money` AS `payment_money`,`order_master`.`shipping_comp_name` AS `shipping_comp_name`,`order_master`.`shipping_sn` AS `shipping_sn`,`order_master`.`create_time` AS `create_time`,`order_master`.`shipping_time` AS `shipping_time`,`order_master`.`pay_time` AS `pay_time`,`order_master`.`receive_time` AS `receive_time`,`order_master`.`order_status` AS `order_status`,`order_master`.`order_point` AS `order_point`,`order_master`.`invoice_time` AS `invoice_time`,`order_master`.`modified_time` AS `modified_time`,`order_master`.`order_detail_id` AS `order_detail_id`,`order_detail`.`fee_money` AS `fee_money`,`order_detail`.`memo` AS `memo`,`order_master`.`customer_addr_id` AS `customer_addr_id` from (`order_detail` join `order_master`) where (`order_detail`.`order_detail_id` = `order_master`.`order_detail_id`);

SET FOREIGN_KEY_CHECKS = 1;
